min_level,start_time,daily_mission_id,category_icon,system_id,mission_condition,disp_group,max_level,condition_value_2,end_time,description,mission_reward_id,condition_value_1,condition_num,visible_flag,condition_value_3,title_color_id
0,2020/01/01 0:00:00,11001001,200,101,1008,1,0,0,2020/05/26 4:59:59,通关主线或活动关卡10次吧,11001001,0,10,1,0,0
0,2020/01/01 0:00:00,11001002,200,101,1008,1,0,0,2020/05/26 4:59:59,通关主线或活动关卡20次吧,11001002,0,20,1,0,0
0,2020/05/26 5:00:00,11001003,200,101,1008,1,0,0,2020/06/02 4:59:59,通关主线或活动关卡10次吧,11001003,0,10,1,0,0
0,2020/05/26 5:00:00,11001004,200,101,1008,1,0,0,2020/06/02 4:59:59,通关主线或活动关卡20次吧,11001004,0,20,1,0,0
0,2020/06/02 5:00:00,11001005,200,101,1008,1,0,0,2020/06/25 4:59:59,通关主线或活动关卡10次吧,11001001,0,10,1,0,0
0,2020/06/02 5:00:00,11001006,200,101,1008,1,0,0,2020/06/25 4:59:59,通关主线或活动关卡20次吧,11001002,0,20,1,0,0
0,2020/06/25 5:00:00,11001007,200,101,1008,1,0,0,2020/06/30 4:59:59,通关主线或活动关卡10次吧,11001003,0,10,1,0,0
0,2020/06/25 5:00:00,11001008,200,101,1008,1,0,0,2020/06/30 4:59:59,通关主线或活动关卡20次吧,11001004,0,20,1,0,0
0,2020/06/30 5:00:00,11001009,200,101,1008,1,0,0,2020/07/23 4:59:59,通关主线或活动关卡10次吧,11001001,0,10,1,0,0
0,2020/06/30 5:00:00,11001010,200,101,1008,1,0,0,2020/07/23 4:59:59,通关主线或活动关卡20次吧,11001002,0,20,1,0,0
0,2020/07/23 5:00:00,11001011,200,101,1008,1,0,0,2020/07/28 4:59:59,通关主线或活动关卡10次吧,11001003,0,10,1,0,0
0,2020/07/23 5:00:00,11001012,200,101,1008,1,0,0,2020/07/28 4:59:59,通关主线或活动关卡20次吧,11001004,0,20,1,0,0
0,2020/07/28 5:00:00,11001013,200,101,1008,1,0,0,2020/08/20 4:59:59,通关主线或活动关卡10次吧,11001001,0,10,1,0,0
0,2020/07/28 5:00:00,11001014,200,101,1008,1,0,0,2020/08/20 4:59:59,通关主线或活动关卡20次吧,11001002,0,20,1,0,0
0,2020/08/20 5:00:00,11001015,200,101,1008,1,0,0,2020/08/25 4:59:59,通关主线或活动关卡10次吧,11001003,0,10,1,0,0
0,2020/08/20 5:00:00,11001016,200,101,1008,1,0,0,2020/08/25 4:59:59,通关主线或活动关卡20次吧,11001004,0,20,1,0,0
0,2020/08/25 5:00:00,11001017,200,101,1008,1,0,0,2020/09/17 4:59:59,通关主线或活动关卡10次吧,11001001,0,10,1,0,0
0,2020/08/25 5:00:00,11001018,200,101,1008,1,0,0,2020/09/17 4:59:59,通关主线或活动关卡20次吧,11001002,0,20,1,0,0
0,2020/09/17 5:00:00,11001019,200,101,1008,1,0,0,2020/09/22 4:59:59,通关主线或活动关卡10次吧,11001003,0,10,1,0,0
0,2020/09/17 5:00:00,11001020,200,101,1008,1,0,0,2020/09/22 4:59:59,通关主线或活动关卡20次吧,11001004,0,20,1,0,0
0,2020/09/22 5:00:00,11001021,200,101,1008,1,0,0,2020/10/16 4:59:59,通关主线或活动关卡10次吧,11001001,0,10,1,0,0
0,2020/09/22 5:00:00,11001022,200,101,1008,1,0,0,2020/10/16 4:59:59,通关主线或活动关卡20次吧,11001002,0,20,1,0,0
0,2020/10/16 5:00:00,11001023,200,101,1008,1,0,0,2020/10/26 4:59:59,通关主线或活动关卡10次吧,11001003,0,10,1,0,0
0,2020/10/16 5:00:00,11001024,200,101,1008,1,0,0,2020/10/26 4:59:59,通关主线或活动关卡20次吧,11001004,0,20,1,0,0
0,2020/10/16 5:00:00,11001025,200,101,1008,1,0,0,2020/10/26 4:59:59,通关主线或活动关卡25次吧,11001005,0,25,1,0,0
0,2020/10/26 5:00:00,11001026,200,101,1008,1,0,0,2020/11/12 4:59:59,通关主线或活动关卡10次吧,11001001,0,10,1,0,0
0,2020/10/26 5:00:00,11001027,200,101,1008,1,0,0,2020/11/12 4:59:59,通关主线或活动关卡20次吧,11001002,0,20,1,0,0
0,2020/11/12 5:00:00,11001028,200,101,1008,1,0,0,2020/11/17 4:59:59,通关主线或活动关卡10次吧,11001003,0,10,1,0,0
0,2020/11/12 5:00:00,11001029,200,101,1008,1,0,0,2020/11/17 4:59:59,通关主线或活动关卡20次吧,11001004,0,20,1,0,0
0,2020/11/17 5:00:00,11001030,200,101,1008,1,0,0,2020/12/10 4:59:59,通关主线或活动关卡10次吧,11001001,0,10,1,0,0
0,2020/11/17 5:00:00,11001031,200,101,1008,1,0,0,2020/12/10 4:59:59,通关主线或活动关卡20次吧,11001002,0,20,1,0,0
0,2020/12/10 5:00:00,11001032,200,101,1008,1,0,0,2020/12/15 4:59:59,通关主线或活动关卡10次吧,11001003,0,10,1,0,0
0,2020/12/10 5:00:00,11001033,200,101,1008,1,0,0,2020/12/15 4:59:59,通关主线或活动关卡20次吧,11001004,0,20,1,0,0
0,2020/12/15 5:00:00,11001034,200,101,1008,1,0,0,2020/12/31 4:59:59,通关主线或活动关卡10次吧,11001001,0,10,1,0,0
0,2020/12/15 5:00:00,11001035,200,101,1008,1,0,0,2020/12/31 4:59:59,通关主线或活动关卡20次吧,11001002,0,20,1,0,0
0,2020/12/31 5:00:00,11001036,200,101,1008,1,0,0,2021/01/10 4:59:59,通关主线或活动关卡10次吧,11001003,0,10,1,0,0
0,2020/12/31 5:00:00,11001037,200,101,1008,1,0,0,2021/01/10 4:59:59,通关主线或活动关卡20次吧,11001004,0,20,1,0,0
0,2020/12/31 5:00:00,11001038,200,101,1008,1,0,0,2021/01/10 4:59:59,通关主线或活动关卡25次吧,11001005,0,25,1,0,0
0,2021/01/10 5:00:00,11001039,200,101,1008,1,0,0,2021/01/31 4:59:59,通关主线或活动关卡10次吧,11001001,0,10,1,0,0
0,2021/01/10 5:00:00,11001040,200,101,1008,1,0,0,2021/01/31 4:59:59,通关主线或活动关卡20次吧,11001002,0,20,1,0,0
0,2021/01/31 5:00:00,11001041,200,101,1008,1,0,0,2021/02/06 4:59:59,通关主线或活动关卡10次吧,11001003,0,10,1,0,0
0,2021/01/31 5:00:00,11001042,200,101,1008,1,0,0,2021/02/06 4:59:59,通关主线或活动关卡20次吧,11001004,0,20,1,0,0
0,2021/02/06 5:00:00,11001043,200,101,1008,1,0,0,2021/03/04 4:59:59,通关主线或活动关卡10次吧,11001001,0,10,1,0,0
0,2021/02/06 5:00:00,11001044,200,101,1008,1,0,0,2021/03/04 4:59:59,通关主线或活动关卡20次吧,11001002,0,20,1,0,0
0,2021/03/04 5:00:00,11001045,200,101,1008,1,0,0,2021/03/09 4:59:59,通关主线或活动关卡10次吧,11001003,0,10,1,0,0
0,2021/03/04 5:00:00,11001046,200,101,1008,1,0,0,2021/03/09 4:59:59,通关主线或活动关卡20次吧,11001004,0,20,1,0,0
0,2021/03/09 5:00:00,11001047,200,101,1008,1,0,0,2099/12/31 23:59:59,通关主线或活动关卡10次吧,11001001,0,10,1,0,0
0,2021/03/09 5:00:00,11001048,200,101,1008,1,0,0,2099/12/31 23:59:59,通关主线或活动关卡20次吧,11001002,0,20,1,0,0
0,2020/01/01 0:00:00,11003001,200,102,1003,2,0,0,2020/05/26 4:59:59,通关主线或活动关卡（困难）3次吧,11003001,0,3,1,0,0
0,2020/05/26 5:00:00,11003002,200,102,1003,2,0,0,2020/06/02 4:59:59,通关主线或活动关卡（困难）3次吧,11003002,0,3,1,0,0
0,2020/06/02 5:00:00,11003003,200,102,1003,2,0,0,2020/06/25 4:59:59,通关主线或活动关卡（困难）3次吧,11003001,0,3,1,0,0
0,2020/06/25 5:00:00,11003004,200,102,1003,2,0,0,2020/06/30 4:59:59,通关主线或活动关卡（困难）3次吧,11003002,0,3,1,0,0
0,2020/06/30 5:00:00,11003005,200,102,1003,2,0,0,2020/07/23 4:59:59,通关主线或活动关卡（困难）3次吧,11003001,0,3,1,0,0
0,2020/07/23 5:00:00,11003006,200,102,1003,2,0,0,2020/07/28 4:59:59,通关主线或活动关卡（困难）3次吧,11003002,0,3,1,0,0
0,2020/07/28 5:00:00,11003007,200,102,1003,2,0,0,2020/08/20 4:59:59,通关主线或活动关卡（困难）3次吧,11003001,0,3,1,0,0
0,2020/08/20 5:00:00,11003008,200,102,1003,2,0,0,2020/08/25 4:59:59,通关主线或活动关卡（困难）3次吧,11003002,0,3,1,0,0
0,2020/08/25 5:00:00,11003009,200,102,1003,2,0,0,2020/09/17 4:59:59,通关主线或活动关卡（困难）3次吧,11003001,0,3,1,0,0
0,2020/09/17 5:00:00,11003010,200,102,1003,2,0,0,2020/09/22 4:59:59,通关主线或活动关卡（困难）3次吧,11003002,0,3,1,0,0
0,2020/09/22 5:00:00,11003011,200,102,1003,2,0,0,2020/10/16 4:59:59,通关主线或活动关卡（困难）3次吧,11003001,0,3,1,0,0
0,2020/10/16 5:00:00,11003012,200,102,1003,2,0,0,2020/10/26 4:59:59,通关主线或活动关卡（困难）3次吧,11003002,0,3,1,0,0
0,2020/10/16 5:00:00,11003013,200,102,1003,2,0,0,2020/10/26 4:59:59,通关主线或活动关卡（困难）6次吧,11003003,0,6,1,0,0
0,2020/10/26 5:00:00,11003014,200,102,1003,2,0,0,2020/11/12 4:59:59,通关主线或活动关卡（困难）3次吧,11003001,0,3,1,0,0
0,2020/11/12 5:00:00,11003015,200,102,1003,2,0,0,2020/11/17 4:59:59,通关主线或活动关卡（困难）3次吧,11003002,0,3,1,0,0
0,2020/11/17 5:00:00,11003016,200,102,1003,2,0,0,2020/12/10 4:59:59,通关主线或活动关卡（困难）3次吧,11003001,0,3,1,0,0
0,2020/12/10 5:00:00,11003017,200,102,1003,2,0,0,2020/12/15 4:59:59,通关主线或活动关卡（困难）3次吧,11003002,0,3,1,0,0
0,2020/12/15 5:00:00,11003018,200,102,1003,2,0,0,2020/12/31 4:59:59,通关主线或活动关卡（困难）3次吧,11003001,0,3,1,0,0
0,2020/12/31 5:00:00,11003019,200,102,1003,2,0,0,2021/01/10 4:59:59,通关主线或活动关卡（困难）3次吧,11003002,0,3,1,0,0
0,2020/12/31 5:00:00,11003020,200,102,1003,2,0,0,2021/01/10 4:59:59,通关主线或活动关卡（困难）6次吧,11003003,0,6,1,0,0
0,2021/01/10 5:00:00,11003021,200,102,1003,2,0,0,2021/01/31 4:59:59,通关主线或活动关卡（困难）3次吧,11003001,0,3,1,0,0
0,2021/01/31 5:00:00,11003022,200,102,1003,2,0,0,2021/02/06 4:59:59,通关主线或活动关卡（困难）3次吧,11003002,0,3,1,0,0
0,2021/02/06 5:00:00,11003023,200,102,1003,2,0,0,2021/03/04 4:59:59,通关主线或活动关卡（困难）3次吧,11003001,0,3,1,0,0
0,2021/03/04 5:00:00,11003024,200,102,1003,2,0,0,2021/03/09 4:59:59,通关主线或活动关卡（HARD）3次吧,11003002,0,3,1,0,0
0,2021/03/09 5:00:00,11003025,200,102,1003,2,0,0,2099/12/31 23:59:59,通关主线或活动关卡（困难或高难）3次吧,11003001,0,3,1,0,0
0,2020/01/01 0:00:00,11004001,202,103,1004,7,0,0,2020/05/26 4:59:59,完成探索4次吧,11004001,0,4,1,0,0
0,2020/05/26 5:00:00,11004002,202,103,1004,7,0,0,2020/06/02 4:59:59,完成探索4次吧,11004002,0,4,1,0,0
0,2020/06/02 5:00:00,11004003,202,103,1004,7,0,0,2020/06/25 4:59:59,完成探索4次吧,11004001,0,4,1,0,0
0,2020/06/25 5:00:00,11004004,202,103,1004,7,0,0,2020/06/30 4:59:59,完成探索4次吧,11004002,0,4,1,0,0
0,2020/06/30 5:00:00,11004005,202,103,1004,7,0,0,2020/07/23 4:59:59,完成探索4次吧,11004001,0,4,1,0,0
0,2020/07/23 5:00:00,11004006,202,103,1004,7,0,0,2020/07/28 4:59:59,完成探索4次吧,11004002,0,4,1,0,0
0,2020/07/28 5:00:00,11004007,202,103,1004,7,0,0,2020/08/20 4:59:59,完成探索4次吧,11004001,0,4,1,0,0
0,2020/08/20 5:00:00,11004008,202,103,1004,7,0,0,2020/08/25 4:59:59,完成探索4次吧,11004002,0,4,1,0,0
0,2020/08/25 5:00:00,11004009,202,103,1004,7,0,0,2020/09/17 4:59:59,完成探索4次吧,11004001,0,4,1,0,0
0,2020/09/17 5:00:00,11004010,202,103,1004,7,0,0,2020/09/22 4:59:59,完成探索4次吧,11004002,0,4,1,0,0
0,2020/09/22 5:00:00,11004011,202,103,1004,7,0,0,2020/10/16 4:59:59,完成探索4次吧,11004001,0,4,1,0,0
0,2020/10/16 5:00:00,11004012,202,103,1004,7,0,0,2020/10/26 4:59:59,完成探索4次吧,11004002,0,4,1,0,0
0,2020/10/26 5:00:00,11004013,202,103,1004,7,0,0,2020/11/12 4:59:59,完成探索4次吧,11004001,0,4,1,0,0
0,2020/11/12 5:00:00,11004014,202,103,1004,7,0,0,2020/11/17 4:59:59,完成探索4次吧,11004002,0,4,1,0,0
0,2020/11/17 5:00:00,11004015,202,103,1004,7,0,0,2020/12/10 4:59:59,完成探索4次吧,11004001,0,4,1,0,0
0,2020/12/10 5:00:00,11004016,202,103,1004,7,0,0,2020/12/15 4:59:59,完成探索4次吧,11004002,0,4,1,0,0
0,2020/12/15 5:00:00,11004017,202,103,1004,7,0,0,2020/12/31 4:59:59,完成探索4次吧,11004001,0,4,1,0,0
0,2020/12/31 5:00:00,11004018,202,103,1004,7,0,0,2021/01/10 4:59:59,完成探索4次吧,11004002,0,4,1,0,0
0,2021/01/10 5:00:00,11004019,202,103,1004,7,0,0,2021/01/31 4:59:59,完成探索4次吧,11004001,0,4,1,0,0
0,2021/01/31 5:00:00,11004020,202,103,1004,7,0,0,2021/02/06 4:59:59,完成探索4次吧,11004002,0,4,1,0,0
0,2021/02/06 5:00:00,11004021,202,103,1004,7,0,0,2021/03/04 4:59:59,完成探索4次吧,11004001,0,4,1,0,0
0,2021/03/04 5:00:00,11004022,202,103,1004,7,0,0,2021/03/09 4:59:59,完成探索4次吧,11004002,0,4,1,0,0
0,2021/03/09 5:00:00,11004023,202,103,1004,7,0,0,2099/12/31 23:59:59,完成探索4次吧,11004001,0,4,1,0,0
0,2020/01/01 0:00:00,11005001,204,104,1005,9,0,0,2020/05/26 4:59:59,完成地下城战斗1次吧,11005001,0,1,1,0,0
0,2018/11/06 5:00:00,11005002,603,122,80000,15,0,0,2030/04/01 14:59:59,挑战地下城1次吧,11005002,0,1,1,0,0
0,2018/11/06 5:00:00,11005003,603,122,80003,16,0,0,2030/04/01 14:59:59,通关1次地下城的战斗吧,11005003,0,1,1,0,0
0,2020/06/25 5:00:00,11005004,204,104,1005,9,0,0,2020/06/30 4:59:59,完成地下城战斗1次吧,11005002,0,1,1,0,0
0,2020/06/30 5:00:00,11005005,204,104,1005,9,0,0,2020/07/23 4:59:59,完成地下城战斗1次吧,11005001,0,1,1,0,0
0,2020/07/23 5:00:00,11005006,204,104,1005,9,0,0,2020/07/28 4:59:59,完成地下城战斗1次吧,11005002,0,1,1,0,0
0,2020/07/28 5:00:00,11005007,204,104,1005,9,0,0,2020/08/20 4:59:59,完成地下城战斗1次吧,11005001,0,1,1,0,0
0,2020/08/20 5:00:00,11005008,204,104,1005,9,0,0,2020/08/25 4:59:59,完成地下城战斗1次吧,11005002,0,1,1,0,0
0,2020/08/25 5:00:00,11005009,204,104,1005,9,0,0,2020/09/17 4:59:59,完成地下城战斗1次吧,11005001,0,1,1,0,0
0,2020/09/17 5:00:00,11005010,204,104,1005,9,0,0,2020/09/22 4:59:59,完成地下城战斗1次吧,11005002,0,1,1,0,0
0,2020/09/22 5:00:00,11005011,204,104,1005,9,0,0,2020/10/16 4:59:59,完成地下城战斗1次吧,11005001,0,1,1,0,0
0,2020/10/16 5:00:00,11005012,204,104,1005,9,0,0,2020/10/26 4:59:59,完成地下城战斗1次吧,11005002,0,1,1,0,0
0,2020/10/26 5:00:00,11005013,204,104,1005,9,0,0,2020/11/12 4:59:59,完成地下城战斗1次吧,11005001,0,1,1,0,0
0,2020/11/12 5:00:00,11005014,204,104,1005,9,0,0,2020/11/17 4:59:59,完成地下城战斗1次吧,11005002,0,1,1,0,0
0,2020/11/17 5:00:00,11005015,204,104,1005,9,0,0,2020/12/10 4:59:59,完成地下城战斗1次吧,11005001,0,1,1,0,0
0,2020/12/10 5:00:00,11005016,204,104,1005,9,0,0,2020/12/15 4:59:59,完成地下城战斗1次吧,11005002,0,1,1,0,0
0,2020/12/15 5:00:00,11005017,204,104,1005,9,0,0,2020/12/31 4:59:59,完成地下城战斗1次吧,11005001,0,1,1,0,0
0,2020/12/31 5:00:00,11005018,204,104,1005,9,0,0,2021/01/10 4:59:59,完成地下城战斗1次吧,11005002,0,1,1,0,0
0,2021/01/10 5:00:00,11005019,204,104,1005,9,0,0,2021/01/31 4:59:59,完成地下城战斗1次吧,11005001,0,1,1,0,0
0,2021/01/31 5:00:00,11005020,204,104,1005,9,0,0,2021/02/06 4:59:59,完成地下城战斗1次吧,11005002,0,1,1,0,0
0,2021/02/06 5:00:00,11005021,204,104,1005,9,0,0,2021/03/04 4:59:59,完成地下城战斗1次吧,11005001,0,1,1,0,0
0,2021/03/04 5:00:00,11005022,204,104,1005,9,0,0,2021/03/09 4:59:59,完成地下城战斗1次吧,11005002,0,1,1,0,0
0,2021/03/09 5:00:00,11005023,204,104,1005,9,0,0,2099/12/31 23:59:59,完成地下城战斗1次吧,11005001,0,1,1,0,0
0,2020/09/28 5:00:00,11101001,208,108,1101,14,0,0,2020/10/16 4:59:59,挑战1次露娜之塔吧,11101001,0,1,1,0,0
0,2020/10/16 5:00:00,11101002,208,108,1101,14,0,0,2020/10/26 4:59:59,挑战1次露娜之塔吧,11101002,0,1,1,0,0
0,2020/10/26 5:00:00,11101003,208,108,1101,14,0,0,2020/11/12 4:59:59,挑战1次露娜之塔吧,11101001,0,1,1,0,0
0,2020/11/12 5:00:00,11101004,208,108,1101,14,0,0,2020/11/17 4:59:59,挑战1次露娜之塔吧,11101002,0,1,1,0,0
0,2020/11/17 5:00:00,11101005,208,108,1101,14,0,0,2020/12/10 4:59:59,挑战1次露娜之塔吧,11101001,0,1,1,0,0
0,2020/12/10 5:00:00,11101006,208,108,1101,14,0,0,2020/12/15 4:59:59,挑战1次露娜之塔吧,11101002,0,1,1,0,0
0,2020/12/15 5:00:00,11101007,208,108,1101,14,0,0,2020/12/31 4:59:59,挑战1次露娜之塔吧,11101001,0,1,1,0,0
0,2020/12/31 5:00:00,11101008,208,108,1101,14,0,0,2021/01/10 4:59:59,挑战1次露娜之塔吧,11101002,0,1,1,0,0
0,2021/01/10 5:00:00,11101009,208,108,1101,14,0,0,2021/01/31 4:59:59,挑战1次露娜之塔吧,11101001,0,1,1,0,0
0,2021/01/31 5:00:00,11101010,208,108,1101,14,0,0,2021/02/06 4:59:59,挑战1次露娜之塔吧,11101002,0,1,1,0,0
0,2021/02/06 5:00:00,11101011,208,108,1101,14,0,0,2021/03/04 4:59:59,挑战1次露娜之塔吧,11101001,0,1,1,0,0
0,2021/03/04 5:00:00,11101012,208,108,1101,14,0,0,2021/03/09 4:59:59,挑战1次露娜之塔吧,11101002,0,1,1,0,0
0,2021/03/09 5:00:00,11101013,208,108,1101,14,0,0,2099/12/31 23:59:59,挑战1次露娜之塔吧,11101001,0,1,1,0,0
0,2025/09/29 9:00:00,11701001,1007,132,1701,17,0,0,2099/12/31 23:59:59,通关1次深渊讨伐战的前哨关卡,11701001,0,1,1,0,0
0,2020/01/01 0:00:00,13002001,401,301,3002,3,0,0,2020/05/26 4:59:59,抽取普通扭蛋10次吧,13002001,0,10,1,0,0
0,2020/05/26 5:00:00,13002002,401,301,3002,3,0,0,2020/06/02 4:59:59,抽取普通扭蛋10次吧,13002002,0,10,1,0,0
0,2020/06/02 5:00:00,13002003,401,301,3002,3,0,0,2020/06/25 4:59:59,抽取普通扭蛋10次吧,13002001,0,10,1,0,0
0,2020/06/25 5:00:00,13002004,401,301,3002,3,0,0,2020/06/30 4:59:59,抽取普通扭蛋10次吧,13002002,0,10,1,0,0
0,2020/06/30 5:00:00,13002005,401,301,3002,3,0,0,2020/07/23 4:59:59,抽取普通扭蛋10次吧,13002001,0,10,1,0,0
0,2020/07/23 5:00:00,13002006,401,301,3002,3,0,0,2020/07/28 4:59:59,抽取普通扭蛋10次吧,13002002,0,10,1,0,0
0,2020/07/28 5:00:00,13002007,401,301,3002,3,0,0,2020/08/20 4:59:59,抽取普通扭蛋10次吧,13002001,0,10,1,0,0
0,2020/08/20 5:00:00,13002008,401,301,3002,3,0,0,2020/08/25 4:59:59,抽取普通扭蛋10次吧,13002002,0,10,1,0,0
0,2020/08/25 5:00:00,13002009,401,301,3002,3,0,0,2020/09/17 4:59:59,抽取普通扭蛋10次吧,13002001,0,10,1,0,0
0,2020/09/17 5:00:00,13002010,401,301,3002,3,0,0,2020/09/22 4:59:59,抽取普通扭蛋10次吧,13002002,0,10,1,0,0
0,2020/09/22 5:00:00,13002011,401,301,3002,3,0,0,2020/10/16 4:59:59,抽取普通扭蛋10次吧,13002001,0,10,1,0,0
0,2020/10/16 5:00:00,13002012,401,301,3002,3,0,0,2020/10/26 4:59:59,抽取普通扭蛋10次吧,13002002,0,10,1,0,0
0,2020/10/26 5:00:00,13002013,401,301,3002,3,0,0,2020/11/12 4:59:59,抽取普通扭蛋10次吧,13002001,0,10,1,0,0
0,2020/11/12 5:00:00,13002014,401,301,3002,3,0,0,2020/11/17 4:59:59,抽取普通扭蛋10次吧,13002002,0,10,1,0,0
0,2020/11/17 5:00:00,13002015,401,301,3002,3,0,0,2020/12/10 4:59:59,抽取普通扭蛋10次吧,13002001,0,10,1,0,0
0,2020/12/10 5:00:00,13002016,401,301,3002,3,0,0,2020/12/15 4:59:59,抽取普通扭蛋10次吧,13002002,0,10,1,0,0
0,2020/12/15 5:00:00,13002017,401,301,3002,3,0,0,2020/12/31 4:59:59,抽取普通扭蛋10次吧,13002001,0,10,1,0,0
0,2020/12/31 5:00:00,13002018,401,301,3002,3,0,0,2021/01/10 4:59:59,抽取普通扭蛋10次吧,13002002,0,10,1,0,0
0,2021/01/10 5:00:00,13002019,401,301,3002,3,0,0,2021/01/31 4:59:59,抽取普通扭蛋10次吧,13002001,0,10,1,0,0
0,2021/01/31 5:00:00,13002020,401,301,3002,3,0,0,2021/02/06 4:59:59,抽取普通扭蛋10次吧,13002002,0,10,1,0,0
0,2021/02/06 5:00:00,13002021,401,301,3002,3,0,0,2021/03/04 4:59:59,抽取普通扭蛋10次吧,13002001,0,10,1,0,0
0,2021/03/04 5:00:00,13002022,401,301,3002,3,0,0,2021/03/09 4:59:59,抽取普通扭蛋10次吧,13002002,0,10,1,0,0
0,2021/03/09 5:00:00,13002023,401,301,3002,3,0,0,2099/12/31 23:59:59,抽取普通扭蛋10次吧,13002001,0,10,1,0,0
0,2020/01/01 0:00:00,14001001,205,401,4001,11,0,0,2020/05/26 4:59:59,在竞技场战斗1次吧,14001001,0,1,1,0,0
0,2020/05/26 5:00:00,14001002,205,401,4001,11,0,0,2020/06/02 4:59:59,在战斗竞技场战斗1次吧,14001002,0,1,1,0,0
0,2020/06/02 5:00:00,14001003,205,401,4001,11,0,0,2020/06/25 4:59:59,在战斗竞技场战斗1次吧,14001001,0,1,1,0,0
0,2020/06/25 5:00:00,14001004,205,401,4001,11,0,0,2020/06/30 4:59:59,在战斗竞技场战斗1次吧,14001002,0,1,1,0,0
0,2020/06/30 5:00:00,14001005,205,401,4001,11,0,0,2020/07/23 4:59:59,在战斗竞技场战斗1次吧,14001001,0,1,1,0,0
0,2020/07/23 5:00:00,14001006,205,401,4001,11,0,0,2020/07/28 4:59:59,在战斗竞技场战斗1次吧,14001002,0,1,1,0,0
0,2020/07/28 5:00:00,14001007,205,401,4001,11,0,0,2020/08/20 4:59:59,在战斗竞技场战斗1次吧,14001001,0,1,1,0,0
0,2020/08/20 5:00:00,14001008,205,401,4001,11,0,0,2020/08/25 4:59:59,在战斗竞技场战斗1次吧,14001002,0,1,1,0,0
0,2020/08/25 5:00:00,14001009,205,401,4001,11,0,0,2020/09/17 4:59:59,在战斗竞技场战斗1次吧,14001001,0,1,1,0,0
0,2020/09/17 5:00:00,14001010,205,401,4001,11,0,0,2020/09/22 4:59:59,在战斗竞技场战斗1次吧,14001002,0,1,1,0,0
0,2020/09/22 5:00:00,14001011,205,401,4001,11,0,0,2020/10/16 4:59:59,在战斗竞技场战斗1次吧,14001001,0,1,1,0,0
0,2020/10/16 5:00:00,14001012,205,401,4001,11,0,0,2020/10/26 4:59:59,在战斗竞技场战斗1次吧,14001002,0,1,1,0,0
0,2020/10/26 5:00:00,14001013,205,401,4001,11,0,0,2020/11/12 4:59:59,在战斗竞技场战斗1次吧,14001001,0,1,1,0,0
0,2020/11/12 5:00:00,14001014,205,401,4001,11,0,0,2020/11/17 4:59:59,在战斗竞技场战斗1次吧,14001002,0,1,1,0,0
0,2020/11/17 5:00:00,14001015,205,401,4001,11,0,0,2020/12/10 4:59:59,在战斗竞技场战斗1次吧,14001001,0,1,1,0,0
0,2020/12/10 5:00:00,14001016,205,401,4001,11,0,0,2020/12/15 4:59:59,在战斗竞技场战斗1次吧,14001002,0,1,1,0,0
0,2020/12/15 5:00:00,14001017,205,401,4001,11,0,0,2020/12/31 4:59:59,在战斗竞技场战斗1次吧,14001001,0,1,1,0,0
0,2020/12/31 5:00:00,14001018,205,401,4001,11,0,0,2021/01/10 4:59:59,在战斗竞技场战斗1次吧,14001002,0,1,1,0,0
0,2021/01/10 5:00:00,14001019,205,401,4001,11,0,0,2021/01/31 4:59:59,在战斗竞技场战斗1次吧,14001001,0,1,1,0,0
0,2021/01/31 5:00:00,14001020,205,401,4001,11,0,0,2021/02/06 4:59:59,在战斗竞技场战斗1次吧,14001002,0,1,1,0,0
0,2021/02/06 5:00:00,14001021,205,401,4001,11,0,0,2021/03/04 4:59:59,在战斗竞技场战斗1次吧,14001001,0,1,1,0,0
0,2021/03/04 5:00:00,14001022,205,401,4001,11,0,0,2021/03/09 4:59:59,在战斗竞技场战斗1次吧,14001002,0,1,1,0,0
0,2021/03/09 5:00:00,14001023,205,401,4001,11,0,0,2099/12/31 23:59:59,在战斗竞技场战斗1次吧,14001001,0,1,1,0,0
0,2020/01/01 0:00:00,14003001,205,402,4003,12,0,0,2020/05/26 4:59:59,在公主竞技场战斗1次吧,14003001,0,1,1,0,0
0,2020/05/26 5:00:00,14003002,205,402,4003,12,0,0,2020/06/02 4:59:59,在公主竞技场战斗1次吧,14003002,0,1,1,0,0
0,2020/06/02 5:00:00,14003003,205,402,4003,12,0,0,2020/06/25 4:59:59,在公主竞技场战斗1次吧,14003001,0,1,1,0,0
0,2020/06/25 5:00:00,14003004,205,402,4003,12,0,0,2020/06/30 4:59:59,在公主竞技场战斗1次吧,14003002,0,1,1,0,0
0,2020/06/30 5:00:00,14003005,205,402,4003,12,0,0,2020/07/23 4:59:59,在公主竞技场战斗1次吧,14003001,0,1,1,0,0
0,2020/07/23 5:00:00,14003006,205,402,4003,12,0,0,2020/07/28 4:59:59,在公主竞技场战斗1次吧,14003002,0,1,1,0,0
0,2020/07/28 5:00:00,14003007,205,402,4003,12,0,0,2020/08/20 4:59:59,在公主竞技场战斗1次吧,14003001,0,1,1,0,0
0,2020/08/20 5:00:00,14003008,205,402,4003,12,0,0,2020/08/25 4:59:59,在公主竞技场战斗1次吧,14003002,0,1,1,0,0
0,2020/08/25 5:00:00,14003009,205,402,4003,12,0,0,2020/09/17 4:59:59,在公主竞技场战斗1次吧,14003001,0,1,1,0,0
0,2020/09/17 5:00:00,14003010,205,402,4003,12,0,0,2020/09/22 4:59:59,在公主竞技场战斗1次吧,14003002,0,1,1,0,0
0,2020/09/22 5:00:00,14003011,205,402,4003,12,0,0,2020/10/16 4:59:59,在公主竞技场战斗1次吧,14003001,0,1,1,0,0
0,2020/10/16 5:00:00,14003012,205,402,4003,12,0,0,2020/10/26 4:59:59,在公主竞技场战斗1次吧,14003002,0,1,1,0,0
0,2020/10/26 5:00:00,14003013,205,402,4003,12,0,0,2020/11/12 4:59:59,在公主竞技场战斗1次吧,14003001,0,1,1,0,0
0,2020/11/12 5:00:00,14003014,205,402,4003,12,0,0,2020/11/17 4:59:59,在公主竞技场战斗1次吧,14003002,0,1,1,0,0
0,2020/11/17 5:00:00,14003015,205,402,4003,12,0,0,2020/12/10 4:59:59,在公主竞技场战斗1次吧,14003001,0,1,1,0,0
0,2020/12/10 5:00:00,14003016,205,402,4003,12,0,0,2020/12/15 4:59:59,在公主竞技场战斗1次吧,14003002,0,1,1,0,0
0,2020/12/15 5:00:00,14003017,205,402,4003,12,0,0,2020/12/31 4:59:59,在公主竞技场战斗1次吧,14003001,0,1,1,0,0
0,2020/12/31 5:00:00,14003018,205,402,4003,12,0,0,2021/01/10 4:59:59,在公主竞技场战斗1次吧,14003002,0,1,1,0,0
0,2021/01/10 5:00:00,14003019,205,402,4003,12,0,0,2021/01/31 4:59:59,在公主竞技场战斗1次吧,14003001,0,1,1,0,0
0,2021/01/31 5:00:00,14003020,205,402,4003,12,0,0,2021/02/06 4:59:59,在公主竞技场战斗1次吧,14003002,0,1,1,0,0
0,2021/02/06 5:00:00,14003021,205,402,4003,12,0,0,2021/03/04 4:59:59,在公主竞技场战斗1次吧,14003001,0,1,1,0,0
0,2021/03/04 5:00:00,14003022,205,402,4003,12,0,0,2021/03/09 4:59:59,在公主竞技场战斗1次吧,14003002,0,1,1,0,0
0,2021/03/09 5:00:00,14003023,205,402,4003,12,0,0,2099/12/31 23:59:59,在公主竞技场战斗1次吧,14003001,0,1,1,0,0
0,2020/01/01 0:00:00,15004001,501,107,5004,10,0,0,2020/05/26 4:59:59,挑战团队战1次吧,15004001,0,1,1,0,0
0,2020/05/26 5:00:00,15004002,501,107,5004,10,0,0,2020/06/02 4:59:59,挑战团队战1次吧,15004002,0,1,1,0,0
0,2020/06/02 5:00:00,15004003,501,107,5004,10,0,0,2020/06/25 4:59:59,挑战团队战1次吧,15004001,0,1,1,0,0
0,2020/06/25 5:00:00,15004004,501,107,5004,10,0,0,2020/06/30 4:59:59,挑战团队战1次吧,15004002,0,1,1,0,0
0,2020/06/30 5:00:00,15004005,501,107,5004,10,0,0,2020/07/23 4:59:59,挑战团队战1次吧,15004001,0,1,1,0,0
0,2020/07/23 5:00:00,15004006,501,107,5004,10,0,0,2020/07/28 4:59:59,挑战团队战1次吧,15004002,0,1,1,0,0
0,2020/07/28 5:00:00,15004007,501,107,5004,10,0,0,2020/08/20 4:59:59,挑战团队战1次吧,15004001,0,1,1,0,0
0,2020/08/20 5:00:00,15004008,501,107,5004,10,0,0,2020/08/25 4:59:59,挑战团队战1次吧,15004002,0,1,1,0,0
0,2020/08/25 5:00:00,15004009,501,107,5004,10,0,0,2020/09/17 4:59:59,挑战团队战1次吧,15004001,0,1,1,0,0
0,2020/09/17 5:00:00,15004010,501,107,5004,10,0,0,2020/09/22 4:59:59,挑战团队战1次吧,15004002,0,1,1,0,0
0,2020/09/22 5:00:00,15004011,501,107,5004,10,0,0,2020/10/16 4:59:59,挑战团队战1次吧,15004001,0,1,1,0,0
0,2020/10/16 5:00:00,15004012,501,107,5004,10,0,0,2020/10/26 4:59:59,挑战团队战1次吧,15004002,0,1,1,0,0
0,2020/10/26 5:00:00,15004013,501,107,5004,10,0,0,2020/11/12 4:59:59,挑战团队战1次吧,15004001,0,1,1,0,0
0,2020/11/12 5:00:00,15004014,501,107,5004,10,0,0,2020/11/17 4:59:59,挑战团队战1次吧,15004002,0,1,1,0,0
0,2020/11/17 5:00:00,15004015,501,107,5004,10,0,0,2020/12/10 4:59:59,挑战团队战1次吧,15004001,0,1,1,0,0
0,2020/12/10 5:00:00,15004016,501,107,5004,10,0,0,2020/12/15 4:59:59,挑战团队战1次吧,15004002,0,1,1,0,0
0,2020/12/15 5:00:00,15004017,501,107,5004,10,0,0,2020/12/31 4:59:59,挑战团队战1次吧,15004001,0,1,1,0,0
0,2020/12/31 5:00:00,15004018,501,107,5004,10,0,0,2021/01/10 4:59:59,挑战团队战1次吧,15004002,0,1,1,0,0
0,2021/01/10 5:00:00,15004019,501,107,5004,10,0,0,2021/01/31 4:59:59,挑战团队战1次吧,15004001,0,1,1,0,0
0,2021/01/31 5:00:00,15004020,501,107,5004,10,0,0,2021/02/06 4:59:59,挑战团队战1次吧,15004002,0,1,1,0,0
0,2021/02/06 5:00:00,15004021,501,107,5004,10,0,0,2021/03/04 4:59:59,挑战团队战1次吧,15004001,0,1,1,0,0
0,2021/03/04 5:00:00,15004022,501,107,5004,10,0,0,2021/03/09 4:59:59,挑战团队战1次吧,15004002,0,1,1,0,0
0,2025/09/24 5:00:00,15004023,501,107,5004,10,0,0,2025/09/29 4:59:59,挑战团队战1次吧,15004001,0,1,1,0,0
0,2025/10/25 5:00:00,15004024,501,107,5004,10,0,0,2025/10/30 4:59:59,挑战团队战1次吧,15004001,0,1,1,0,0
0,2025/11/24 5:00:00,15004025,501,107,5004,10,0,0,2025/11/29 4:59:59,挑战团队战1次吧,15004001,0,1,1,0,0
0,2025/12/25 5:00:00,15004026,501,107,5004,10,0,0,2025/12/30 4:59:59,挑战团队战1次吧,15004001,0,1,1,0,0
0,2026/01/24 5:00:00,15004027,501,107,5004,10,0,0,2026/01/29 4:59:59,挑战团队战1次吧,15004001,0,1,1,0,0
0,2026/02/23 5:00:00,15004028,501,107,5004,10,0,0,2026/02/28 4:59:59,挑战团队战1次吧,15004001,0,1,1,0,0
0,2026/03/26 5:00:00,15004029,501,107,5004,10,0,0,2026/03/31 4:59:59,挑战团队战1次吧,15004001,0,1,1,0,0
0,2026/04/25 5:00:00,15004030,501,107,5004,10,0,0,2026/04/30 4:59:59,挑战团队战1次吧,15004001,0,1,1,0,0
0,2026/05/26 5:00:00,15004031,501,107,5004,10,0,0,2026/05/31 4:59:59,挑战团队战1次吧,15004001,0,1,1,0,0
0,2026/06/26 5:00:00,15004032,501,107,5004,10,0,0,2026/07/01 4:59:59,挑战团队战1次吧,15004001,0,1,1,0,0
0,2020/01/01 0:00:00,15005001,501,701,5005,13,0,0,2020/05/26 4:59:59,向行会成员「点赞」吧,15005001,0,1,1,0,0
0,2020/05/26 5:00:00,15005002,501,701,5005,13,0,0,2020/06/02 4:59:59,向行会成员「点赞」吧,15005002,0,1,1,0,0
0,2020/06/02 5:00:00,15005003,501,701,5005,13,0,0,2020/06/25 4:59:59,向行会成员「点赞」吧,15005001,0,1,1,0,0
0,2020/06/25 5:00:00,15005004,501,701,5005,13,0,0,2020/06/30 4:59:59,向行会成员「点赞」吧,15005002,0,1,1,0,0
0,2020/06/30 5:00:00,15005005,501,701,5005,13,0,0,2020/07/23 4:59:59,向行会成员「点赞」吧,15005001,0,1,1,0,0
0,2020/07/23 5:00:00,15005006,501,701,5005,13,0,0,2020/07/28 4:59:59,向行会成员「点赞」吧,15005002,0,1,1,0,0
0,2020/07/28 5:00:00,15005007,501,701,5005,13,0,0,2020/08/20 4:59:59,向行会成员「点赞」吧,15005001,0,1,1,0,0
0,2020/08/20 5:00:00,15005008,501,701,5005,13,0,0,2020/08/25 4:59:59,向行会成员「点赞」吧,15005002,0,1,1,0,0
0,2020/08/25 5:00:00,15005009,501,701,5005,13,0,0,2020/09/17 4:59:59,向行会成员「点赞」吧,15005001,0,1,1,0,0
0,2020/09/17 5:00:00,15005010,501,701,5005,13,0,0,2020/09/22 4:59:59,向行会成员「点赞」吧,15005002,0,1,1,0,0
0,2020/09/22 5:00:00,15005011,501,701,5005,13,0,0,2020/10/16 4:59:59,向行会成员「点赞」吧,15005001,0,1,1,0,0
0,2020/10/16 5:00:00,15005012,501,701,5005,13,0,0,2020/10/26 4:59:59,向行会成员「点赞」吧,15005002,0,1,1,0,0
0,2020/10/26 5:00:00,15005013,501,701,5005,13,0,0,2020/11/12 4:59:59,向行会成员「点赞」吧,15005001,0,1,1,0,0
0,2020/11/12 5:00:00,15005014,501,701,5005,13,0,0,2020/11/17 4:59:59,向行会成员「点赞」吧,15005002,0,1,1,0,0
0,2020/11/17 5:00:00,15005015,501,701,5005,13,0,0,2020/12/10 4:59:59,向行会成员「点赞」吧,15005001,0,1,1,0,0
0,2020/12/10 5:00:00,15005016,501,701,5005,13,0,0,2020/12/15 4:59:59,向行会成员「点赞」吧,15005002,0,1,1,0,0
0,2020/12/15 5:00:00,15005017,501,701,5005,13,0,0,2020/12/31 4:59:59,向行会成员「点赞」吧,15005001,0,1,1,0,0
0,2020/12/31 5:00:00,15005018,501,701,5005,13,0,0,2021/01/10 4:59:59,向行会成员「点赞」吧,15005002,0,1,1,0,0
0,2021/01/10 5:00:00,15005019,501,701,5005,13,0,0,2021/01/31 4:59:59,向行会成员「点赞」吧,15005001,0,1,1,0,0
0,2021/01/31 5:00:00,15005020,501,701,5005,13,0,0,2021/02/06 4:59:59,向行会成员「点赞」吧,15005002,0,1,1,0,0
0,2021/02/06 5:00:00,15005021,501,701,5005,13,0,0,2021/03/04 4:59:59,向行会成员「点赞」吧,15005001,0,1,1,0,0
0,2021/03/04 5:00:00,15005022,501,701,5005,13,0,0,2021/03/09 4:59:59,向行会成员「点赞」吧,15005002,0,1,1,0,0
0,2021/03/09 5:00:00,15005023,501,701,5005,13,0,0,2099/12/31 23:59:59,向行会成员「点赞」吧,15005001,0,1,1,0,0
0,2020/01/01 0:00:00,16006001,301,503,6006,5,0,0,2020/05/26 4:59:59,强化角色技能1次吧,16006001,0,1,1,0,0
0,2020/05/26 5:00:00,16006002,301,503,6006,5,0,0,2020/06/02 4:59:59,强化角色技能1次吧,16006002,0,1,1,0,0
0,2020/06/02 5:00:00,16006003,301,503,6006,5,0,0,2020/06/25 4:59:59,强化角色技能1次吧,16006001,0,1,1,0,0
0,2020/06/25 5:00:00,16006004,301,503,6006,5,0,0,2020/06/30 4:59:59,强化角色技能1次吧,16006002,0,1,1,0,0
0,2020/06/30 5:00:00,16006005,301,503,6006,5,0,0,2020/07/23 4:59:59,强化角色技能1次吧,16006001,0,1,1,0,0
0,2020/07/23 5:00:00,16006006,301,503,6006,5,0,0,2020/07/28 4:59:59,强化角色技能1次吧,16006002,0,1,1,0,0
0,2020/07/28 5:00:00,16006007,301,503,6006,5,0,0,2020/08/20 4:59:59,强化角色技能1次吧,16006001,0,1,1,0,0
0,2020/08/20 5:00:00,16006008,301,503,6006,5,0,0,2020/08/25 4:59:59,强化角色技能1次吧,16006002,0,1,1,0,0
0,2020/08/25 5:00:00,16006009,301,503,6006,5,0,0,2020/09/17 4:59:59,强化角色技能1次吧,16006001,0,1,1,0,0
0,2020/09/17 5:00:00,16006010,301,503,6006,5,0,0,2020/09/22 4:59:59,强化角色技能1次吧,16006002,0,1,1,0,0
0,2020/09/22 5:00:00,16006011,301,503,6006,5,0,0,2020/10/16 4:59:59,强化角色技能1次吧,16006001,0,1,1,0,0
0,2020/10/16 5:00:00,16006012,301,503,6006,5,0,0,2020/10/26 4:59:59,强化角色技能1次吧,16006002,0,1,1,0,0
0,2020/10/26 5:00:00,16006013,301,503,6006,5,0,0,2020/11/12 4:59:59,强化角色技能1次吧,16006001,0,1,1,0,0
0,2020/11/12 5:00:00,16006014,301,503,6006,5,0,0,2020/11/17 4:59:59,强化角色技能1次吧,16006002,0,1,1,0,0
0,2020/11/17 5:00:00,16006015,301,503,6006,5,0,0,2020/12/10 4:59:59,强化角色技能1次吧,16006001,0,1,1,0,0
0,2020/12/10 5:00:00,16006016,301,503,6006,5,0,0,2020/12/15 4:59:59,强化角色技能1次吧,16006002,0,1,1,0,0
0,2020/12/15 5:00:00,16006017,301,503,6006,5,0,0,2020/12/31 4:59:59,强化角色技能1次吧,16006001,0,1,1,0,0
0,2020/12/31 5:00:00,16006018,301,503,6006,5,0,0,2021/01/10 4:59:59,强化角色技能1次吧,16006002,0,1,1,0,0
0,2021/01/10 5:00:00,16006019,301,503,6006,5,0,0,2021/01/31 4:59:59,强化角色技能1次吧,16006001,0,1,1,0,0
0,2021/01/31 5:00:00,16006020,301,503,6006,5,0,0,2021/02/06 4:59:59,强化角色技能1次吧,16006002,0,1,1,0,0
0,2021/02/06 5:00:00,16006021,301,503,6006,5,0,0,2021/03/04 4:59:59,强化角色技能1次吧,16006001,0,1,1,0,0
0,2021/03/04 5:00:00,16006022,301,503,6006,5,0,0,2021/03/09 4:59:59,强化角色技能1次吧,16006002,0,1,1,0,0
0,2021/03/09 5:00:00,16006023,301,503,6006,5,0,0,2025/09/30 4:59:59,强化角色技能1次吧,16006001,0,1,1,0,0
0,2020/01/01 0:00:00,16007001,304,506,6007,6,0,0,2020/05/26 4:59:59,通过装备强化为装备增加一颗★吧,16007001,0,1,1,0,0
0,2020/05/26 5:00:00,16007002,304,506,6007,6,0,0,2020/06/02 4:59:59,通过装备强化为装备增加一颗★吧,16007002,0,1,1,0,0
0,2020/06/02 5:00:00,16007003,304,506,6007,6,0,0,2020/06/25 4:59:59,通过装备强化为装备增加一颗★吧,16007001,0,1,1,0,0
0,2020/06/25 5:00:00,16007004,304,506,6007,6,0,0,2020/06/30 4:59:59,通过装备强化为装备增加一颗★吧,16007002,0,1,1,0,0
0,2020/06/30 5:00:00,16007005,304,506,6007,6,0,0,2020/07/23 4:59:59,通过装备强化为装备增加一颗★吧,16007001,0,1,1,0,0
0,2020/07/23 5:00:00,16007006,304,506,6007,6,0,0,2020/07/28 4:59:59,通过装备强化为装备增加一颗★吧,16007002,0,1,1,0,0
0,2020/07/28 5:00:00,16007007,304,506,6007,6,0,0,2020/08/20 4:59:59,通过装备强化为装备增加一颗★吧,16007001,0,1,1,0,0
0,2020/08/20 5:00:00,16007008,304,506,6007,6,0,0,2020/08/25 4:59:59,通过装备强化为装备增加一颗★吧,16007002,0,1,1,0,0
0,2020/08/25 5:00:00,16007009,304,506,6007,6,0,0,2020/09/17 4:59:59,通过装备强化为装备增加一颗★吧,16007001,0,1,1,0,0
0,2020/09/17 5:00:00,16007010,304,506,6007,6,0,0,2020/09/22 4:59:59,通过装备强化为装备增加一颗★吧,16007002,0,1,1,0,0
0,2020/09/22 5:00:00,16007011,304,506,6007,6,0,0,2020/10/16 4:59:59,通过装备强化为装备增加一颗★吧,16007001,0,1,1,0,0
0,2020/10/16 5:00:00,16007012,304,506,6007,6,0,0,2020/10/26 4:59:59,通过装备强化为装备增加一颗★吧,16007002,0,1,1,0,0
0,2020/10/26 5:00:00,16007013,304,506,6007,6,0,0,2020/11/12 4:59:59,通过装备强化为装备增加一颗★吧,16007001,0,1,1,0,0
0,2020/11/12 5:00:00,16007014,304,506,6007,6,0,0,2020/11/17 4:59:59,通过装备强化为装备增加一颗★吧,16007002,0,1,1,0,0
0,2020/11/17 5:00:00,16007015,304,506,6007,6,0,0,2020/12/10 4:59:59,通过装备强化为装备增加一颗★吧,16007001,0,1,1,0,0
0,2020/12/10 5:00:00,16007016,304,506,6007,6,0,0,2020/12/15 4:59:59,通过装备强化为装备增加一颗★吧,16007002,0,1,1,0,0
0,2020/12/15 5:00:00,16007017,304,506,6007,6,0,0,2020/12/31 4:59:59,通过装备强化为装备增加一颗★吧,16007001,0,1,1,0,0
0,2020/12/31 5:00:00,16007018,304,506,6007,6,0,0,2021/01/10 4:59:59,通过装备强化为装备增加一颗★吧,16007002,0,1,1,0,0
0,2021/01/10 5:00:00,16007019,304,506,6007,6,0,0,2021/01/31 4:59:59,通过装备强化为装备增加一颗★吧,16007001,0,1,1,0,0
0,2021/01/31 5:00:00,16007020,304,506,6007,6,0,0,2021/02/06 4:59:59,通过装备强化为装备增加一颗★吧,16007002,0,1,1,0,0
0,2021/02/06 5:00:00,16007021,304,506,6007,6,0,0,2021/03/04 4:59:59,通过装备强化为装备增加一颗★吧,16007001,0,1,1,0,0
0,2021/03/04 5:00:00,16007022,304,506,6007,6,0,0,2021/03/09 4:59:59,通过装备强化为装备增加一颗★吧,16007002,0,1,1,0,0
0,2021/03/09 5:00:00,16007023,304,506,6007,6,0,0,2025/09/30 4:59:59,通过装备强化为装备增加一颗★吧,16007001,0,1,1,0,0
0,2025/09/30 5:00:00,16008001,302,503,6019,5,0,0,2099/12/31 23:59:59,进行以下任意强化1次：强化角色的技能、强化装备提升1颗★、公主骑士强化,16008001,0,1,1,0,0
0,2020/01/01 0:00:00,18001001,106,0,8001,1,0,45959,2020/05/16 4:59:59,当日12:00~第二天早上04:59期间登录游戏吧,18001001,120000,1,1,0,0
0,2020/01/01 0:00:00,18001002,106,0,8001,1,0,45959,2020/05/16 4:59:59,当日18:00~第二天早上04:59期间登录游戏吧,18001002,180000,1,1,0,0
0,2020/05/16 5:00:00,18001003,106,0,8001,1,0,45959,2020/06/02 4:59:59,当日12:00~第二天早上04:59期间登录游戏吧,18001003,120000,1,1,0,0
0,2020/05/16 5:00:00,18001004,106,0,8001,1,0,45959,2020/06/02 4:59:59,当日18:00~第二天早上04:59期间登录游戏吧,18001004,180000,1,1,0,0
0,2020/06/02 5:00:00,18001005,106,0,8001,1,0,45959,2020/06/25 4:59:59,当日12:00~第二天早上04:59期间登录游戏吧,18001001,120000,1,1,0,0
0,2020/06/02 5:00:00,18001006,106,0,8001,1,0,45959,2020/06/25 4:59:59,当日18:00~第二天早上04:59期间登录游戏吧,18001002,180000,1,1,0,0
0,2020/06/25 5:00:00,18001007,106,0,8001,1,0,45959,2020/06/30 4:59:59,当日12:00~第二天早上04:59期间登录游戏吧,18001003,120000,1,1,0,0
0,2020/06/25 5:00:00,18001008,106,0,8001,1,0,45959,2020/06/30 4:59:59,当日18:00~第二天早上04:59期间登录游戏吧,18001004,180000,1,1,0,0
0,2020/06/30 5:00:00,18001009,106,0,8001,1,0,45959,2020/07/23 4:59:59,当日12:00~第二天早上04:59期间登录游戏吧,18001001,120000,1,1,0,0
0,2020/06/30 5:00:00,18001010,106,0,8001,1,0,45959,2020/07/23 4:59:59,当日18:00~第二天早上04:59期间登录游戏吧,18001002,180000,1,1,0,0
0,2020/07/23 5:00:00,18001011,106,0,8001,1,0,45959,2020/07/28 4:59:59,当日12:00~第二天早上04:59期间登录游戏吧,18001003,120000,1,1,0,0
0,2020/07/23 5:00:00,18001012,106,0,8001,1,0,45959,2020/07/28 4:59:59,当日18:00~第二天早上04:59期间登录游戏吧,18001004,180000,1,1,0,0
0,2020/07/28 5:00:00,18001013,106,0,8001,1,0,45959,2020/08/25 4:59:59,当日12:00~第二天早上04:59期间登录游戏吧,18001001,120000,1,1,0,0
0,2020/07/28 5:00:00,18001014,106,0,8001,1,0,45959,2020/08/25 4:59:59,当日18:00~第二天早上04:59期间登录游戏吧,18001002,180000,1,1,0,0
0,2020/08/25 5:00:00,18001015,106,0,8001,1,0,45959,2020/09/08 4:59:59,当日12:00~第二天早上04:59期间登录游戏吧,18001003,120000,1,1,0,0
0,2020/08/25 5:00:00,18001016,106,0,8001,1,0,45959,2020/09/08 4:59:59,当日18:00~第二天早上04:59期间登录游戏吧,18001004,180000,1,1,0,0
0,2020/09/08 5:00:00,18001017,106,0,8001,1,0,45959,2020/09/17 4:59:59,当日12:00~第二天早上04:59期间登录游戏吧,18001001,120000,1,1,0,0
0,2020/09/08 5:00:00,18001018,106,0,8001,1,0,45959,2020/09/17 4:59:59,当日18:00~第二天早上04:59期间登录游戏吧,18001002,180000,1,1,0,0
0,2020/09/17 5:00:00,18001019,106,0,8001,1,0,45959,2020/09/22 4:59:59,当日12:00~第二天早上04:59期间登录游戏吧,18001003,120000,1,1,0,0
0,2020/09/17 5:00:00,18001020,106,0,8001,1,0,45959,2020/09/22 4:59:59,当日18:00~第二天早上04:59期间登录游戏吧,18001004,180000,1,1,0,0
0,2020/09/22 5:00:00,18001021,106,0,8001,1,0,45959,2020/10/16 4:59:59,当日12:00~第二天早上04:59期间登录游戏吧,18001001,120000,1,1,0,0
0,2020/09/22 5:00:00,18001022,106,0,8001,1,0,45959,2020/10/16 4:59:59,当日18:00~第二天早上04:59期间登录游戏吧,18001002,180000,1,1,0,0
0,2020/10/16 5:00:00,18001023,106,0,8001,1,0,45959,2020/10/26 4:59:59,当日12:00~第二天早上04:59期间登录游戏吧,18001003,120000,1,1,0,0
0,2020/10/16 5:00:00,18001024,106,0,8001,1,0,45959,2020/10/26 4:59:59,当日18:00~第二天早上04:59期间登录游戏吧,18001004,180000,1,1,0,0
0,2020/10/26 5:00:00,18001025,106,0,8001,1,0,45959,2020/11/12 4:59:59,当日12:00~第二天早上04:59期间登录游戏吧,18001001,120000,1,1,0,0
0,2020/10/26 5:00:00,18001026,106,0,8001,1,0,45959,2020/11/12 4:59:59,当日18:00~第二天早上04:59期间登录游戏吧,18001002,180000,1,1,0,0
0,2020/11/12 5:00:00,18001027,106,0,8001,1,0,45959,2020/11/17 4:59:59,当日12:00~第二天早上04:59期间登录游戏吧,18001003,120000,1,1,0,0
0,2020/11/12 5:00:00,18001028,106,0,8001,1,0,45959,2020/11/17 4:59:59,当日18:00~第二天早上04:59期间登录游戏吧,18001004,180000,1,1,0,0
0,2020/11/17 5:00:00,18001029,106,0,8001,1,0,45959,2020/12/10 4:59:59,当日12:00~第二天早上04:59期间登录游戏吧,18001001,120000,1,1,0,0
0,2020/11/17 5:00:00,18001030,106,0,8001,1,0,45959,2020/12/10 4:59:59,当日18:00~第二天早上04:59期间登录游戏吧,18001002,180000,1,1,0,0
0,2020/12/10 5:00:00,18001031,106,0,8001,1,0,45959,2020/12/15 4:59:59,当日12:00~第二天早上04:59期间登录游戏吧,18001003,120000,1,1,0,0
0,2020/12/10 5:00:00,18001032,106,0,8001,1,0,45959,2020/12/15 4:59:59,当日18:00~第二天早上04:59期间登录游戏吧,18001004,180000,1,1,0,0
0,2020/12/15 5:00:00,18001033,106,0,8001,1,0,45959,2020/12/31 4:59:59,当日12:00~第二天早上04:59期间登录游戏吧,18001001,120000,1,1,0,0
0,2020/12/15 5:00:00,18001034,106,0,8001,1,0,45959,2020/12/31 4:59:59,当日18:00~第二天早上04:59期间登录游戏吧,18001002,180000,1,1,0,0
0,2020/12/31 5:00:00,18001035,106,0,8001,1,0,45959,2021/01/10 4:59:59,当日12:00~第二天早上04:59期间登录游戏吧,18001003,120000,1,1,0,0
0,2020/12/31 5:00:00,18001036,106,0,8001,1,0,45959,2021/01/10 4:59:59,当日18:00~第二天早上04:59期间登录游戏吧,18001004,180000,1,1,0,0
0,2021/01/10 5:00:00,18001037,106,0,8001,1,0,45959,2021/01/31 4:59:59,当日12:00~第二天早上04:59期间登录游戏吧,18001001,120000,1,1,0,0
0,2021/01/10 5:00:00,18001038,106,0,8001,1,0,45959,2021/01/31 4:59:59,当日18:00~第二天早上04:59期间登录游戏吧,18001002,180000,1,1,0,0
0,2021/01/31 5:00:00,18001039,106,0,8001,1,0,45959,2021/02/06 4:59:59,当日12:00~第二天早上04:59期间登录游戏吧,18001003,120000,1,1,0,0
0,2021/01/31 5:00:00,18001040,106,0,8001,1,0,45959,2021/02/06 4:59:59,当日18:00~第二天早上04:59期间登录游戏吧,18001004,180000,1,1,0,0
0,2021/02/06 5:00:00,18001041,106,0,8001,1,0,45959,2021/03/04 4:59:59,当日12:00~第二天早上04:59期间登录游戏吧,18001001,120000,1,1,0,0
0,2021/02/06 5:00:00,18001042,106,0,8001,1,0,45959,2021/03/04 4:59:59,当日18:00~第二天早上04:59期间登录游戏吧,18001002,180000,1,1,0,0
0,2021/03/04 5:00:00,18001043,106,0,8001,1,0,45959,2021/03/09 4:59:59,当日12:00~第二天早上04:59期间登录游戏吧,18001003,120000,1,1,0,0
0,2021/03/04 5:00:00,18001044,106,0,8001,1,0,45959,2021/03/09 4:59:59,当日18:00~第二天早上04:59期间登录游戏吧,18001004,180000,1,1,0,0
0,2021/03/09 5:00:00,18001045,106,0,8001,1,0,45959,2021/04/01 4:59:59,当日12:00~第二天早上04:59期间登录游戏吧,18001001,120000,1,1,0,0
0,2021/03/09 5:00:00,18001046,106,0,8001,1,0,45959,2021/04/01 4:59:59,当日18:00~第二天早上04:59期间登录游戏吧,18001002,180000,1,1,0,0
0,2021/04/01 5:00:00,18001047,106,0,8001,1,0,45959,2021/04/15 4:59:59,当日12:00~第二天早上04:59期间登录游戏吧,18001003,120000,1,1,0,0
0,2021/04/01 5:00:00,18001048,106,0,8001,1,0,45959,2021/04/15 4:59:59,当日18:00~第二天早上04:59期间登录游戏吧,18001004,180000,1,1,0,0
0,2021/04/15 5:00:00,18001049,106,0,8001,1,0,45959,2021/05/01 4:59:59,当日12:00~第二天早上04:59期间登录游戏吧,18001001,120000,1,1,0,0
0,2021/04/15 5:00:00,18001050,106,0,8001,1,0,45959,2021/05/01 4:59:59,当日18:00~第二天早上04:59期间登录游戏吧,18001002,180000,1,1,0,0
0,2021/05/01 5:00:00,18001051,106,0,8001,1,0,45959,2021/05/11 4:59:59,当日12:00~第二天早上04:59期间登录游戏吧,18001003,120000,1,1,0,0
0,2021/05/01 5:00:00,18001052,106,0,8001,1,0,45959,2021/05/11 4:59:59,当日18:00~第二天早上04:59期间登录游戏吧,18001004,180000,1,1,0,0
0,2021/05/11 5:00:00,18001053,106,0,8001,1,0,45959,2021/08/21 4:59:59,当日12:00~第二天早上04:59期间登录游戏吧,18001001,120000,1,1,0,0
0,2021/05/11 5:00:00,18001054,106,0,8001,1,0,45959,2021/08/21 4:59:59,当日18:00~第二天早上04:59期间登录游戏吧,18001002,180000,1,1,0,0
0,2021/08/21 5:00:00,18001055,106,0,8001,1,0,45959,2021/09/07 4:59:59,当日12:00~第二天早上04:59期间登录游戏吧,18001003,120000,1,1,0,0
0,2021/08/21 5:00:00,18001056,106,0,8001,1,0,45959,2021/09/07 4:59:59,当日18:00~第二天早上04:59期间登录游戏吧,18001004,180000,1,1,0,0
0,2021/09/07 5:00:00,18001057,106,0,8001,1,0,45959,2022/03/16 4:59:59,当日12:00~第二天早上04:59期间登录游戏吧,18001001,120000,1,1,0,0
0,2021/09/07 5:00:00,18001058,106,0,8001,1,0,45959,2022/03/16 4:59:59,当日18:00~第二天早上04:59期间登录游戏吧,18001002,180000,1,1,0,0
0,2022/03/16 5:00:00,18001059,106,0,8001,1,0,45959,2022/03/31 4:59:59,当日12:00~第二天早上04:59期间登录游戏吧,18001003,120000,1,1,0,0
0,2022/03/16 5:00:00,18001060,106,0,8001,1,0,45959,2022/03/31 4:59:59,当日18:00~第二天早上04:59期间登录游戏吧,18001004,180000,1,1,0,0
0,2022/03/31 5:00:00,18001061,106,0,8001,1,0,45959,2022/04/15 4:59:59,当日12:00~第二天早上04:59期间登录游戏吧,18001001,120000,1,1,0,0
0,2022/03/31 5:00:00,18001062,106,0,8001,1,0,45959,2022/04/15 4:59:59,当日18:00~第二天早上04:59期间登录游戏吧,18001002,180000,1,1,0,0
0,2022/04/15 5:00:00,18001063,106,0,8001,1,0,45959,2022/04/29 4:59:59,当日12:00～第二天早上04:59期间登录游戏吧,18001003,120000,1,1,0,0
0,2022/04/15 5:00:00,18001064,106,0,8001,1,0,45959,2022/04/29 4:59:59,当日18:00～第二天早上04:59期间登录游戏吧,18001004,180000,1,1,0,0
0,2022/04/29 5:00:00,18001065,106,0,8001,1,0,45959,2022/04/30 4:59:59,当日12:00～第二天早上04:59期间登录游戏吧,18001001,120000,1,1,0,0
0,2022/04/29 5:00:00,18001066,106,0,8001,1,0,45959,2022/04/30 4:59:59,当日18:00～第二天早上04:59期间登录游戏吧,18001002,180000,1,1,0,0
0,2022/04/30 5:00:00,18001067,106,0,8001,1,0,45959,2022/05/10 4:59:59,当日12:00～第二天早上04:59期间登录游戏吧,18001003,120000,1,1,0,0
0,2022/04/30 5:00:00,18001068,106,0,8001,1,0,45959,2022/05/10 4:59:59,当日18:00～第二天早上04:59期间登录游戏吧,18001004,180000,1,1,0,0
0,2022/05/10 5:00:00,18001069,106,0,8001,1,0,45959,2022/08/15 4:59:59,当日12:00～第二天早上04:59期间登录游戏吧,18001001,120000,1,1,0,0
0,2022/05/10 5:00:00,18001070,106,0,8001,1,0,45959,2022/08/15 4:59:59,当日18:00～第二天早上04:59期间登录游戏吧,18001002,180000,1,1,0,0
0,2022/08/15 5:00:00,18001071,106,0,8001,1,0,45959,2022/09/01 4:59:59,当日12:00～第二天早上04:59期间登录游戏吧,18001003,120000,1,1,0,0
0,2022/08/15 5:00:00,18001072,106,0,8001,1,0,45959,2022/09/01 4:59:59,当日18:00～第二天早上04:59期间登录游戏吧,18001004,180000,1,1,0,0
0,2022/09/01 5:00:00,18001073,106,0,8001,1,0,45959,2022/11/10 4:59:59,当日12:00～第二天早上04:59期间登录游戏吧,18001001,120000,1,1,0,0
0,2022/09/01 5:00:00,18001074,106,0,8001,1,0,45959,2022/11/10 4:59:59,当日18:00～第二天早上04:59期间登录游戏吧,18001002,180000,1,1,0,0
0,2023/02/15 5:00:00,18001075,106,0,8001,1,0,45959,2023/03/01 4:59:59,当日12:00～第二天早上04:59期间登录游戏吧,18001005,120000,1,1,0,0
0,2023/02/15 5:00:00,18001076,106,0,8001,1,0,45959,2023/03/01 4:59:59,当日18:00～第二天早上04:59期间登录游戏吧,18001006,180000,1,1,0,0
0,2022/11/22 5:00:00,18001077,106,0,8001,1,0,45959,2023/03/08 4:59:59,当日12:00～第二天早上04:59期间登录游戏吧,18001001,120000,1,1,0,0
0,2022/11/22 5:00:00,18001078,106,0,8001,1,0,45959,2023/03/08 4:59:59,当日18:00～第二天早上04:59期间登录游戏吧,18001002,180000,1,1,0,0
0,2023/03/08 5:00:00,18001079,106,0,8001,1,0,45959,2023/03/17 4:59:59,当日12:00～第二天早上04:59期间登录游戏吧,18001003,120000,1,1,0,0
0,2023/03/08 5:00:00,18001080,106,0,8001,1,0,45959,2023/03/17 4:59:59,当日18:00～第二天早上04:59期间登录游戏吧,18001004,180000,1,1,0,0
0,2023/03/17 5:00:00,18001081,106,0,8001,1,0,45959,2023/04/12 4:59:59,当日12:00～第二天早上04:59期间登录游戏吧,18001001,120000,1,1,0,0
0,2023/03/17 5:00:00,18001082,106,0,8001,1,0,45959,2023/04/12 4:59:59,当日18:00～第二天早上04:59期间登录游戏吧,18001002,180000,1,1,0,0
0,2023/04/12 5:00:00,18001083,106,0,8001,1,0,45959,2023/04/26 4:59:59,当日12:00～第二天早上04:59期间登录游戏吧,18001003,120000,1,1,0,0
0,2023/04/12 5:00:00,18001084,106,0,8001,1,0,45959,2023/04/26 4:59:59,当日18:00～第二天早上04:59期间登录游戏吧,18001004,180000,1,1,0,0
0,2023/04/26 5:00:00,18001085,106,0,8001,1,0,45959,2023/05/01 4:59:59,当日12:00～第二天早上04:59期间登录游戏吧,18001001,120000,1,1,0,0
0,2023/04/26 5:00:00,18001086,106,0,8001,1,0,45959,2023/05/01 4:59:59,当日18:00～第二天早上04:59期间登录游戏吧,18001002,180000,1,1,0,0
0,2023/05/01 5:00:00,18001087,106,0,8001,1,0,45959,2023/05/10 4:59:59,当日12:00～第二天早上04:59期间登录游戏吧,18001003,120000,1,1,0,0
0,2023/05/01 5:00:00,18001088,106,0,8001,1,0,45959,2023/05/10 4:59:59,当日18:00～第二天早上04:59期间登录游戏吧,18001004,180000,1,1,0,0
0,2023/05/10 5:00:00,18001089,106,0,8001,1,0,45959,2023/08/15 4:59:59,当日12:00～第二天早上04:59期间登录游戏吧,18001001,120000,1,1,0,0
0,2023/05/10 5:00:00,18001090,106,0,8001,1,0,45959,2023/08/15 4:59:59,当日18:00～第二天早上04:59期间登录游戏吧,18001002,180000,1,1,0,0
0,2023/08/15 5:00:00,18001091,106,0,8001,1,0,45959,2023/09/01 4:59:59,当日12:00～第二天早上04:59期间登录游戏吧,18001003,120000,1,1,0,0
0,2023/08/15 5:00:00,18001092,106,0,8001,1,0,45959,2023/09/01 4:59:59,当日18:00～第二天早上04:59期间登录游戏吧,18001004,180000,1,1,0,0
0,2023/09/01 5:00:00,18001093,106,0,8001,1,0,45959,2024/02/16 4:59:59,当日12:00～第二天早上04:59期间登录游戏吧,18001001,120000,1,1,0,0
0,2023/09/01 5:00:00,18001094,106,0,8001,1,0,45959,2024/02/16 4:59:59,当日18:00～第二天早上04:59期间登录游戏吧,18001002,180000,1,1,0,0
0,2024/02/16 5:00:00,18001095,106,0,8001,1,0,45959,2024/03/01 4:59:59,当日12:00～第二天早上04:59期间登录游戏吧,18001003,120000,1,1,0,0
0,2024/02/16 5:00:00,18001096,106,0,8001,1,0,45959,2024/03/01 4:59:59,当日18:00～第二天早上04:59期间登录游戏吧,18001004,180000,1,1,0,0
0,2024/03/01 5:00:00,18001097,106,0,8001,1,0,45959,2024/03/08 4:59:59,当日12:00～第二天早上04:59期间登录游戏吧,18001001,120000,1,1,0,0
0,2024/03/01 5:00:00,18001098,106,0,8001,1,0,45959,2024/03/08 4:59:59,当日18:00～第二天早上04:59期间登录游戏吧,18001002,180000,1,1,0,0
0,2024/03/08 5:00:00,18001099,106,0,8001,1,0,45959,2024/03/17 4:59:59,当日12:00～第二天早上04:59期间登录游戏吧,18001003,120000,1,1,0,0
0,2024/03/08 5:00:00,18001100,106,0,8001,1,0,45959,2024/03/17 4:59:59,当日18:00～第二天早上04:59期间登录游戏吧,18001004,180000,1,1,0,0
0,2024/03/17 5:00:00,18001101,106,0,8001,1,0,45959,2024/04/17 4:59:59,当日12:00～第二天早上04:59期间登录游戏吧,18001001,120000,1,1,0,0
0,2024/03/17 5:00:00,18001102,106,0,8001,1,0,45959,2024/04/17 4:59:59,当日18:00～第二天早上04:59期间登录游戏吧,18001002,180000,1,1,0,0
0,2024/04/17 5:00:00,18001103,106,0,8001,1,0,45959,2024/04/25 4:59:59,当日12:00～第二天早上04:59期间登录游戏吧,18001003,120000,1,1,0,0
0,2024/04/17 5:00:00,18001104,106,0,8001,1,0,45959,2024/04/25 4:59:59,当日18:00～第二天早上04:59期间登录游戏吧,18001004,180000,1,1,0,0
0,2024/04/25 5:00:00,18001105,106,0,8001,1,0,45959,2024/04/30 4:59:59,当日12:00～第二天早上04:59期间登录游戏吧,18001001,120000,1,1,0,0
0,2024/04/25 5:00:00,18001106,106,0,8001,1,0,45959,2024/04/30 4:59:59,当日18:00～第二天早上04:59期间登录游戏吧,18001002,180000,1,1,0,0
0,2024/04/30 5:00:00,18001107,106,0,8001,1,0,45959,2024/05/11 4:59:59,当日12:00～第二天早上04:59期间登录游戏吧,18001003,120000,1,1,0,0
0,2024/04/30 5:00:00,18001108,106,0,8001,1,0,45959,2024/05/11 4:59:59,当日18:00～第二天早上04:59期间登录游戏吧,18001004,180000,1,1,0,0
0,2024/05/11 5:00:00,18001109,106,0,8001,1,0,45959,2024/06/15 4:59:59,当日12:00～第二天早上04:59期间登录游戏吧,18001001,120000,1,1,0,0
0,2024/05/11 5:00:00,18001110,106,0,8001,1,0,45959,2024/06/15 4:59:59,当日18:00～第二天早上04:59期间登录游戏吧,18001002,180000,1,1,0,0
0,2024/06/15 5:00:00,18001111,106,0,8001,1,0,45959,2024/06/20 4:59:59,当日12:00～第二天早上04:59期间登录游戏吧,18001003,120000,1,1,0,0
0,2024/06/15 5:00:00,18001112,106,0,8001,1,0,45959,2024/06/20 4:59:59,当日18:00～第二天早上04:59期间登录游戏吧,18001004,180000,1,1,0,0
0,2024/06/20 5:00:00,18001113,106,0,8001,1,0,45959,2024/08/15 4:59:59,当日12:00～第二天早上04:59期间登录游戏吧,18001001,120000,1,1,0,0
0,2024/06/20 5:00:00,18001114,106,0,8001,1,0,45959,2024/08/15 4:59:59,当日18:00～第二天早上04:59期间登录游戏吧,18001002,180000,1,1,0,0
0,2024/08/15 5:00:00,18001115,106,0,8001,1,0,45959,2024/09/01 4:59:59,当日12:00～第二天早上04:59期间登录游戏吧,18001003,120000,1,1,0,0
0,2024/08/15 5:00:00,18001116,106,0,8001,1,0,45959,2024/09/01 4:59:59,当日18:00～第二天早上04:59期间登录游戏吧,18001004,180000,1,1,0,0
0,2024/09/01 5:00:00,18001117,106,0,8001,1,0,45959,2024/12/16 4:59:59,当日12:00～第二天早上04:59期间登录游戏吧,18001001,120000,1,1,0,0
0,2024/09/01 5:00:00,18001118,106,0,8001,1,0,45959,2024/12/16 4:59:59,当日18:00～第二天早上04:59期间登录游戏吧,18001002,180000,1,1,0,0
0,2024/12/16 5:00:00,18001119,106,0,8001,1,0,45959,2024/12/24 4:59:59,当日12:00~第二天早上04:59期间登录游戏吧,18001003,120000,1,1,0,0
0,2024/12/16 5:00:00,18001120,106,0,8001,1,0,45959,2024/12/24 4:59:59,当日18:00~第二天早上04:59期间登录游戏吧,18001004,180000,1,1,0,0
0,2024/12/24 5:00:00,18001121,106,0,8001,1,0,45959,2024/12/24 5:00:00,当日12:00~第二天早上04:59期间登录游戏吧,18001001,120000,1,1,0,0
0,2024/12/24 5:00:00,18001122,106,0,8001,1,0,45959,2024/12/24 5:00:00,当日18:00~第二天早上04:59期间登录游戏吧,18001002,180000,1,1,0,0
0,2024/12/24 5:00:00,18001123,106,0,8001,1,0,45959,2025/01/04 4:59:59,当日12:00~第二天早上04:59期间登录游戏吧,18001003,120000,1,1,0,0
0,2024/12/24 5:00:00,18001124,106,0,8001,1,0,45959,2025/01/04 4:59:59,当日18:00~第二天早上04:59期间登录游戏吧,18001004,180000,1,1,0,0
0,2025/01/04 5:00:00,18001125,106,0,8001,1,0,45959,2025/02/15 4:59:59,当日12:00~第二天早上04:59期间登录游戏吧,18001001,120000,1,1,0,0
0,2025/01/04 5:00:00,18001126,106,0,8001,1,0,45959,2025/02/15 4:59:59,当日18:00~第二天早上04:59期间登录游戏吧,18001002,180000,1,1,0,0
0,2025/02/15 5:00:00,18001127,106,0,8001,1,0,45959,2025/03/01 4:59:59,当日12:00~第二天早上04:59期间登录游戏吧,18001005,120000,1,1,0,0
0,2025/02/15 5:00:00,18001128,106,0,8001,1,0,45959,2025/03/01 4:59:59,当日18:00~第二天早上04:59期间登录游戏吧,18001006,180000,1,1,0,0
0,2025/03/01 5:00:00,18001129,106,0,8001,1,0,45959,2025/04/15 4:59:59,当日12:00~第二天早上04:59期间登录游戏吧,18001001,120000,1,1,0,0
0,2025/03/01 5:00:00,18001130,106,0,8001,1,0,45959,2025/04/15 4:59:59,当日18:00~第二天早上04:59期间登录游戏吧,18001002,180000,1,1,0,0
0,2025/04/15 5:00:00,18001131,106,0,8001,1,0,45959,2025/04/23 4:59:59,当日12:00~第二天早上04:59期间登录游戏吧,18001003,120000,1,1,0,0
0,2025/04/15 5:00:00,18001132,106,0,8001,1,0,45959,2025/04/23 4:59:59,当日18:00~第二天早上04:59期间登录游戏吧,18001004,180000,1,1,0,0
0,2025/04/23 5:00:00,18001133,106,0,8001,1,0,45959,2025/06/14 4:59:59,当日12:00~第二天早上04:59期间登录游戏吧,18001001,120000,1,1,0,0
0,2025/04/23 5:00:00,18001134,106,0,8001,1,0,45959,2025/06/14 4:59:59,当日18:00~第二天早上04:59期间登录游戏吧,18001002,180000,1,1,0,0
0,2025/06/14 5:00:00,18001135,106,0,8001,1,0,45959,2025/06/30 4:59:59,当日12:00~第二天早上04:59期间登录游戏吧,18001003,120000,1,1,0,0
0,2025/06/14 5:00:00,18001136,106,0,8001,1,0,45959,2025/06/30 4:59:59,当日18:00~第二天早上04:59期间登录游戏吧,18001004,180000,1,1,0,0
0,2025/06/30 5:00:00,18001137,106,0,8001,1,0,45959,2025/09/29 4:59:59,当日12:00~第二天早上04:59期间登录游戏吧,18001001,120000,1,1,0,0
0,2025/06/30 5:00:00,18001138,106,0,8001,1,0,45959,2025/09/29 4:59:59,当日18:00~第二天早上04:59期间登录游戏吧,18001002,180000,1,1,0,0
0,2025/09/29 5:00:00,18001139,106,0,8001,1,0,45959,2025/10/10 4:59:59,当日12:00~第二天早上04:59期间登录游戏吧,18001003,120000,1,1,0,0
0,2025/09/29 5:00:00,18001140,106,0,8001,1,0,45959,2025/10/10 4:59:59,当日18:00~第二天早上04:59期间登录游戏吧,18001004,180000,1,1,0,0
0,2025/10/10 5:00:00,18001141,106,0,8001,1,0,45959,2025/11/14 4:59:59,当日12:00~第二天早上04:59期间登录游戏吧,18001001,120000,1,1,0,0
0,2025/10/10 5:00:00,18001142,106,0,8001,1,0,45959,2025/11/14 4:59:59,当日18:00~第二天早上04:59期间登录游戏吧,18001002,180000,1,1,0,0
0,2025/11/14 5:00:00,18001143,106,0,8001,1,0,45959,2025/11/29 4:59:59,当日12:00~第二天早上04:59期间登录游戏吧,18001003,120000,1,1,0,0
0,2025/11/14 5:00:00,18001144,106,0,8001,1,0,45959,2025/11/29 4:59:59,当日18:00~第二天早上04:59期间登录游戏吧,18001004,180000,1,1,0,0
0,2025/11/29 5:00:00,18001145,106,0,8001,1,0,45959,2026/01/14 4:59:59,当日12:00~第二天早上04:59期间登录游戏吧,18001001,120000,1,1,0,0
0,2025/11/29 5:00:00,18001146,106,0,8001,1,0,45959,2026/01/14 4:59:59,当日18:00~第二天早上04:59期间登录游戏吧,18001002,180000,1,1,0,0
0,2026/01/14 5:00:00,18001147,106,0,8001,1,0,45959,2026/01/29 4:59:59,当日12:00~第二天早上04:59期间登录游戏吧,18001003,120000,1,1,0,0
0,2026/01/14 5:00:00,18001148,106,0,8001,1,0,45959,2026/01/29 4:59:59,当日18:00~第二天早上04:59期间登录游戏吧,18001004,180000,1,1,0,0
0,2026/01/29 5:00:00,18001149,106,0,8001,1,0,45959,2026/01/30 4:59:59,当日12:00~第二天早上04:59期间登录游戏吧,18001001,120000,1,1,0,0
0,2026/01/29 5:00:00,18001150,106,0,8001,1,0,45959,2026/01/30 4:59:59,当日18:00~第二天早上04:59期间登录游戏吧,18001002,180000,1,1,0,0
0,2026/01/30 5:00:00,18001151,106,0,8001,1,0,45959,2026/03/06 4:59:59,在当日05:00～第二天早上04:59间登录游戏吧,280009901,50000,1,1,0,0
0,2026/03/06 5:00:00,18001152,106,0,8001,1,0,45959,2026/03/16 4:59:59,在当日05:00～第二天早上04:59间登录游戏吧,280009902,50000,1,1,0,0
0,2026/03/16 5:00:00,18001153,106,0,8001,1,0,45959,2026/04/15 4:59:59,在当日05:00～第二天早上04:59间登录游戏吧,280009901,50000,1,1,0,0
0,2026/04/15 5:00:00,18001154,106,0,8001,1,0,45959,2026/04/16 4:59:59,在当日05:00～第二天早上04:59间登录游戏吧,280009902,50000,1,1,0,0
0,2026/04/16 5:00:00,18001155,106,0,8001,1,0,45959,2026/04/17 4:59:59,在当日05:00～第二天早上04:59间登录游戏吧,280009904,50000,1,1,0,0
0,2026/04/30 5:00:00,18001156,106,0,8001,1,0,45959,2026/06/16 4:59:59,在当日05:00～第二天早上04:59间登录游戏吧,280009903,50000,1,1,0,0
0,2026/04/17 5:00:00,18001157,106,0,8001,1,0,45959,2026/04/30 4:59:59,在当日05:00～第二天早上04:59间登录游戏吧,280009902,50000,1,1,0,0
0,2026/06/16 5:00:00,18001158,106,0,8001,1,0,45959,2026/07/01 4:59:59,在当日05:00～第二天早上04:59间登录游戏吧,280009902,50000,1,1,0,0
0,2026/07/01 5:00:00,18001159,106,0,8001,1,0,45959,2099/12/31 23:59:59,在当日05:00～第二天早上04:59间登录游戏吧,280009903,50000,1,1,0,0
0,2026/04/17 5:00:00,18002001,106,0,8001,1,0,45959,2099/12/31 23:59:59,在当日05:00～第二天早上04:59间登录游戏吧,18002001,50000,1,1,0,0
0,2020/01/01 0:00:00,18004001,404,208,8004,4,0,0,2020/05/26 4:59:59,购买玛那1次吧,18004001,0,1,1,0,0
0,2020/05/26 5:00:00,18004002,404,208,8004,4,0,0,2020/06/02 4:59:59,购买玛那1次吧,18004002,0,1,1,0,0
0,2020/06/02 5:00:00,18004003,404,208,8004,4,0,0,2020/06/25 4:59:59,购买玛那1次吧,18004001,0,1,1,0,0
0,2020/06/25 5:00:00,18004004,404,208,8004,4,0,0,2020/06/30 4:59:59,购买玛那1次吧,18004002,0,1,1,0,0
0,2020/06/30 5:00:00,18004005,404,208,8004,4,0,0,2020/07/23 4:59:59,购买玛那1次吧,18004001,0,1,1,0,0
0,2020/07/23 5:00:00,18004006,404,208,8004,4,0,0,2020/07/28 4:59:59,购买玛那1次吧,18004002,0,1,1,0,0
0,2020/07/28 5:00:00,18004007,404,208,8004,4,0,0,2020/08/20 4:59:59,购买玛那1次吧,18004001,0,1,1,0,0
0,2020/08/20 5:00:00,18004008,404,208,8004,4,0,0,2020/08/25 4:59:59,购买玛那1次吧,18004002,0,1,1,0,0
0,2020/08/25 5:00:00,18004009,404,208,8004,4,0,0,2020/09/17 4:59:59,购买玛那1次吧,18004001,0,1,1,0,0
0,2020/09/17 5:00:00,18004010,404,208,8004,4,0,0,2020/09/22 4:59:59,购买玛那1次吧,18004002,0,1,1,0,0
0,2020/09/22 5:00:00,18004011,404,208,8004,4,0,0,2020/10/16 4:59:59,购买玛那1次吧,18004001,0,1,1,0,0
0,2020/10/16 5:00:00,18004012,404,208,8004,4,0,0,2020/10/26 4:59:59,购买玛那1次吧,18004002,0,1,1,0,0
0,2020/10/26 5:00:00,18004013,404,208,8004,4,0,0,2020/11/12 4:59:59,购买玛那1次吧,18004001,0,1,1,0,0
0,2020/11/12 5:00:00,18004014,404,208,8004,4,0,0,2020/11/17 4:59:59,购买玛那1次吧,18004002,0,1,1,0,0
0,2020/11/17 5:00:00,18004015,404,208,8004,4,0,0,2020/12/10 4:59:59,购买玛那1次吧,18004001,0,1,1,0,0
0,2020/12/10 5:00:00,18004016,404,208,8004,4,0,0,2020/12/15 4:59:59,购买玛那1次吧,18004002,0,1,1,0,0
0,2020/12/15 5:00:00,18004017,404,208,8004,4,0,0,2020/12/31 4:59:59,购买玛那1次吧,18004001,0,1,1,0,0
0,2020/12/31 5:00:00,18004018,404,208,8004,4,0,0,2021/01/10 4:59:59,购买玛那1次吧,18004002,0,1,1,0,0
0,2021/01/10 5:00:00,18004019,404,208,8004,4,0,0,2021/01/31 4:59:59,购买玛那1次吧,18004001,0,1,1,0,0
0,2021/01/31 5:00:00,18004020,404,208,8004,4,0,0,2021/02/06 4:59:59,购买玛那1次吧,18004002,0,1,1,0,0
0,2021/02/06 5:00:00,18004021,404,208,8004,4,0,0,2021/03/04 4:59:59,购买玛那1次吧,18004001,0,1,1,0,0
0,2021/03/04 5:00:00,18004022,404,208,8004,4,0,0,2021/03/09 4:59:59,购买玛那1次吧,18004002,0,1,1,0,0
0,2021/03/09 5:00:00,18004023,404,208,8004,4,0,0,2099/12/31 23:59:59,购买玛那1次吧,18004001,0,1,1,0,0
