magic_str,wave_hp_recovery,equipment_name,dodge,promotion_level,accuracy,life_steal,magic_def,def,atk,magic_penetrate,hp,physical_critical,energy_reduce_rate,wave_energy_recovery,magic_critical,physical_penetrate,equipment_id,energy_recovery_rate,description,hp_recovery_rate
0.0,0.0,铁剑,0.0,1,0.0,0.0,0.0,0.0,0.0,0.0,0.0,0.0,0.0,0.0,0.0,0.0,101011,0.0,剑,0.0
0.0,0.0,杀手铅笔,0.0,1,0.0,0.0,0.0,0.0,0.0,0.0,0.0,0.0,0.0,0.0,0.0,0.0,101071,0.0,短剑,0.0
0.0,0.0,木制拳套,0.0,1,0.0,0.0,0.0,0.0,0.0,0.0,0.0,0.0,0.0,0.0,0.0,0.0,101101,0.0,拳套,0.0
0.0,0.0,猎人弓,0.0,1,0.0,0.0,0.0,0.0,0.0,0.0,0.0,0.0,0.0,0.0,0.0,0.0,101131,0.0,弓,0.0
0.0,0.0,钢矛,0.0,1,0.0,0.0,0.0,0.0,0.0,0.0,0.0,0.0,0.0,0.0,0.0,0.0,101161,0.0,矛,0.0
0.0,0.0,单手斧,0.0,1,0.0,0.0,0.0,0.0,0.0,0.0,0.0,0.0,0.0,0.0,0.0,0.0,101191,0.0,斧,0.0
0.0,0.0,香木法杖,0.0,1,0.0,0.0,0.0,0.0,0.0,0.0,0.0,0.0,0.0,0.0,0.0,0.0,101251,0.0,回复法杖,0.0
0.0,0.0,皮革工作服,0.0,1,0.0,0.0,0.0,0.0,0.0,0.0,0.0,0.0,0.0,0.0,0.0,0.0,101281,0.0,轻甲,0.0
0.0,0.0,旅行长袍,0.0,1,0.0,0.0,0.0,0.0,0.0,0.0,0.0,0.0,0.0,0.0,0.0,0.0,101371,0.0,魔法服,0.0
0.0,0.0,木盾,0.0,1,0.0,0.0,0.0,0.0,0.0,0.0,0.0,0.0,0.0,0.0,0.0,0.0,101401,0.0,盾,0.0
0.0,0.0,皮革鞋,0.0,1,0.0,0.0,0.0,0.0,0.0,0.0,0.0,0.0,0.0,0.0,0.0,0.0,101431,0.0,鞋,0.0
0.0,0.0,时尚贝雷帽,0.0,1,0.0,0.0,0.0,0.0,0.0,0.0,0.0,0.0,0.0,0.0,0.0,0.0,101521,0.0,魔法帽子,0.0
0.0,0.0,能源手镯,0.0,1,0.0,0.0,0.0,0.0,0.0,0.0,0.0,0.0,0.0,0.0,0.0,0.0,101551,0.0,攻击饰品,0.0
0.0,0.0,护身项链,0.0,1,0.0,0.0,0.0,0.0,0.0,0.0,0.0,0.0,0.0,0.0,0.0,0.0,101581,0.0,防御饰品,0.0
0.0,0.0,助威手镯,0.0,1,0.0,0.0,0.0,0.0,0.0,0.0,0.0,0.0,0.0,0.0,0.0,0.0,101611,0.0,魔法饰品,0.0
0.0,0.0,齿轮剑,0.0,2,0.0,0.0,0.0,0.0,13.0,0.0,30.0,0.0,0.0,0.0,0.0,0.0,102011,0.0,剑,0.0
0.0,0.0,蓝血剑,0.0,2,0.0,0.0,0.0,0.0,27.0,0.0,60.0,0.0,0.0,0.0,0.0,0.0,102013,0.0,剑,0.0
0.0,0.0,极光剑,0.0,2,0.0,0.0,1.0,1.0,27.0,0.0,0.0,0.0,0.0,0.0,0.0,0.0,102014,0.0,剑,0.0
0.0,0.0,月牙刀,0.0,2,0.0,0.0,0.0,0.0,30.0,0.0,35.0,0.0,0.0,0.0,0.0,0.0,102041,0.0,刀,0.0
0.0,0.0,指挥匕首,0.0,2,0.0,0.0,0.0,0.0,13.0,0.0,0.0,0.0,0.0,5.0,0.0,0.0,102071,0.0,短剑,0.0
0.0,0.0,皮革拳套,0.0,2,0.0,0.0,0.0,0.0,27.0,0.0,0.0,0.0,0.0,10.0,0.0,0.0,102101,0.0,拳套,0.0
0.0,0.0,水晶弓,0.0,2,0.0,0.0,1.0,0.0,27.0,0.0,0.0,0.0,0.0,0.0,0.0,0.0,102131,0.0,弓,0.0
0.0,0.0,三叉戟,0.0,2,0.0,0.0,0.0,1.0,12.0,0.0,0.0,0.0,0.0,0.0,0.0,0.0,102162,0.0,矛,0.0
0.0,0.0,火焰枪,0.0,2,0.0,0.0,0.0,3.0,20.0,0.0,0.0,0.0,0.0,0.0,0.0,0.0,102163,0.0,矛,0.0
0.0,0.0,金属斧,0.0,2,0.0,0.0,0.0,0.0,16.0,0.0,0.0,0.0,0.0,0.0,0.0,0.0,102191,0.0,斧,0.0
0.0,0.0,高级金属斧,0.0,2,0.0,0.0,0.0,0.0,34.0,0.0,0.0,0.0,0.0,0.0,0.0,0.0,102192,0.0,斧,0.0
16.0,0.0,碧绿法杖,0.0,2,0.0,0.0,0.0,0.0,0.0,0.0,0.0,0.0,0.0,0.0,0.0,0.0,102221,0.0,攻击法杖,0.0
34.0,0.0,幼龙法杖,0.0,2,0.0,0.0,0.0,0.0,0.0,0.0,0.0,0.0,0.0,0.0,0.0,0.0,102222,0.0,攻击法杖,0.0
13.0,0.0,告别医生之杖,0.0,2,0.0,0.0,1.0,0.0,0.0,0.0,0.0,0.0,0.0,0.0,0.0,0.0,102251,0.0,回复法杖,0.0
27.0,0.0,独角兽的慈爱,0.0,2,0.0,0.0,1.0,0.0,0.0,0.0,0.0,0.0,0.0,0.0,0.0,0.0,102252,0.0,回复法杖,0.0
0.0,0.0,智慧之衣,0.0,2,0.0,0.0,0.0,0.0,5.0,0.0,90.0,0.0,0.0,0.0,0.0,0.0,102281,0.0,轻甲,0.0
0.0,0.0,轻便铠甲,0.0,2,0.0,0.0,1.0,1.0,7.0,0.0,150.0,0.0,0.0,0.0,0.0,0.0,102282,0.0,轻甲,0.0
0.0,0.0,鳞甲,0.0,2,0.0,0.0,0.0,1.0,0.0,0.0,95.0,0.0,0.0,0.0,0.0,0.0,102311,0.0,重装鎧,0.0
0.0,0.0,高级金属铠甲,0.0,2,0.0,0.0,1.0,2.0,0.0,0.0,180.0,0.0,0.0,0.0,0.0,0.0,102312,0.0,重装鎧,0.0
0.0,0.0,传统服装,0.0,2,0.0,0.0,0.0,0.0,6.0,0.0,90.0,0.0,0.0,0.0,0.0,0.0,102341,0.0,服,0.0
0.0,110.0,忍者服,0.0,2,0.0,0.0,1.0,1.0,7.0,0.0,120.0,0.0,0.0,0.0,0.0,0.0,102342,0.0,服,0.0
4.0,0.0,春色长袍,0.0,2,0.0,0.0,1.0,0.0,0.0,0.0,65.0,0.0,0.0,0.0,0.0,0.0,102371,0.0,魔法服,0.0
7.0,0.0,北境长袍,0.0,2,0.0,0.0,2.0,1.0,0.0,0.0,120.0,0.0,0.0,0.0,0.0,0.0,102372,0.0,魔法服,0.0
0.0,0.0,塔盾,0.0,2,0.0,0.0,0.0,3.0,7.0,0.0,135.0,0.0,0.0,0.0,0.0,0.0,102401,0.0,盾,0.0
0.0,0.0,小丑鞋,1.0,2,0.0,0.0,0.0,1.0,2.0,0.0,30.0,0.0,0.0,0.0,0.0,0.0,102431,0.0,鞋,0.0
0.0,0.0,狩猎鞋,2.0,2,0.0,0.0,1.0,2.0,3.0,0.0,60.0,0.0,0.0,0.0,0.0,0.0,102432,0.0,鞋,0.0
8.0,0.0,女巫靴,0.0,2,0.0,0.0,1.0,0.0,0.0,0.0,30.0,0.0,0.0,0.0,0.0,0.0,102461,0.0,魔法鞋,0.0
0.0,0.0,可爱鸭舌帽,0.0,2,0.0,0.0,0.0,1.0,3.0,0.0,90.0,0.0,0.0,0.0,0.0,0.0,102491,0.0,头盔,0.0
0.0,0.0,军团头盔,0.0,2,0.0,0.0,1.0,1.0,0.0,0.0,90.0,0.0,0.0,0.0,0.0,0.0,102493,0.0,头盔,0.0
7.0,0.0,修女头巾,0.0,2,0.0,0.0,3.0,1.0,0.0,0.0,0.0,0.0,0.0,0.0,0.0,0.0,102521,0.0,魔法帽子,10.0
0.0,30.0,勇气宝珠,0.0,2,0.0,0.0,0.0,0.0,11.0,0.0,0.0,0.0,0.0,5.0,0.0,0.0,102551,0.0,攻击饰品,0.0
0.0,0.0,刺钉手镯,0.0,2,0.0,0.0,0.0,1.0,20.0,0.0,0.0,0.0,0.0,10.0,0.0,0.0,102552,0.0,攻击饰品,5.0
0.0,25.0,仁爱宝珠,0.0,2,0.0,0.0,1.0,1.0,0.0,0.0,55.0,0.0,0.0,0.0,0.0,0.0,102581,0.0,防御饰品,0.0
0.0,0.0,胜利手带,0.0,2,0.0,0.0,2.0,2.0,0.0,0.0,120.0,0.0,0.0,0.0,0.0,0.0,102582,0.0,防御饰品,0.0
11.0,0.0,魔法眼镜,0.0,2,0.0,0.0,1.0,0.0,0.0,0.0,0.0,0.0,0.0,0.0,0.0,0.0,102611,0.0,魔法饰品,0.0
10.0,25.0,智慧宝珠,0.0,2,0.0,0.0,0.0,0.0,0.0,0.0,0.0,0.0,0.0,5.0,0.0,0.0,102612,0.0,魔法饰品,0.0
24.0,0.0,魔法单眼镜,0.0,2,0.0,0.0,2.0,0.0,0.0,0.0,0.0,0.0,0.0,0.0,0.0,0.0,102613,0.0,魔法饰品,0.0
20.0,0.0,花纹手镯,0.0,2,0.0,0.0,1.0,0.0,0.0,0.0,0.0,0.0,0.0,10.0,0.0,0.0,102614,0.0,魔法饰品,0.0
0.0,0.0,皓耀剑,0.0,3,0.0,0.0,0.0,0.0,13.4,0.0,30.0,0.0,0.0,0.0,0.0,0.0,103011,0.0,剑,0.0
0.0,0.0,龙纹剑,0.0,3,0.0,0.0,0.0,0.0,17.7,0.0,38.4,0.0,0.0,0.0,0.0,0.0,103012,0.0,剑,0.0
0.0,0.0,轻羽剑,0.0,3,0.0,0.0,0.0,0.0,20.4,0.0,45.0,0.0,0.0,0.0,0.0,0.0,103013,0.0,剑,0.0
0.0,0.0,月光刀,0.0,3,0.0,0.0,0.0,0.0,19.4,0.0,21.7,0.0,0.0,0.0,0.0,0.0,103041,0.0,刀,0.0
0.0,0.0,雷神刀,0.0,3,0.0,0.0,0.0,0.0,22.7,0.0,25.0,0.0,0.0,0.0,0.0,0.0,103042,0.0,刀,0.0
0.0,0.0,白金匕首,0.0,3,0.0,0.0,0.0,0.0,13.4,0.0,0.0,0.0,0.0,5.0,0.0,0.0,103071,0.0,短剑,0.0
0.0,0.0,吸血鬼短剑,0.0,3,0.0,1.0,0.0,0.0,20.4,0.0,0.0,0.0,0.0,0.0,0.0,0.0,103072,0.0,短剑,0.0
0.0,0.0,龙爪,0.0,3,0.0,0.0,0.0,0.0,17.7,0.0,0.0,0.0,0.0,5.0,0.0,0.0,103101,0.0,拳套,0.0
0.0,0.0,丘比特之弓,0.0,3,0.0,0.0,1.0,0.0,17.7,0.0,0.0,0.0,0.0,0.0,0.0,0.0,103131,0.0,弓,0.0
0.0,0.0,恶魔弓,0.0,3,0.0,0.0,1.0,0.0,20.4,0.0,0.0,0.0,0.0,0.0,0.0,0.0,103132,0.0,弓,0.0
0.0,0.0,骑士的荣耀,0.0,3,0.0,0.0,0.0,1.0,11.7,0.0,0.0,0.0,0.0,0.0,0.0,0.0,103161,0.0,矛,0.0
0.0,0.0,绝对之矛,0.0,3,0.0,0.0,0.0,1.7,15.4,0.0,0.0,0.0,0.0,0.0,0.0,0.0,103162,0.0,矛,0.0
0.0,0.0,蓝星斧,0.0,3,0.0,0.0,0.0,0.0,16.7,0.0,0.0,0.0,0.0,0.0,0.0,0.0,103191,0.0,斧,0.0
0.0,0.0,丽花战斧,0.0,3,0.0,0.0,0.0,0.0,22.0,0.0,0.0,0.0,0.0,0.0,0.0,0.0,103192,0.0,斧,0.0
0.0,0.0,雷电斧,0.0,3,0.0,0.0,0.0,0.0,25.7,0.0,0.0,0.0,0.0,0.0,0.0,0.0,103193,0.0,斧,0.0
16.7,0.0,刺血法杖,0.0,3,0.0,0.0,0.0,0.0,0.0,0.0,0.0,0.0,0.0,0.0,0.0,0.0,103221,0.0,攻击法杖,0.0
25.7,0.0,恶魔之角,0.0,3,0.0,0.0,0.0,0.0,0.0,0.0,0.0,0.0,0.0,0.0,0.0,0.0,103222,0.0,攻击法杖,0.0
13.4,0.0,天球护身法杖,0.0,3,0.0,0.0,0.7,0.0,0.0,0.0,0.0,0.0,0.0,0.0,0.0,0.0,103251,0.0,回复法杖,0.0
17.7,0.0,花蕾法杖,0.0,3,0.0,0.0,1.0,0.0,0.0,0.0,0.0,0.0,0.0,0.0,0.0,0.0,103252,0.0,回复法杖,0.0
0.0,0.0,时髦盔甲,0.0,3,0.0,0.0,0.4,0.4,3.7,0.0,81.7,0.0,0.0,0.0,0.0,0.0,103281,0.0,轻甲,0.0
0.0,0.0,战裙,0.0,3,0.0,0.0,0.7,0.7,5.0,0.0,108.4,0.0,0.0,0.0,0.0,0.0,103282,0.0,轻甲,0.0
0.0,0.0,重金属护甲,0.0,3,0.0,0.0,0.7,0.7,5.7,0.0,126.7,0.0,0.0,0.0,0.0,0.0,103283,0.0,轻甲,0.0
0.0,0.0,华丽护甲,0.0,3,0.0,0.0,0.7,1.0,0.0,0.0,81.7,0.0,0.0,0.0,0.0,0.0,103311,0.0,重装鎧,0.0
0.0,53.4,千层服,0.0,3,0.0,0.0,0.4,0.4,3.4,0.0,60.0,0.0,0.0,0.0,0.0,0.0,103341,0.0,衣服,0.0
0.0,70.0,宫廷服,0.0,3,0.0,0.0,0.4,0.7,4.4,0.0,78.4,0.0,0.0,0.0,0.0,0.0,103342,0.0,衣服,0.0
0.0,123.4,秩序法衣,0.0,3,0.0,0.0,0.7,0.7,5.0,0.0,68.4,0.0,0.0,0.0,0.0,0.0,103343,0.0,衣服,0.0
4.4,0.0,丘比特长袍,0.0,3,0.0,0.0,1.4,0.7,0.0,0.0,78.4,0.0,0.0,0.0,0.0,0.0,103371,0.0,魔法服,0.0
4.7,0.0,哲学家长袍,0.0,3,0.0,0.0,1.4,0.7,0.0,0.0,81.7,0.0,0.0,0.0,0.0,0.0,103372,0.0,魔法服,1.7
0.0,0.0,石榴石盾,0.0,3,0.0,0.0,0.0,2.0,2.7,0.0,96.7,0.0,0.0,0.0,0.0,0.0,103401,0.0,盾,0.0
0.0,0.0,忍者鞋,1.0,3,0.0,0.0,0.4,0.7,1.7,0.0,30.0,0.0,0.0,0.0,0.0,0.0,103431,0.0,鞋,0.0
0.0,0.0,击剑鞋,1.4,3,0.0,0.0,0.0,0.0,8.7,0.0,38.4,0.0,0.0,0.0,0.0,0.0,103432,0.0,鞋,0.0
6.7,0.0,女巫的宫廷长靴,0.0,3,0.0,0.0,1.4,1.0,0.0,0.0,38.4,0.0,0.0,0.0,0.0,0.0,103461,0.0,魔法鞋,0.0
0.0,0.0,黑龙盔,0.0,3,0.0,0.0,1.4,1.7,0.0,0.0,78.4,0.0,0.0,0.0,0.0,0.0,103491,0.0,头盔,0.0
6.7,0.0,女巫发箍,0.0,3,0.0,0.0,1.4,0.0,0.0,0.0,30.0,0.0,0.0,0.0,0.0,0.0,103521,0.0,魔法帽子,0.0
8.7,0.0,女巫帽,0.0,3,0.0,0.0,2.0,0.0,0.0,0.0,38.4,0.0,0.0,0.0,0.0,0.0,103522,0.0,魔法帽子,0.0
0.0,30.0,蛋白石耳环,0.0,3,0.0,0.0,0.0,1.0,11.0,0.0,0.0,0.0,0.0,0.0,0.0,0.0,103551,0.0,攻击饰品,0.0
0.0,78.4,狮鹫羽饰,0.0,3,0.0,0.0,0.0,0.7,14.7,0.0,0.0,0.0,0.0,0.0,0.0,0.0,103552,0.0,攻击饰品,0.0
0.0,0.0,绯红钻石,0.0,3,0.0,0.0,0.0,1.4,18.0,0.0,23.4,0.0,0.0,0.0,0.0,0.0,103553,0.0,攻击饰品,0.0
0.0,0.0,祖母绿耳环,0.0,3,0.0,0.0,1.0,1.0,0.0,0.0,60.0,0.0,0.0,0.0,0.0,0.0,103581,0.0,防御饰品,0.0
0.0,0.0,八芒星项链,0.0,3,0.0,0.0,1.4,1.7,8.7,0.0,0.0,0.0,0.0,0.0,0.0,0.0,103582,0.0,防御饰品,0.0
0.0,0.0,狮子王的守护,0.0,3,0.0,0.0,1.7,1.7,0.0,0.0,90.0,0.0,0.0,0.0,0.0,0.0,103583,0.0,防御饰品,0.0
10.0,0.0,绿松石耳环,0.0,3,0.0,0.0,0.0,0.0,0.0,0.0,0.0,0.0,0.0,8.4,0.0,0.0,103611,0.0,魔法饰品,0.0
3.4,0.0,珍珠耳环,0.0,3,0.0,0.0,1.7,0.0,0.0,0.0,0.0,0.0,0.0,0.0,0.0,0.0,103612,0.0,魔法饰品,5.0
13.0,0.0,魔法师眼镜,0.0,3,0.0,0.0,0.0,0.0,0.0,0.0,0.0,0.0,0.0,11.7,0.0,0.0,103613,0.0,魔法饰品,0.0
15.4,0.0,月桂树的哀伤,0.0,3,0.0,0.0,1.0,0.0,0.0,0.0,0.0,0.0,0.0,0.0,0.0,0.0,103614,0.0,魔法饰品,5.0
0.0,0.0,天使剑,0.0,4,0.0,0.0,0.0,0.0,14.6,0.0,33.0,0.0,0.0,0.0,0.0,0.0,104011,0.0,剑,0.0
0.0,0.0,太阳剑,0.0,4,0.0,0.0,0.0,0.0,16.0,0.0,14.0,0.0,0.0,3.0,0.0,0.0,104012,0.0,剑,0.0
0.0,0.0,冰之大剑,0.0,4,0.0,0.0,0.0,0.0,19.0,0.0,0.0,2.0,0.0,0.0,0.0,0.0,104013,0.8,剑,0.0
0.0,0.0,混沌之刃,0.0,4,0.0,0.4,0.0,0.0,19.0,0.0,28.0,0.0,0.0,0.0,0.0,0.0,104014,0.0,剑,0.0
0.0,0.0,妖蝶刀,0.0,4,0.0,0.4,0.0,0.0,14.6,0.0,16.0,0.0,0.0,0.0,0.0,0.0,104041,0.0,刀,0.0
0.0,0.0,光辉剑,0.0,4,0.0,0.0,0.0,0.0,20.8,0.0,0.0,0.0,0.0,0.0,0.0,0.0,104042,1.6,刀,0.0
0.0,0.0,鹰神之煌剑,0.0,4,0.0,0.0,0.0,0.0,21.0,0.0,0.0,3.0,0.0,0.0,0.0,0.0,104043,0.0,刀,0.0
0.0,20.0,凤凰刀,0.0,4,0.0,0.0,0.0,0.0,22.0,0.0,0.0,2.0,0.0,0.0,0.0,0.0,104044,0.0,刀,0.0
0.0,0.0,珍贵匕首,0.0,4,0.0,0.0,0.0,0.0,14.6,0.0,0.0,0.0,0.0,5.0,0.0,0.0,104071,0.0,短剑,0.0
0.0,60.0,公主短剑,0.0,4,0.0,0.0,0.0,0.0,15.0,0.0,10.0,0.0,0.0,0.0,0.0,0.0,104072,0.0,短剑,0.0
0.0,30.0,暗之刃,0.0,4,0.0,0.0,1.0,0.0,16.0,0.0,0.0,0.0,0.0,0.0,0.0,0.0,104073,0.0,短剑,0.0
0.0,30.0,独角兽匕首,0.0,4,1.0,0.0,0.0,0.0,16.8,0.0,20.0,0.0,0.0,0.0,0.0,0.0,104074,0.0,短剑,0.0
0.0,0.0,火焰护臂,0.0,4,0.0,0.0,0.0,0.0,14.6,0.0,0.0,0.0,0.0,5.0,0.0,0.0,104101,0.0,拳套,0.0
0.0,0.0,狮子王的护臂,0.0,4,0.0,0.0,0.0,0.0,22.2,0.0,0.0,2.0,0.0,0.0,0.0,0.0,104102,1.8,拳套,0.0
0.0,0.0,暴雪之爪,0.0,4,0.0,0.0,0.0,0.0,18.0,0.0,0.0,2.0,1.0,0.0,0.0,0.0,104103,0.0,拳套,0.0
0.0,0.0,苍雷拳,0.0,4,0.0,0.0,0.8,0.0,20.0,0.0,0.0,2.0,0.0,0.0,0.0,0.0,104104,0.0,拳套,0.0
0.0,0.0,雷光弓,0.0,4,0.0,0.0,0.8,0.0,14.6,0.0,0.0,0.0,0.0,0.0,0.0,0.0,104131,0.0,弓,0.0
0.0,24.0,天使弓,0.0,4,0.0,0.0,0.8,0.0,15.0,0.0,0.0,0.0,0.0,0.0,0.0,0.0,104132,0.8,弓,0.0
0.0,0.0,风暴之爪,0.0,4,0.0,0.0,1.2,0.0,15.0,0.0,0.0,3.0,0.0,0.0,0.0,0.0,104133,0.0,弓,0.0
0.0,12.0,精灵树之弓,0.0,4,1.0,0.0,0.8,0.0,16.0,0.0,0.0,0.0,0.0,0.0,0.0,0.0,104134,0.0,弓,0.0
0.0,0.0,绯龙矛,0.0,4,0.0,0.0,0.0,1.2,12.8,0.0,0.0,0.0,0.0,0.0,0.0,0.0,104161,0.0,矛,0.0
0.0,0.0,女王之矛,0.0,4,0.0,0.0,0.4,1.0,13.6,0.0,0.0,0.0,0.0,0.0,0.0,0.0,104162,0.0,矛,0.0
0.0,0.0,兴风者,0.0,4,0.0,0.0,0.4,0.6,17.0,0.0,0.0,1.0,0.0,0.0,0.0,0.0,104163,0.0,茅,0.0
0.0,0.0,盖亚之矛,0.0,4,0.0,0.0,0.4,0.6,16.0,0.0,0.0,0.0,0.0,0.0,0.0,0.0,104164,0.6,矛,0.0
0.0,0.0,紫龙斧,0.0,4,0.0,0.0,0.0,0.0,18.2,0.0,0.0,0.0,0.0,0.0,0.0,0.0,104191,0.0,斧,0.0
0.0,0.0,地狱火之斧,0.0,4,0.0,0.0,0.0,0.0,19.4,0.0,0.0,0.0,0.0,0.0,0.0,0.0,104192,0.0,斧,0.0
0.0,0.0,战女王的烈斧,0.0,4,0.0,0.0,0.0,0.0,22.8,0.0,0.0,0.0,0.0,0.0,0.0,0.0,104193,0.0,斧,0.0
0.0,0.0,水精灵之斧,0.0,4,0.0,0.0,0.0,0.0,24.0,0.0,0.0,2.0,0.0,0.0,0.0,0.0,104194,0.0,斧,0.0
18.2,0.0,愤怒法杖,0.0,4,0.0,0.0,0.0,0.0,0.0,0.0,0.0,0.0,0.0,0.0,0.0,0.0,104221,0.0,攻击法杖,0.0
18.4,0.0,太阳法杖,0.0,4,0.0,0.2,0.0,0.0,0.0,0.0,0.0,0.0,0.0,0.0,0.0,0.0,104222,0.0,攻击法杖,0.0
20.8,0.0,司法神的锡杖,0.0,4,0.0,0.0,0.0,0.0,0.0,0.0,0.0,0.0,0.0,0.0,1.0,0.0,104223,0.0,攻击杖,0.0
21.6,20.0,大恶魔法杖,0.0,4,0.0,0.2,0.0,0.0,0.0,0.0,0.0,0.0,0.0,0.0,1.0,0.0,104224,0.0,攻击法杖,0.0
14.6,0.0,月华法杖,0.0,4,0.0,0.0,0.8,0.0,0.0,0.0,0.0,0.0,0.0,0.0,0.0,0.0,104251,0.0,回复法杖,0.0
13.4,0.0,生命法杖,0.0,4,0.0,0.0,0.8,0.0,0.0,0.0,0.0,0.0,0.0,0.0,0.0,0.0,104252,0.0,回复法杖,3.0
15.4,0.0,凤凰之杖,0.0,4,0.0,0.0,0.8,0.0,0.0,0.0,0.0,0.0,1.0,0.0,0.0,0.0,104253,0.0,回复杖,0.0
17.2,20.0,大天使法杖,0.0,4,0.0,0.0,0.8,0.0,0.0,0.0,0.0,0.0,0.0,0.0,0.0,0.0,104254,0.0,回复法杖,1.0
0.0,0.0,隐身战裙,0.0,4,0.0,0.0,0.4,0.4,4.0,0.0,90.0,0.0,0.0,0.0,0.0,0.0,104281,0.0,轻甲,0.0
0.0,0.0,秘银铠甲,0.0,4,0.0,0.0,0.4,0.6,5.0,0.0,50.0,0.0,0.0,5.0,0.0,0.0,104282,0.0,轻甲,0.0
0.0,0.0,十字军盔甲,0.0,4,0.0,0.0,0.8,1.0,7.0,0.0,30.0,2.0,0.0,0.0,0.0,0.0,104283,0.0,轻装铠甲,0.0
0.0,0.0,猩红铠甲,0.0,4,0.0,0.0,0.6,0.8,8.8,0.0,32.0,2.0,0.0,0.0,0.0,0.0,104284,0.0,轻甲,0.0
0.0,0.0,天使护甲,0.0,4,0.0,0.0,0.8,1.0,0.0,0.0,90.0,0.0,0.0,0.0,0.0,0.0,104311,0.0,重装鎧,0.0
0.0,80.0,绯红铠甲,0.0,4,0.0,0.0,0.8,0.8,0.0,0.0,60.0,0.0,0.0,0.0,0.0,0.0,104312,0.0,重装鎧,0.0
0.0,0.0,紫罗兰盔甲,0.0,4,0.0,0.0,2.0,0.8,0.0,0.0,60.0,0.0,0.0,0.0,0.0,0.0,104313,0.0,重装铠甲,0.0
0.0,0.0,弑龙铠甲,0.0,4,0.0,0.2,2.0,1.4,0.0,0.0,20.0,0.0,0.0,0.0,0.0,0.0,104314,0.0,重甲,0.0
0.0,65.0,月下法衣,0.0,4,0.0,0.0,0.4,0.4,2.0,0.0,72.0,0.0,0.0,0.0,0.0,0.0,104341,0.0,服,0.0
0.0,0.0,隐士服,0.2,4,0.0,0.0,0.6,1.0,7.0,0.0,36.0,0.0,0.0,0.0,0.0,0.0,104342,0.0,服,0.0
0.0,0.0,苍天之袍,0.0,4,0.0,0.0,0.4,0.6,9.0,0.0,40.0,2.0,0.0,0.0,0.0,0.0,104343,0.0,服,0.0
0.0,50.0,暗黑礼裙,0.0,4,0.0,0.0,0.0,1.4,6.0,0.0,40.0,0.0,0.0,0.0,0.0,0.0,104344,0.0,衣服,0.0
9.4,0.0,大魔导师长袍,0.0,4,0.0,0.0,0.8,0.4,0.0,0.0,33.0,0.0,0.0,0.0,0.0,0.0,104371,0.8,魔法服,0.0
7.4,0.0,圣人长袍,0.0,4,0.0,0.0,0.8,0.4,0.0,0.0,48.0,0.0,0.0,0.0,0.0,0.0,104372,0.0,魔法服,1.0
5.0,0.0,翠绿灵衣,0.0,4,0.0,0.0,1.2,0.8,0.0,0.0,40.0,0.0,0.0,0.0,0.0,0.0,104373,0.0,魔法服,0.6
0.0,0.0,女王盾,0.0,4,0.0,0.8,0.8,0.8,3.6,0.0,33.0,0.0,0.0,0.0,0.0,0.0,104401,0.0,盾,0.0
0.0,0.0,守护者之盾,0.0,4,0.0,0.6,0.8,0.8,10.0,0.0,0.0,0.0,0.0,0.0,0.0,0.0,104402,0.0,盾,0.0
0.0,0.0,圣骑士护胫甲,1.2,4,0.0,0.0,0.4,0.8,1.8,0.0,33.0,0.0,0.0,0.0,0.0,0.0,104431,0.0,鞋,0.0
0.0,0.0,天使鞋,1.0,4,0.0,0.0,0.6,0.6,0.0,0.0,44.0,0.0,0.0,0.0,0.0,0.0,104432,0.0,鞋,3.0
0.0,0.0,妖精鞋,1.0,4,0.0,0.0,0.6,0.0,7.6,0.0,0.0,0.0,0.0,0.0,0.0,0.0,104433,0.0,鞋,2.0
5.4,0.0,巫师鞋,0.0,4,0.0,0.0,1.2,0.8,0.0,0.0,33.0,0.0,0.0,0.0,0.0,0.0,104461,0.0,魔法鞋,0.0
3.0,40.0,死灵法师之靴,0.0,4,0.0,0.0,2.4,0.2,0.0,0.0,20.0,0.0,0.0,0.0,0.0,0.0,104462,0.0,魔法靴,0.0
10.0,0.0,宝瓶鞋,0.0,4,0.0,0.0,1.0,0.0,0.0,0.0,8.0,0.0,0.4,0.0,1.4,0.0,104463,0.0,魔法鞋,0.0
0.0,0.0,羽翼头盔,0.0,4,0.0,0.0,0.0,0.8,3.6,0.0,98.0,0.0,0.0,0.0,0.0,0.0,104491,0.0,头盔,0.0
7.4,0.0,巫师头巾,0.0,4,0.0,0.0,1.6,0.0,0.0,0.0,33.0,0.0,0.0,0.0,0.0,0.0,104521,0.0,魔法帽子,0.0
9.0,0.0,法王头巾,0.0,4,0.0,0.0,0.8,0.0,0.0,0.0,18.0,0.0,0.0,4.0,1.0,0.0,104522,0.0,魔法帽子,0.0
9.0,0.0,福音之冠,0.0,4,0.0,0.0,1.0,0.6,0.0,0.0,20.0,0.0,0.0,0.0,1.0,0.0,104523,0.0,魔法帽子,0.0
0.0,0.0,元素之心,0.0,4,0.0,0.0,0.0,0.4,13.2,0.0,0.0,2.0,0.0,0.0,0.0,0.0,104551,1.0,攻击饰品,0.0
0.0,0.0,太阳护身符,0.0,4,0.0,0.0,0.4,0.0,14.0,0.0,0.0,2.0,0.0,0.0,0.0,0.0,104552,0.0,攻击饰品,2.0
0.0,0.0,焰帝戒指,0.0,4,0.0,0.0,0.0,0.0,14.8,0.0,40.0,2.4,0.0,0.0,0.0,0.0,104553,0.0,攻击饰品,0.0
0.0,0.0,猫神吊坠,0.4,4,2.0,0.0,0.0,0.0,10.8,0.0,0.0,1.6,0.0,0.0,0.0,0.0,104554,0.0,命中饰品,0.0
2.0,0.0,替身手镯,0.0,4,0.0,0.0,1.2,1.0,0.0,0.0,26.0,0.0,0.0,0.0,0.0,0.0,104581,1.0,防御饰品,0.0
0.0,0.0,月之手镯,0.0,4,0.0,0.0,1.0,1.8,0.0,0.0,60.0,0.0,0.0,0.0,0.0,0.0,104582,0.0,防御饰品,0.0
0.0,0.0,圣信徒吊坠,0.0,4,0.0,0.0,1.2,1.2,0.0,0.0,40.0,0.0,0.0,0.0,0.0,0.0,104583,0.0,防御饰品,2.0
9.2,0.0,新月的悲叹,0.0,4,0.0,0.0,0.0,0.0,0.0,0.0,10.0,0.0,0.0,3.0,1.2,0.0,104611,1.0,魔法饰品,0.0
14.0,24.0,龙之泪,0.0,4,0.0,0.0,0.0,0.0,0.0,0.0,24.0,0.0,0.0,0.0,1.6,0.0,104612,0.0,魔法饰品,0.0
16.0,0.0,大贤者宝珠,0.0,4,0.0,0.0,0.0,0.0,0.0,0.0,0.0,0.0,0.0,3.2,2.0,0.0,104613,0.0,魔法饰品,0.0
0.0,0.0,闪电之刃,0.0,5,0.6,0.0,0.0,0.0,21.0,0.0,24.0,2.0,0.0,0.0,0.0,0.0,105011,0.0,剑,0.0
0.0,0.0,天开圣剑,0.0,5,0.6,0.0,0.0,0.0,23.0,0.0,24.0,0.0,0.0,0.0,0.0,0.0,105012,0.0,剑,0.0
0.0,0.0,罪过的大剑,0.0,5,0.0,0.0,0.0,0.0,24.0,0.0,28.0,0.0,0.0,1.6,0.0,0.0,105013,0.0,剑,0.0
0.0,0.0,水之支配者神凑剑,0.0,5,0.0,0.0,0.0,0.0,26.4,0.0,32.0,0.8,0.0,0.0,0.0,0.0,105014,0.0,剑,0.0
0.0,0.0,霸王光龙剑,0.0,5,0.0,0.0,0.0,0.0,29.0,0.0,12.0,2.0,0.0,0.0,0.0,0.0,105015,0.0,剑,0.0
0.0,0.0,勇气星核剑,0.0,5,0.0,0.0,0.0,0.0,30.6,0.0,16.0,2.8,0.0,0.0,0.0,0.0,105016,0.0,剑,0.0
0.0,0.0,神兔之大剑,0.0,5,0.0,0.0,0.0,0.0,33.4,0.0,12.0,3.2,0.0,0.0,0.0,0.0,105017,0.0,剑,0.0
0.0,0.0,百华白樱刀,0.0,5,0.6,0.0,0.0,0.0,23.6,0.0,0.0,2.4,0.0,0.0,0.0,0.0,105041,0.0,刀,0.0
0.0,0.0,流祸苍刃,0.0,5,0.0,0.0,0.0,0.0,24.0,0.0,0.0,2.4,0.0,0.0,0.0,0.0,105042,0.0,刀,1.2
0.0,0.0,妖刀血鸦,0.0,5,0.0,0.4,0.0,0.0,25.0,0.0,0.0,2.8,0.0,0.0,0.0,0.0,105043,0.0,刀,0.0
0.0,0.0,烈火焰神刀,0.0,5,0.0,0.0,0.0,0.0,26.8,0.0,16.0,3.2,0.0,0.0,0.0,0.0,105044,0.0,刀,0.0
0.0,0.0,翠风神的太刀,0.0,5,0.0,0.0,0.0,0.8,24.0,0.0,20.0,2.0,0.0,0.0,0.0,0.0,105045,0.0,刀,0.0
0.0,0.0,降神的枝刃刀,0.0,5,0.4,0.0,0.0,0.0,30.0,0.0,0.0,5.0,0.0,0.0,0.0,0.0,105046,0.0,刀,0.0
0.0,0.0,旺鲤之神刀,0.0,5,0.0,0.0,0.0,0.0,34.4,0.0,0.0,4.0,0.0,0.0,0.0,0.0,105047,0.0,刀,0.0
0.0,30.0,翡翠匕首,0.0,5,0.0,0.0,0.0,0.0,20.0,0.0,24.0,4.0,0.0,0.0,0.0,0.0,105071,0.0,短剑,0.0
0.0,0.0,熔岩短剑,0.0,5,0.0,0.0,0.0,0.0,23.0,0.0,8.0,4.0,0.0,0.0,0.0,0.0,105072,0.4,短剑,0.0
0.0,24.0,提尔纳诺短剑,0.0,5,0.0,0.0,0.0,0.0,24.0,0.0,12.0,3.2,0.0,0.0,0.0,0.0,105073,0.0,短剑,0.0
0.0,0.0,天雷的双神剑,0.0,5,0.0,0.0,0.0,0.0,24.8,0.0,22.0,4.0,0.0,1.2,0.0,0.0,105074,0.0,短剑,0.0
0.0,0.0,黑曜石天黑剑,0.0,5,0.0,0.0,0.0,0.0,29.2,0.0,0.0,4.0,0.0,0.0,0.0,0.0,105075,0.0,短剑,0.0
0.0,0.0,地狱龙骑兵,0.0,5,0.0,0.0,0.0,0.0,32.2,0.0,0.0,2.8,0.0,0.0,0.0,0.0,105076,0.0,短剑,0.0
0.0,0.0,冥刃·鸦天狗,0.0,5,0.8,0.0,0.0,0.0,30.6,0.0,0.0,6.0,0.0,0.0,0.0,0.0,105077,0.0,短剑,0.0
0.0,0.0,月形拳套,0.0,5,0.6,0.0,0.0,0.0,24.0,0.0,0.0,1.2,0.0,0.0,0.0,0.0,105101,0.0,拳套,0.0
0.0,0.0,深红爪,0.0,5,0.0,0.0,0.0,0.0,26.0,0.0,0.0,3.2,0.0,0.0,0.0,0.0,105102,0.0,拳套,0.0
0.0,0.0,悲叹河之爪,0.0,5,0.0,0.0,0.0,0.6,24.0,0.0,0.0,2.8,0.0,0.0,0.0,0.0,105103,0.0,拳套,0.0
0.0,0.0,岚神风暴护手,0.0,5,0.0,0.0,0.0,0.8,24.8,0.0,0.0,3.2,0.0,0.0,0.0,0.0,105104,0.0,拳套,0.0
0.0,0.0,极暗爪血色护手,0.0,5,0.0,0.0,1.2,0.0,22.2,0.0,0.0,6.0,0.0,0.0,0.0,0.0,105105,0.0,拳套,0.0
0.0,0.0,勇气星核拳,0.0,5,0.0,0.0,0.0,0.0,30.8,0.0,0.0,6.0,0.0,0.0,0.0,0.0,105106,0.0,拳套,0.0
0.0,0.0,通天手甲·犀打,0.0,5,0.0,0.0,0.6,0.8,26.6,0.0,0.0,5.6,0.0,0.0,0.0,0.0,105107,0.0,拳套,0.0
0.0,0.0,白银大翼弓,0.0,5,0.0,0.0,0.8,0.0,20.0,0.0,0.0,0.8,0.0,0.0,0.0,0.0,105131,0.4,弓,0.0
0.0,0.0,深渊之弓,0.0,5,0.0,0.4,0.6,0.0,22.0,0.0,0.0,1.4,0.0,0.0,0.0,0.0,105132,0.0,弓,0.0
0.0,0.0,红天弓,0.0,5,0.6,0.0,0.0,0.0,25.2,0.0,0.0,3.0,0.0,0.0,0.0,0.0,105133,0.0,弓,0.0
0.0,0.0,宙斯坠落装号弓,0.0,5,0.0,0.0,0.4,0.4,26.4,0.0,0.0,0.0,0.0,0.0,0.0,0.0,105134,0.0,弓,0.0
0.0,0.0,冰冻泪弓,0.0,5,0.0,0.0,0.2,0.6,27.4,0.0,0.0,0.0,0.0,0.0,0.0,0.0,105135,0.0,弓,0.0
0.0,0.0,勇气星核弓,0.0,5,0.0,0.0,0.4,0.8,27.8,0.0,0.0,0.0,0.0,0.0,0.0,0.0,105136,0.0,弓,0.0
0.0,0.0,天穿之隼弓,0.0,5,0.0,0.0,0.4,0.0,32.0,0.0,0.0,4.4,0.0,0.0,0.0,0.0,105137,0.0,弓,0.0
0.0,0.0,冰霜矛,0.0,5,0.0,0.0,0.4,0.8,19.6,0.0,0.0,2.0,0.0,0.0,0.0,0.0,105161,0.0,矛,0.0
0.0,0.0,风神矛,0.4,5,0.0,0.0,0.6,0.8,18.4,0.0,0.0,0.0,0.0,0.0,0.0,0.0,105162,0.0,矛,0.0
0.0,0.0,护天的圣枪,0.0,5,0.0,0.0,0.8,0.8,20.4,0.0,0.0,0.0,0.0,0.0,0.0,0.0,105163,0.0,矛,0.0
0.0,0.0,毁灭之伤冥神枪,0.0,5,0.0,0.4,0.6,0.6,22.6,0.0,0.0,0.0,0.0,0.0,0.0,0.0,105164,0.0,矛,0.0
0.0,0.0,日珥豪炎枪,0.0,5,0.0,0.0,0.6,0.0,28.2,0.0,0.0,0.0,0.0,0.0,0.0,0.0,105165,0.0,矛,0.0
0.0,0.0,勇气星核枪,0.0,5,0.0,0.0,0.0,1.0,25.4,0.0,30.0,0.0,0.0,0.0,0.0,0.0,105166,0.0,矛,0.0
0.0,0.0,圣鹿枪阿尔玛贝娜德,0.0,5,0.0,0.0,0.0,0.6,27.8,0.0,50.0,0.0,0.0,0.0,0.0,0.0,105167,0.0,弓,0.0
0.0,0.0,死灵斧,0.0,5,0.2,0.4,0.0,0.0,24.0,0.0,0.0,0.0,0.0,0.0,0.0,0.0,105191,0.0,斧,0.0
0.0,0.0,神判圣斧,0.0,5,0.0,0.0,0.0,0.0,24.0,0.0,0.0,2.0,0.0,0.0,0.0,0.0,105192,0.6,斧,0.0
0.0,0.0,盖亚之斧,0.0,5,0.0,0.0,0.0,0.0,26.0,0.0,12.0,2.4,0.0,0.0,0.0,0.0,105193,0.0,斧,0.0
0.0,20.0,撼地神轰斧,0.0,5,0.0,0.0,0.0,0.0,28.0,0.0,0.0,2.4,0.0,0.0,0.0,0.0,105194,0.0,斧,0.0
0.0,0.0,碎核机操斧,0.0,5,0.0,0.0,0.2,0.0,30.2,0.0,0.0,0.0,0.0,0.0,0.0,0.0,105195,0.0,斧,0.0
0.0,0.0,绿松石·诺亚,0.0,5,0.0,0.0,0.0,0.0,34.0,0.0,0.0,0.0,0.0,0.0,0.0,0.0,105196,0.0,斧,0.0
0.0,0.0,炎熊帝之爪战斧,0.0,5,0.0,0.0,0.0,0.0,30.0,0.0,40.0,4.0,0.0,0.0,0.0,0.0,105197,0.0,斧,0.0
20.0,0.0,异界法杖,0.0,5,0.0,0.0,0.0,0.0,0.0,0.0,0.0,0.0,0.6,0.0,2.0,0.0,105221,0.0,攻击法杖,0.0
22.0,0.0,创世法杖,0.0,5,0.0,0.0,0.0,0.0,0.0,0.0,0.0,0.0,0.0,4.0,2.4,0.0,105222,0.0,攻击法杖,0.0
23.6,0.0,雷霆之杖,0.0,5,0.0,0.0,0.0,0.0,0.0,0.0,0.0,0.0,0.0,0.0,2.8,0.0,105223,0.4,攻击法杖,0.0
25.6,0.0,黑蛇龙之杖,0.0,5,0.0,0.0,0.0,0.0,0.0,0.0,0.0,0.0,0.0,2.0,3.2,0.0,105224,0.0,攻击法杖,0.0
29.2,0.0,牺牲月渊杖,0.0,5,0.0,0.0,0.0,0.0,0.0,0.0,0.0,0.0,0.0,0.0,2.0,0.0,105225,0.0,攻击法杖,0.0
30.8,0.0,清雅翠蝶杖,0.0,5,0.0,0.0,0.0,0.0,0.0,0.0,0.0,0.0,0.0,4.0,0.0,0.0,105226,0.0,攻击法杖,0.0
34.4,0.0,黑蛇魔炎杖,0.0,5,0.0,0.0,0.0,0.0,0.0,0.0,0.0,0.0,0.0,0.0,2.4,0.0,105227,0.0,攻击法杖,0.0
19.0,24.0,火精灵法杖,0.0,5,0.0,0.0,0.8,0.0,0.0,0.0,0.0,0.0,0.0,0.0,0.0,0.0,105251,0.0,回复法杖,1.2
18.4,0.0,神花圣杖,0.0,5,0.0,0.0,0.6,0.4,0.0,0.0,0.0,0.0,0.4,2.0,0.0,0.0,105252,0.0,回复法杖,0.0
20.0,24.0,亚特兰蒂斯之杖,0.0,5,0.0,0.0,0.8,0.6,0.0,0.0,0.0,0.0,0.0,0.0,0.0,0.0,105253,0.0,回复法杖,0.0
22.0,0.0,星域天球杖,0.0,5,0.0,0.0,0.8,0.6,0.0,0.0,12.0,0.0,0.0,0.0,0.0,0.0,105254,0.0,回复法杖,0.0
25.4,0.0,世界树枝之杖,0.0,5,0.0,0.0,0.4,0.4,0.0,0.0,0.0,0.0,0.0,0.0,0.0,0.0,105255,0.0,回复法杖,1.0
30.4,0.0,耀光炎鸟杖,0.0,5,0.0,0.0,0.4,0.2,0.0,0.0,0.0,0.0,0.0,0.0,0.0,0.0,105256,0.0,回复法杖,0.2
27.2,0.0,白蛇水圣杖,0.0,5,0.0,0.0,1.0,0.8,0.0,0.0,0.0,0.0,0.0,0.0,0.0,0.0,105257,0.0,回复法杖,0.0
0.0,0.0,幻影铠甲,0.0,5,0.0,0.0,0.8,1.2,6.4,0.0,20.0,0.0,0.0,0.0,0.0,0.0,105281,0.6,轻甲,0.0
0.0,0.0,九天之铠,0.0,5,0.0,0.0,1.2,1.2,8.4,0.0,16.0,0.0,0.0,0.0,0.0,0.0,105282,0.0,轻甲,0.0
0.0,0.0,愤怒女王的礼裙,0.0,5,0.0,0.0,1.0,1.4,8.8,0.0,16.0,0.0,0.0,0.0,0.0,0.0,105283,0.0,轻甲,0.0
0.0,0.0,闪华舞铠,0.0,5,0.0,0.0,1.2,1.2,9.6,0.0,0.0,0.0,0.0,2.4,0.0,0.0,105284,0.0,轻甲,0.0
0.0,0.0,灵魂玫瑰丽装,0.0,5,0.0,0.0,0.4,1.6,14.0,0.0,0.0,1.8,0.0,0.0,0.0,0.0,105285,0.0,轻甲,0.0
0.0,0.0,极南天之烈苍铠,0.0,5,0.0,0.0,0.8,1.2,16.2,0.0,0.0,0.0,0.0,0.0,0.0,0.0,105286,0.0,轻甲,0.0
0.0,0.0,圣光百合铠甲,0.0,5,0.0,0.0,1.0,0.6,18.4,0.0,0.0,4.0,0.0,0.0,0.0,0.0,105287,0.0,轻甲,0.0
0.0,0.0,苍辉之铠,0.0,5,0.0,0.0,1.8,2.0,0.0,0.0,24.0,0.0,0.0,0.0,0.0,0.0,105311,0.0,重甲,0.0
0.0,20.0,圣樱之铠,0.0,5,0.0,0.0,2.0,2.2,0.0,0.0,0.0,0.0,0.0,0.0,0.0,0.0,105312,0.0,重甲,0.0
0.0,0.0,煌金王铠,0.0,5,0.0,0.0,1.6,2.4,0.0,0.0,10.0,0.0,0.2,0.0,0.0,0.0,105313,0.0,重甲,0.0
0.0,0.0,烈风俊铠,0.0,5,0.0,0.0,2.0,2.4,0.0,0.0,14.0,0.0,0.0,0.0,0.0,0.0,105314,0.0,重甲,0.0
0.0,10.0,炽白银的镜铠,0.0,5,0.0,0.0,2.6,1.8,0.0,0.0,20.0,0.0,0.0,0.0,0.0,0.0,105315,0.0,重甲,0.0
0.0,0.0,极北天之霸焰铠,0.0,5,0.0,0.0,1.8,3.2,0.0,0.0,15.0,0.0,0.0,0.0,0.0,0.0,105316,0.0,重甲,0.0
0.0,0.0,霸王树之棘针铠,0.0,5,0.0,0.0,1.8,3.0,0.0,0.0,42.0,0.0,0.0,0.0,0.0,0.0,105317,0.0,重甲,0.0
0.0,0.0,神盾战衣,0.0,5,2.0,0.0,0.4,0.8,6.8,0.0,20.0,0.0,0.0,0.0,0.0,0.0,105341,0.0,衣服,0.0
0.0,0.0,少女服,0.4,5,0.0,0.0,2.0,1.2,0.0,0.0,32.0,0.0,0.0,0.0,0.0,0.0,105342,0.0,衣服,0.0
0.0,0.0,鬼焰斗衣,0.0,5,0.0,0.0,0.8,1.0,13.0,0.0,0.0,2.0,0.0,0.0,0.0,0.0,105343,0.0,衣服,0.0
0.0,0.0,极黑冥衣,0.0,5,0.0,0.0,0.8,1.0,13.2,0.0,0.0,2.4,0.0,0.0,0.0,0.0,105344,0.0,衣服,0.0
0.0,0.0,天蓝回旋曲流苍装,0.0,5,1.0,0.0,0.4,1.2,13.6,0.0,0.0,0.0,0.0,0.0,0.0,0.0,105345,0.0,衣服,0.0
0.0,30.0,极东天之碧风装,0.0,5,0.0,0.0,1.0,1.4,12.4,0.0,0.0,0.0,0.0,0.0,0.0,0.0,105346,0.0,衣服,0.0
0.0,0.0,白霞的纯花服,0.4,5,0.0,0.0,1.0,1.2,13.6,0.0,0.0,2.4,0.0,0.0,0.0,0.0,105347,0.0,衣服,0.0
4.0,0.0,纯洁巫女服,0.0,5,0.0,0.0,1.4,1.0,0.0,0.0,24.0,0.0,0.0,0.0,0.0,0.0,105371,0.6,魔法服,0.0
8.6,0.0,女皇长袍,0.0,5,0.0,0.0,1.4,1.0,0.0,0.0,0.0,0.0,0.0,0.0,1.6,0.0,105372,0.0,魔法服,0.0
9.6,0.0,魔导王长袍,0.0,5,0.0,0.0,1.4,0.8,0.0,0.0,0.0,0.0,0.0,0.0,2.0,0.0,105373,0.0,魔法服,0.0
8.6,0.0,爽冰天衣,0.0,5,0.0,0.0,1.4,1.2,0.0,0.0,16.0,0.0,0.0,0.0,0.0,0.0,105374,0.0,魔法服,0.0
9.2,0.0,咏星圣灵衣,0.0,5,0.0,0.0,1.6,1.0,0.0,0.0,0.0,0.0,0.0,0.0,2.6,0.0,105375,0.0,魔法服,0.0
10.4,0.0,极西天之圣导衣,0.0,5,0.0,0.0,1.8,0.8,0.0,0.0,0.0,0.0,0.0,0.0,3.0,0.0,105376,0.0,魔法服,0.0
12.0,0.0,绯天之郁金香礼服,0.0,5,0.0,0.0,1.8,1.2,0.0,0.0,0.0,0.0,0.0,0.0,1.6,0.0,105377,0.0,魔法服,0.0
0.0,0.0,星咏圆盾,0.4,5,0.0,0.0,0.6,1.0,10.8,0.0,0.0,0.0,0.0,0.0,0.0,0.0,105401,0.0,盾,0.0
0.0,0.0,炽白银的镜盾,0.0,5,0.0,0.0,2.8,1.8,0.0,0.0,16.0,0.0,0.0,0.0,0.0,0.0,105402,0.0,盾,0.0
0.0,0.0,圣圆环神洁莲,0.0,5,0.0,0.0,3.4,1.8,0.0,0.0,24.0,0.0,0.0,0.0,0.0,0.0,105403,0.0,盾,0.0
0.0,0.0,地狱胫甲,0.0,5,0.0,0.0,1.2,1.6,6.0,0.0,12.0,2.0,0.0,0.0,0.0,0.0,105431,0.0,鞋,0.0
0.0,0.0,翔天金靴,0.4,5,0.0,0.0,0.6,0.8,14.0,0.0,0.0,0.0,0.0,0.0,0.0,0.0,105432,0.0,鞋,0.0
0.0,0.0,极翼天之圣靴,0.0,5,0.0,0.0,3.6,1.2,0.0,0.0,20.0,0.0,0.0,0.0,0.0,0.0,105433,0.0,鞋,0.0
4.8,0.0,血红宝石高跟鞋,0.0,5,0.0,0.0,1.8,1.2,0.0,0.0,12.0,0.0,0.0,0.0,0.0,0.0,105462,0.0,魔法鞋,0.8
5.2,0.0,炽白银的镜靴,0.0,5,0.0,0.0,2.2,1.4,0.0,0.0,14.0,0.0,0.0,0.0,0.0,0.0,105463,0.0,魔法鞋,0.0
5.6,0.0,玫瑰之傲,0.0,5,0.0,0.0,2.8,1.8,0.0,0.0,0.0,0.0,0.0,0.0,0.0,0.0,105464,0.0,魔法鞋,0.0
0.0,0.0,皇家守卫帽,0.0,5,0.6,0.0,0.8,1.0,12.0,0.0,0.0,0.0,0.0,0.0,0.0,0.0,105491,0.0,帽子,0.0
9.6,0.0,忘哭之冠,0.0,5,0.0,0.0,1.0,0.6,0.0,0.0,20.0,0.0,0.0,0.0,1.6,0.0,105521,0.0,魔法帽子,0.0
4.4,0.0,白祈圣冠,0.0,5,0.0,0.0,2.0,1.2,0.0,0.0,0.0,0.0,0.0,2.4,0.0,0.0,105522,0.0,魔法帽子,0.0
4.6,0.0,繁荣头纱,0.0,5,0.0,0.0,1.8,1.6,0.0,0.0,0.0,0.0,0.0,0.0,0.0,0.0,105523,0.4,魔法帽子,0.0
7.2,0.0,极翼天之圣贤帽,0.0,5,0.0,0.0,2.0,1.4,0.0,0.0,0.0,0.0,0.0,3.0,0.0,0.0,105524,0.0,魔法帽子,0.0
0.0,0.0,千禧耳环,0.0,5,2.0,0.0,0.0,0.0,12.8,0.0,14.0,2.0,0.0,0.0,0.0,0.0,105551,0.0,攻击饰品,0.0
0.0,0.0,赫怒龙吊坠,0.0,5,0.0,0.0,0.0,0.0,16.8,0.0,0.0,2.6,0.0,5.0,0.0,0.0,105552,0.0,攻击饰品,0.0
0.0,0.0,斗神勇腕,0.0,5,0.0,0.0,0.0,0.0,20.4,0.0,0.0,4.8,0.0,0.0,0.0,0.0,105553,0.0,攻击饰品,0.0
0.0,0.0,焰火牡丹花簪,0.0,5,0.0,0.0,0.0,0.0,20.8,0.0,0.0,5.6,0.0,0.0,0.0,0.0,105554,0.0,攻击饰品,0.0
0.0,0.0,绯龙之爪火戒,0.0,5,0.6,0.0,0.0,0.0,19.6,0.0,0.0,5.8,0.0,0.0,0.0,0.0,105555,0.0,攻击饰品,0.0
0.0,0.0,红宝石玫瑰项圈,0.0,5,0.0,0.0,0.0,0.0,21.0,0.0,10.0,5.8,0.0,0.0,0.0,0.0,105556,0.0,攻击饰品,0.0
0.0,0.0,红鸟号角的胸针,0.0,5,0.0,0.0,0.0,0.0,22.0,0.0,0.0,7.6,0.0,0.0,0.0,0.0,105557,0.0,攻击饰品,0.0
0.0,20.0,精灵王护石,0.0,5,0.0,0.0,1.2,2.0,0.0,0.0,40.0,0.0,0.0,0.0,0.0,0.0,105581,0.0,防御饰品,0.0
0.0,0.0,人鱼公主的灵泪,0.0,5,0.0,0.0,1.6,2.4,0.0,0.0,12.0,0.0,0.0,0.0,0.0,0.0,105582,0.0,防御饰品,0.4
0.0,0.0,英盾王的手镯,0.0,5,0.0,0.0,2.0,2.0,0.0,0.0,0.0,0.0,0.4,0.0,0.0,0.0,105583,0.0,防御饰品,0.0
0.0,20.0,海龙神的发饰,0.0,5,0.0,0.0,2.4,2.0,0.0,0.0,0.0,0.0,0.0,0.0,0.0,0.0,105584,0.0,防御饰品,0.0
0.0,0.0,铁壁之佑神盾戒,0.0,5,0.0,0.0,1.8,2.8,0.0,0.0,10.0,0.0,0.0,0.0,0.0,0.0,105585,0.0,防御饰品,0.0
0.0,0.0,妖精项圈,0.6,5,0.0,0.0,2.2,1.8,0.0,0.0,12.0,0.0,0.0,0.0,0.0,0.0,105586,0.0,防御饰品,0.0
0.0,0.0,翠奏竖琴的胸针,0.0,5,0.0,0.0,2.6,2.6,0.0,0.0,0.0,0.0,0.0,0.0,0.0,0.0,105587,0.0,防御饰品,0.0
15.6,0.0,海神耳饰,0.0,5,0.0,0.0,0.0,0.0,0.0,0.0,0.0,0.0,0.6,0.0,1.6,0.0,105611,0.0,魔法饰品,0.0
16.8,0.0,圣兽的祈祷,0.0,5,0.0,0.0,0.0,0.0,0.0,0.0,28.0,0.0,0.0,0.0,2.0,0.0,105612,0.0,魔法饰品,0.0
18.4,24.0,睿智手镯,0.0,5,0.0,0.0,0.0,0.0,0.0,0.0,0.0,0.0,0.0,0.0,2.8,0.0,105613,0.0,魔法饰品,0.0
19.6,0.0,细冰姬的蝴蝶结,0.0,5,0.0,0.0,0.0,0.0,0.0,0.0,6.0,0.0,0.0,0.0,3.2,0.0,105614,0.0,魔法饰品,0.0
20.2,0.0,深结晶变异水晶,0.0,5,0.0,0.0,0.0,0.0,0.0,0.0,0.0,0.0,0.0,0.0,4.0,0.0,105615,0.0,魔法饰品,0.0
20.6,0.0,混沌无序项圈,0.0,5,0.0,0.0,0.0,0.0,0.0,0.0,0.0,0.0,0.0,2.0,3.0,0.0,105616,0.0,魔法饰品,0.0
21.0,0.0,苍晚夜想曲的胸针,0.0,5,0.0,0.0,0.0,0.0,0.0,0.0,0.0,0.0,0.0,0.0,5.0,0.0,105617,0.0,魔法饰品,0.0
0.0,0.0,辉光剑征服者,0.0,6,0.0,0.0,0.0,0.0,38.2,0.0,31.0,4.2,0.0,0.0,0.0,0.0,106011,0.0,剑,0.0
0.0,0.0,巧克力棒长剑,0.0,6,0.0,0.0,0.0,0.0,43.2,0.0,15.0,4.0,0.0,0.0,0.0,0.0,106012,0.0,剑,0.0
0.0,0.0,炎天赤日剑,0.0,6,0.0,0.0,0.0,0.0,47.0,0.0,11.0,3.6,0.0,0.0,0.0,0.0,106013,0.0,剑,0.0
0.0,0.0,红玉刀绯红之月,0.0,6,0.0,0.0,0.0,0.0,41.2,0.0,0.0,5.2,0.0,0.0,0.0,0.0,106041,0.0,刀,0.0
0.0,0.0,冰淇淋刀,0.0,6,0.0,0.0,0.0,0.0,43.2,0.0,0.0,7.4,0.0,0.0,0.0,0.0,106042,0.0,刀,0.0
0.0,0.0,薰风花散,0.0,6,1.0,0.0,0.0,0.0,43.0,0.0,0.0,7.8,0.0,0.0,0.0,0.0,106043,0.0,刀,0.0
0.0,0.0,翠风刃祖母绿短剑,0.0,6,0.0,0.0,0.0,0.0,39.6,0.0,0.0,8.4,0.0,0.0,0.0,0.0,106071,0.0,短剑,0.0
0.0,0.0,巧克力香蕉短剑,0.0,6,0.0,0.0,0.0,0.0,39.8,0.0,50.0,3.0,0.0,0.0,0.0,0.0,106072,0.0,短剑,0.0
0.0,0.0,紫雾短剑,1.0,6,0.0,0.0,0.0,0.0,42.4,0.0,0.0,2.4,0.0,0.0,0.0,0.0,106073,0.0,短剑,0.0
0.0,0.0,蛋白石抹灭之拳,0.0,6,0.0,0.0,0.8,0.4,34.8,0.0,0.0,6.0,0.0,0.0,0.0,0.0,106101,0.0,拳套,0.0
0.0,0.0,泡芙拳套,0.0,6,0.0,0.0,0.0,0.4,45.0,0.0,0.0,0.0,0.0,0.0,0.0,0.0,106102,0.0,拳套,0.0
0.0,0.0,沙尘瀑布手甲,0.0,6,0.0,0.0,0.0,1.2,44.0,0.0,0.0,0.0,0.0,0.0,0.0,0.0,106103,0.0,拳套,0.0
0.0,0.0,苍神弓仁慈蓝玉,0.0,6,0.0,0.0,2.0,1.0,28.8,0.0,0.0,0.0,0.0,0.0,0.0,0.0,106131,0.0,弓,0.0
0.0,0.0,甜甜糖果弓,0.0,6,0.0,0.0,1.6,0.0,39.0,0.0,0.0,0.0,0.0,0.0,0.0,0.0,106132,0.0,弓,0.0
0.0,0.0,白雨流转弓,0.0,6,0.0,0.0,2.0,0.0,39.2,0.0,0.0,1.6,0.0,0.0,0.0,0.0,106133,0.0,弓,0.0
0.0,0.0,水晶剥夺圣枪,0.0,6,0.0,0.0,0.8,0.0,39.8,0.0,0.0,0.0,0.0,0.0,0.0,0.0,106161,0.0,矛,0.0
0.0,0.0,巧克力长枪,0.0,6,0.0,0.0,0.0,1.4,40.0,0.0,0.0,0.0,0.0,0.0,0.0,0.0,106162,0.0,矛,0.0
0.0,0.0,电闪雷光之枪,0.0,6,0.0,0.0,0.6,0.6,43.0,0.0,0.0,2.0,0.0,0.0,0.0,0.0,106163,0.0,矛,0.0
0.0,0.0,黄铜裂战斧,0.0,6,0.0,0.0,0.0,0.0,43.8,0.0,0.0,0.0,0.0,0.0,0.0,0.0,106191,0.0,斧,0.0
0.0,0.0,可丽饼战斧,0.0,6,0.0,0.0,0.0,0.0,47.0,0.0,0.0,0.0,0.0,0.0,0.0,0.0,106192,0.0,斧,0.0
0.0,0.0,极天之光带斧,0.0,6,0.0,0.0,0.0,0.0,48.6,0.0,0.0,0.0,0.0,1.8,0.0,0.0,106193,0.0,斧,0.0
38.0,0.0,黑珍珠暗狱杖,0.0,6,0.0,0.0,0.0,0.0,0.0,0.0,0.0,0.0,0.0,0.0,5.8,0.0,106221,0.0,攻击法杖,0.0
40.4,0.0,棒棒糖手杖,0.0,6,0.0,0.0,0.0,0.0,0.0,0.0,0.0,0.0,0.0,0.0,6.6,0.0,106222,0.0,攻击法杖,0.0
42.8,0.0,月影弯月杖,0.0,6,0.0,0.0,0.0,0.0,0.0,0.0,0.0,0.0,0.0,0.0,7.2,0.0,106223,0.0,攻击法杖,0.0
29.0,0.0,白珍珠光天杖,0.0,6,0.0,0.0,0.8,0.6,0.0,0.0,69.0,0.0,0.0,0.0,0.0,0.0,106251,0.0,回复法杖,0.0
30.0,0.0,三色球短杖,0.0,6,0.0,0.0,1.4,1.2,0.0,0.0,35.0,0.0,0.0,0.0,0.0,0.0,106252,0.0,回复法杖,0.0
28.4,0.0,冰雪华晶之杖,0.0,6,0.0,0.0,1.8,1.4,0.0,0.0,50.0,0.0,0.0,0.0,0.0,0.0,106253,0.0,回复法杖,0.0
0.0,0.0,白金之煌鳞铠,0.0,6,0.0,0.0,1.4,1.8,15.6,0.0,0.0,0.0,0.0,0.0,0.0,0.0,106281,0.0,轻甲,0.0
0.0,0.0,巧克力铠甲,0.0,6,0.0,0.0,1.0,2.6,15.8,0.0,0.0,0.0,0.0,0.0,0.0,0.0,106282,0.0,轻甲,0.0
0.0,0.0,夜樱紫铠,0.0,6,0.0,0.0,1.0,1.2,24.0,0.0,0.0,2.0,0.0,0.0,0.0,0.0,106283,0.0,轻甲,0.0
0.0,0.0,纯金的圣雕重甲,0.0,6,0.0,0.0,2.2,2.8,0.0,0.0,37.0,0.0,0.0,3.0,0.0,0.0,106311,0.0,重甲,0.0
0.0,0.0,玫瑰草莓护甲,0.0,6,0.0,0.0,2.4,3.0,0.0,0.0,32.0,0.0,0.0,4.0,0.0,0.0,106312,0.0,重甲,0.0
0.0,0.0,樱花八重铠,0.0,6,0.0,0.0,2.4,3.2,0.0,0.0,43.0,0.0,0.0,4.0,0.0,0.0,106313,0.0,重甲,0.0
0.0,0.0,粉珊瑚礼裙,0.0,6,0.0,0.0,0.8,0.8,22.6,0.0,0.0,2.0,0.0,0.0,0.0,0.0,106341,0.0,衣服,0.0
0.0,0.0,华丽马卡龙礼裙,0.0,6,0.0,0.0,1.2,1.2,21.8,0.0,0.0,0.0,0.0,0.0,0.0,0.0,106342,0.0,衣服,0.0
0.0,0.0,薄红樱花圣衣,0.0,6,0.0,0.0,1.2,1.4,22.0,0.0,0.0,2.0,0.0,0.0,0.0,0.0,106343,0.0,衣服,0.0
17.4,0.0,黑玛瑙之祈装衣,0.0,6,0.0,0.0,1.4,1.0,0.0,0.0,0.0,0.0,0.0,0.0,2.0,0.0,106371,0.0,魔法服,0.0
9.8,0.0,魔法松饼长袍,0.0,6,0.0,0.0,2.8,2.0,0.0,0.0,0.0,0.0,0.0,0.0,0.0,0.0,106372,0.0,魔法服,0.0
20.0,0.0,白雪樱魔装,0.0,6,0.0,0.0,1.6,1.2,0.0,0.0,0.0,0.0,0.0,0.0,2.0,0.0,106373,0.0,魔法服,0.0
0.0,0.0,堇青石圆盾,0.0,6,0.0,0.0,2.4,2.4,7.4,0.0,0.0,0.0,0.0,0.0,0.0,0.0,106401,0.0,盾,0.0
0.0,0.0,薄荷冰淇淋高跟鞋,0.0,6,0.0,0.0,3.6,2.2,4.8,0.0,0.0,0.0,0.0,0.0,0.0,0.0,106431,0.0,鞋,0.0
8.6,0.0,月光水晶高跟鞋,0.0,6,0.0,0.0,2.4,1.6,0.0,0.0,25.0,0.0,0.0,0.0,0.0,0.0,106461,0.0,魔法鞋,0.0
10.0,0.0,樱吹雪绑带凉鞋,0.0,6,0.0,0.0,2.6,1.8,0.0,0.0,35.0,0.0,0.0,0.0,0.0,0.0,106462,0.0,魔法鞋,0.0
0.0,0.0,不散樱宽檐帽,0.0,6,0.0,0.0,3.8,2.2,6.2,0.0,0.0,0.0,0.0,0.0,0.0,0.0,106491,0.0,帽子,0.0
24.4,0.0,水果挞贝雷帽,0.0,6,0.0,0.0,0.6,0.8,0.0,0.0,0.0,0.0,0.0,0.0,2.4,0.0,106521,0.0,魔法帽子,0.0
0.0,0.0,神红戒红玉玫瑰,0.0,6,0.0,0.0,0.0,0.0,24.8,0.0,19.0,8.0,0.0,0.0,0.0,0.0,106551,0.0,攻击饰品,0.0
0.0,0.0,爆米花项链,0.0,6,0.0,0.0,0.0,0.0,27.4,0.0,20.0,8.2,0.0,0.0,0.0,0.0,106552,0.0,攻击饰品,0.0
0.0,0.0,狱天耳环,0.0,6,0.0,0.0,0.0,0.0,30.0,0.0,18.0,8.8,0.0,0.0,0.0,0.0,106553,0.0,攻击饰品,0.0
0.0,19.0,永恒绿戒,0.0,6,0.0,0.0,3.0,3.0,0.0,0.0,0.0,0.0,0.0,0.0,0.0,0.0,106581,0.0,防御饰品,0.0
0.0,0.0,马卡龙坠饰,0.0,6,0.0,0.0,3.2,3.4,0.0,0.0,7.0,0.0,0.0,0.0,0.0,0.0,106582,0.0,防御饰品,0.0
0.0,0.0,旋风耳环,0.0,6,0.0,0.0,3.4,3.4,0.0,0.0,22.0,0.0,0.0,0.0,0.0,0.0,106583,0.0,防御饰品,0.0
26.4,0.0,白圣石钻石之星,0.0,6,0.0,0.0,0.0,0.0,0.0,0.0,0.0,0.0,0.0,0.0,4.8,0.0,106611,0.0,魔法饰品,0.0
26.8,0.0,甜甜圈项圈,0.0,6,0.0,0.0,0.0,0.0,0.0,0.0,0.0,0.0,0.0,0.0,7.0,0.0,106612,0.0,魔法饰品,0.0
28.0,20.0,惠雨耳环,0.0,6,0.0,0.0,0.0,0.0,0.0,0.0,0.0,0.0,0.0,0.0,7.2,0.0,106613,0.0,魔法饰品,0.0
0.0,0.0,樱花盛开,0.0,7,0.0,0.0,0.0,0.0,53.6,0.0,8.0,3.6,0.0,0.0,0.0,0.0,107011,0.0,剑,0.0
0.0,0.0,裸海蝶之剑,0.0,7,0.0,0.0,0.0,0.0,56.2,0.0,17.0,3.2,0.0,0.0,0.0,0.0,107012,0.0,剑,0.0
0.0,0.0,防暴钉剑,0.0,7,0.0,0.0,0.0,0.0,57.2,0.0,34.0,2.8,0.0,0.0,0.0,0.0,107013,0.0,剑,0.0
0.0,0.0,宵刀影樱,0.0,7,0.0,0.0,0.0,0.0,52.0,0.0,0.0,8.4,0.0,0.0,0.0,0.0,107041,0.0,刀,0.0
0.0,0.0,虎鲸之刃,0.0,7,0.0,0.0,0.0,1.0,51.6,0.0,0.0,6.2,0.0,0.0,0.0,0.0,107042,0.0,刀,0.0
0.0,0.0,愤怒锁链之刃,0.0,7,0.0,0.0,0.0,0.0,59.4,0.0,0.0,6.2,0.0,0.0,0.0,0.0,107043,0.0,刀,0.0
0.0,0.0,樱花花瓣短剑,0.0,7,0.0,0.0,0.0,0.0,50.8,0.0,13.0,8.0,0.0,0.0,0.0,0.0,107071,0.0,短剑,0.0
0.0,0.0,鲨鱼短剑,0.0,7,0.0,0.0,0.0,0.0,55.6,0.0,0.0,8.2,0.0,0.0,0.0,0.0,107072,0.0,短剑,0.0
0.0,0.0,雷击短剑,0.0,7,0.0,0.0,0.0,0.0,59.0,0.0,0.0,7.0,0.0,0.0,0.0,0.0,107073,0.0,短剑,0.0
0.0,0.0,樱花护手,0.0,7,0.0,0.0,0.0,0.8,49.6,0.0,24.0,0.0,0.0,0.0,0.0,0.0,107101,0.0,拳套,0.0
0.0,0.0,海龟护手,0.0,7,0.0,0.0,1.2,1.2,47.8,0.0,0.0,0.0,0.0,0.0,0.0,0.0,107102,0.0,拳套,0.0
0.0,0.0,猫爪指虎,0.0,7,0.0,0.0,0.0,0.0,62.4,0.0,0.0,0.0,0.0,0.0,0.0,0.0,107103,0.0,拳套,0.0
0.0,0.0,垂枝樱花弓,0.0,7,0.0,0.0,1.0,1.0,46.2,0.0,0.0,0.0,0.0,0.0,0.0,0.0,107131,0.0,弓,0.0
0.0,0.0,小丑鱼弓,0.0,7,0.0,0.0,1.4,0.0,51.2,0.0,0.0,3.0,0.0,0.0,0.0,0.0,107132,0.0,弓,0.0
0.0,0.0,猎罪捕手弓,0.0,7,0.0,0.0,1.2,0.4,52.8,0.0,0.0,3.4,0.0,0.0,0.0,0.0,107133,0.0,弓,0.0
0.0,0.0,散樱飒枪,0.0,7,0.0,0.0,1.8,0.6,44.2,0.0,0.0,0.0,0.0,0.0,0.0,0.0,107161,0.0,矛,0.0
0.0,0.0,蟹钳之矛,0.0,7,0.0,0.0,0.8,2.0,45.8,0.0,0.0,0.0,0.0,0.0,0.0,0.0,107162,0.0,矛,0.0
0.0,0.0,骷髅头哥特式长矛,0.0,7,0.0,0.0,0.8,1.8,49.4,0.0,0.0,0.0,0.0,0.0,0.0,0.0,107163,0.0,矛,0.0
0.0,0.0,伐樱斧,0.0,7,0.0,0.0,0.0,0.0,56.2,0.0,0.0,0.0,0.0,0.0,0.0,0.0,107191,0.0,斧,0.0
0.0,0.0,鲸鱼斧,0.0,7,0.0,0.0,0.0,0.0,54.0,0.0,51.0,0.0,0.0,0.0,0.0,0.0,107192,0.0,斧,0.0
0.0,0.0,骷髅头哥特式长矛,0.0,7,0.0,0.0,0.0,0.0,54.6,0.0,48.0,5.0,0.0,0.0,0.0,0.0,107193,0.0,斧,0.0
45.8,0.0,樱花法杖,0.0,7,0.0,0.0,0.0,0.0,0.0,0.0,0.0,0.0,0.0,0.0,10.4,0.0,107221,0.0,攻击法杖,0.0
50.4,0.0,宝石海螺法杖,0.0,7,0.0,0.0,0.0,0.0,0.0,0.0,0.0,0.0,0.0,0.0,9.4,0.0,107222,0.0,攻击法杖,0.0
55.4,0.0,挂锁权杖,0.0,7,0.0,0.0,0.0,0.0,0.0,0.0,0.0,0.0,0.0,0.0,7.0,0.0,107223,0.0,攻击法杖,0.0
40.2,0.0,樱华舞杖,0.0,7,0.0,0.0,1.8,1.2,0.0,0.0,10.0,0.0,0.0,0.0,0.0,0.0,107251,0.0,回复法杖,0.0
38.6,0.0,水母法杖,0.0,7,0.0,0.0,1.6,1.2,0.0,0.0,64.0,0.0,0.0,0.0,0.0,0.0,107252,0.0,回复法杖,0.0
42.0,0.0,爆裂公主法杖,0.0,7,0.0,0.0,1.4,0.8,0.0,0.0,84.0,0.0,0.0,0.0,0.0,0.0,107253,0.0,回复法杖,0.0
0.0,0.0,夏日轻便比基尼铠甲,0.0,7,0.0,0.0,1.6,2.2,28.0,0.0,0.0,3.6,0.0,0.0,0.0,0.0,107281,0.0,轻甲,0.0
0.0,0.0,哥特式垂坠铠甲,0.0,7,0.0,0.0,1.8,2.2,29.6,0.0,0.0,4.4,0.0,0.0,0.0,0.0,107282,0.0,轻甲,0.0
0.0,0.0,纯洁白雪铠甲,0.0,7,0.0,0.0,2.6,2.0,29.8,0.0,0.0,4.4,0.0,0.0,0.0,0.0,107283,0.0,轻甲,0.0
0.0,0.0,沙滩泳圈铠甲,0.0,7,0.0,0.0,3.6,4.0,0.0,0.0,68.0,0.0,0.0,4.0,0.0,0.0,107311,0.0,重甲,0.0
0.0,0.0,哥特式铁娘子,0.0,7,0.0,0.0,4.0,4.4,0.0,0.0,86.0,0.0,0.0,0.0,0.0,0.0,107312,0.0,重甲,0.0
0.0,0.0,水晶冰铠,0.0,7,0.0,0.0,4.0,5.2,0.0,0.0,80.0,0.0,0.0,0.0,0.0,0.0,107313,0.0,重甲,0.0
0.0,0.0,牵牛花夏影浴衣,0.0,7,0.0,0.0,1.4,1.8,32.8,0.0,0.0,0.0,0.0,0.0,0.0,0.0,107341,0.0,衣服,0.0
0.0,0.0,朋克女孩,0.0,7,0.0,0.0,2.4,3.0,24.8,0.0,0.0,0.0,0.0,0.0,0.0,0.0,107342,0.0,衣服,0.0
0.0,0.0,白色极光礼服,0.0,7,0.0,0.0,2.0,1.6,29.8,0.0,64.0,0.0,0.0,0.0,0.0,0.0,107343,0.0,衣服,0.0
33.4,0.0,阳伞连衣裙,0.0,7,0.0,0.0,1.4,1.0,0.0,0.0,0.0,0.0,0.0,0.0,3.4,0.0,107371,0.0,魔法服,0.0
33.8,0.0,哥特蓝玫瑰,0.0,7,0.0,0.0,1.6,1.2,0.0,0.0,0.0,0.0,0.0,0.0,4.0,0.0,107372,0.0,魔法服,0.0
36.4,0.0,钻石星尘长袍,0.0,7,0.0,0.0,1.8,1.2,0.0,0.0,0.0,0.0,0.0,0.0,3.6,0.0,107373,0.0,魔法服,0.0
16.0,0.0,扶桑花凉鞋,0.0,7,0.0,0.0,2.6,2.4,0.0,0.0,69.0,0.0,0.0,0.0,0.0,0.0,107461,0.0,魔法鞋,0.0
16.4,0.0,铆钉黑靴,0.0,7,0.0,0.0,2.8,2.6,0.0,0.0,75.0,0.0,0.0,0.0,0.0,0.0,107462,0.0,魔法鞋,0.0
16.6,0.0,霜雪护符高跟鞋,0.0,7,0.0,0.0,3.0,2.6,0.0,0.0,92.0,0.0,0.0,0.0,0.0,0.0,107463,0.0,魔法鞋,0.0
0.0,0.0,向日葵草帽,0.0,7,0.0,0.0,1.2,1.2,36.8,0.0,0.0,0.0,0.0,0.0,0.0,0.0,107491,0.0,帽子,0.0
0.0,0.0,穿环黑帽,0.0,7,0.0,0.0,1.6,1.0,38.8,0.0,0.0,0.0,0.0,0.0,0.0,0.0,107492,0.0,帽子,0.0
0.0,0.0,雪花贝雷帽,0.0,7,0.0,0.0,0.0,0.0,43.0,0.0,105.0,0.0,0.0,0.0,0.0,0.0,107493,0.0,帽子,0.0
0.0,0.0,樱花飞舞的八重簪,0.0,7,0.0,0.0,0.0,0.0,42.0,0.0,0.0,6.0,0.0,0.0,0.0,0.0,107551,0.0,攻击饰品,0.0
0.0,0.0,红宝石扶桑花发饰,0.0,7,0.0,0.0,0.0,0.0,45.0,0.0,18.0,2.2,0.0,0.0,0.0,0.0,107552,0.0,攻击饰品,0.0
0.0,0.0,爆裂尖刺手镯,0.0,7,0.0,0.0,0.0,0.0,49.4,0.0,0.0,3.6,0.0,0.0,0.0,0.0,107553,0.0,攻击饰品,0.0
0.0,0.0,樱花月夜簪,0.0,7,0.0,0.0,3.8,3.8,0.0,0.0,63.0,0.0,0.0,0.0,0.0,0.0,107581,0.0,防御饰品,0.0
0.0,0.0,珍珠椰子发饰,0.0,7,0.0,0.0,4.8,4.8,0.0,0.0,0.0,0.0,0.0,0.0,0.0,0.0,107582,0.0,防御饰品,0.0
0.0,0.0,绿宝石哥特式手镯,0.0,7,0.0,0.0,5.0,5.2,0.0,0.0,0.0,0.0,0.0,0.0,0.0,0.0,107583,0.0,防御饰品,0.0
39.0,0.0,仙樱的祝簪,0.0,7,0.0,0.0,0.0,0.0,0.0,0.0,0.0,0.0,0.0,0.0,6.0,0.0,107611,0.0,魔法饰品,0.0
40.2,0.0,蛋白石贝壳发饰,0.0,7,0.0,0.0,1.6,0.0,0.0,0.0,0.0,0.0,0.0,0.0,0.0,0.0,107612,0.0,魔法饰品,0.0
48.2,0.0,摇滚锁链手镯,0.0,7,0.0,0.0,0.0,0.0,0.0,0.0,0.0,0.0,0.0,0.0,3.0,0.0,107613,0.0,魔法饰品,0.0
0.0,0.0,冰辉剑古拉斯之刃,0.0,8,0.0,0.0,0.0,0.0,66.0,0.0,20.0,3.6,0.0,0.0,0.0,0.0,108011,0.0,剑,0.0
0.0,0.0,音界剑大钢琴,0.0,8,0.0,0.0,0.0,0.0,70.4,0.0,20.0,2.4,0.0,0.0,0.0,0.0,108012,0.0,剑,0.0
0.0,0.0,绿洲守卫之剑,0.0,8,0.0,0.0,0.0,0.0,72.8,0.0,40.0,0.6,0.0,0.0,0.0,0.0,108013,0.0,剑,0.0
0.0,0.0,蔷薇帝国之剑,0.0,8,0.0,0.0,0.0,0.0,76.4,0.0,40.0,0.6,0.0,0.0,0.0,0.0,108014,0.0,剑,0.0
0.0,0.0,冰雪刀古拉奇之刃,0.0,8,0.0,0.0,0.0,0.0,66.8,0.0,8.0,4.6,0.0,0.0,0.0,0.0,108041,0.0,刀,0.0
0.0,0.0,创音刀歌尔多纳,0.0,8,0.0,0.0,0.0,0.0,71.2,0.0,8.0,3.2,0.0,0.0,0.0,0.0,108042,0.0,刀,0.0
0.0,0.0,流沙短弯刀,0.0,8,0.0,0.0,0.0,0.0,76.0,0.0,10.0,0.8,0.0,0.0,0.0,0.0,108043,0.0,刀,0.0
0.0,0.0,残酷的蔷薇之刃,0.0,8,0.0,0.0,0.0,0.0,79.8,0.0,10.0,0.8,0.0,0.0,0.0,0.0,108044,0.0,刀,0.0
0.0,0.0,冰牙斯蒂里亚短剑,0.0,8,0.0,0.0,0.0,0.0,67.0,0.0,0.0,6.0,0.0,0.0,0.0,0.0,108071,0.0,短剑,0.0
0.0,0.0,刻音刃克雷夫托翁,0.0,8,0.0,0.0,0.0,0.0,71.8,0.0,0.0,4.0,0.0,0.0,0.0,0.0,108072,0.0,短剑,0.0
0.0,0.0,暗黑沙漠之剑,0.0,8,0.0,0.0,0.0,0.0,77.0,0.0,0.0,1.0,0.0,0.0,0.0,0.0,108073,0.0,短剑,0.0
0.0,0.0,蔷薇凶刃,0.0,8,0.0,0.0,0.0,0.0,80.8,0.0,0.0,1.0,0.0,0.0,0.0,0.0,108074,0.0,短剑,0.0
0.0,0.0,冰块拳古拉赛拳套,0.0,8,0.0,0.0,0.0,0.0,70.0,0.0,0.0,0.0,0.0,0.0,0.0,0.0,108101,0.0,拳套,0.0
0.0,0.0,叫鸣拳拜奥拉菲斯特,0.0,8,0.0,0.0,0.0,0.0,73.8,0.0,0.0,0.0,0.0,0.0,0.0,0.0,108102,0.0,拳套,0.0
0.0,0.0,传承之拳刃,0.0,8,0.0,0.0,0.0,0.0,77.6,0.0,0.0,0.0,0.0,0.0,0.0,0.0,108103,0.0,拳套,0.0
0.0,0.0,蔷薇花瓣拳套,0.0,8,0.0,0.0,0.0,0.0,81.2,0.0,0.0,0.0,0.0,0.0,0.0,0.0,108104,0.0,拳套,0.0
0.0,0.0,冰圣弓孔赫拉西恩,0.0,8,0.0,0.0,0.8,0.0,64.6,0.0,0.0,2.8,0.0,0.0,0.0,0.0,108131,0.0,弓,0.0
0.0,0.0,巧音弓斯涅亚库,0.0,8,0.0,0.0,0.6,0.0,69.8,0.0,0.0,2.0,0.0,0.0,0.0,0.0,108132,0.0,弓,0.0
0.0,0.0,东方飓风之弓,0.0,8,0.0,0.0,0.4,0.0,75.4,0.0,0.0,0.4,0.0,0.0,0.0,0.0,108133,0.0,弓,0.0
0.0,0.0,蔷薇之弓,0.0,8,0.0,0.0,0.0,0.0,81.0,0.0,0.0,0.8,0.0,0.0,0.0,0.0,108134,0.0,弓,0.0
0.0,0.0,冰穿枪斯诺斯托姆,0.0,8,0.0,0.0,0.0,1.2,64.0,0.0,0.0,0.0,0.0,0.0,0.0,0.0,108161,0.0,矛,0.0
0.0,0.0,仁重枪特隆斯皮亚,0.0,8,0.0,0.0,0.0,1.0,68.8,0.0,0.0,0.0,0.0,0.0,0.0,0.0,108162,0.0,矛,0.0
0.0,0.0,风之遗赠的枪,0.0,8,0.0,0.0,0.0,0.4,75.6,0.0,0.0,0.0,0.0,0.0,0.0,0.0,108163,0.0,矛,0.0
0.0,0.0,花冠长枪,0.0,8,0.0,0.0,0.0,0.4,79.2,0.0,0.0,0.0,0.0,0.0,0.0,0.0,108164,0.0,矛,0.0
0.0,0.0,冰坏斧奥托亚克斯,0.0,8,0.0,0.0,0.0,0.0,68.4,0.0,14.0,0.0,0.0,0.0,0.0,0.0,108191,0.0,斧,0.0
0.0,0.0,普天音斧巴斯塔霍伦,0.0,8,0.0,0.0,0.0,0.0,72.2,0.0,14.0,0.0,0.0,0.0,0.0,0.0,108192,0.0,斧,0.0
0.0,0.0,绿洲之斧,0.0,8,0.0,0.0,0.0,0.0,75.2,0.0,20.0,0.0,0.0,0.0,0.0,0.0,108193,0.0,斧,0.0
0.0,0.0,蔷薇粉碎者之斧,0.0,8,0.0,0.0,0.0,0.0,79.0,0.0,20.0,0.0,0.0,0.0,0.0,0.0,108194,0.0,斧,0.0
64.4,0.0,冰雪杖帕哥斯旺德,0.0,8,0.0,0.0,0.0,0.0,0.0,0.0,0.0,0.0,0.0,0.0,5.6,0.0,108221,0.0,攻击法杖,0.0
70.0,0.0,绝对音杖亚科蒂亚,0.0,8,0.0,0.0,0.0,0.0,0.0,0.0,0.0,0.0,0.0,0.0,3.8,0.0,108222,0.0,攻击法杖,0.0
76.4,0.0,古代沙之杖,0.0,8,0.0,0.0,0.0,0.0,0.0,0.0,0.0,0.0,0.0,0.0,1.2,0.0,108223,0.0,攻击法杖,0.0
80.0,0.0,蔷薇雄蕊之杖,0.0,8,0.0,0.0,0.0,0.0,0.0,0.0,0.0,0.0,0.0,0.0,1.2,0.0,108224,0.0,攻击法杖,0.0
53.0,0.0,冰树杖弗洛斯特斯塔弗,0.0,8,0.0,0.0,1.2,1.0,0.0,0.0,54.0,0.0,0.0,0.0,0.0,0.0,108251,0.0,回复法杖,0.0
58.6,0.0,慈宣杖奥特玛库拉莲,0.0,8,0.0,0.0,1.0,0.8,0.0,0.0,54.0,0.0,0.0,0.0,0.0,0.0,108252,0.0,回复法杖,0.0
66.4,0.0,沙漠雨之杖,0.0,8,0.0,0.0,0.6,0.4,0.0,0.0,54.0,0.0,0.0,0.0,0.0,0.0,108253,0.0,回复法杖,0.0
70.4,0.0,蔷薇雌蕊之杖,0.0,8,0.0,0.0,0.4,0.4,0.0,0.0,60.0,0.0,0.0,0.0,0.0,0.0,108254,0.0,回复法杖,0.0
0.0,0.0,键盘奏铠羽管键琴,0.0,8,0.0,0.0,2.8,2.2,35.2,0.0,0.0,3.4,0.0,0.0,0.0,0.0,108281,0.0,轻甲,0.0
0.0,0.0,沙漠布甲,0.0,8,0.0,0.0,2.6,1.6,43.4,0.0,0.0,1.8,0.0,0.0,0.0,0.0,108282,0.0,轻甲,0.0
0.0,0.0,蔷薇皇后铠甲,0.0,8,0.0,0.0,1.8,1.4,51.8,0.0,0.0,1.8,0.0,0.0,0.0,0.0,108283,0.0,轻甲,0.0
0.0,0.0,恶魔之痛楚铠甲,0.0,8,0.0,0.0,1.8,1.8,53.2,0.0,0.0,1.8,0.0,0.0,0.0,0.0,108284,0.0,轻甲,0.0
0.0,0.0,重奏铠铜管乐,0.0,8,0.0,0.0,4.2,5.4,0.0,0.0,123.0,0.0,0.0,0.0,0.0,0.0,108311,0.0,重甲,0.0
0.0,0.0,绿洲蓝色铠甲,0.0,8,0.0,0.0,4.0,3.0,0.0,0.0,269.0,0.0,0.0,0.0,0.0,0.0,108312,0.0,重甲,0.0
0.0,0.0,蔷薇女骑士铠甲,0.0,8,0.0,0.0,3.2,2.4,0.0,0.0,362.0,0.0,0.0,0.0,0.0,0.0,108313,0.0,重甲,0.0
0.0,0.0,恶魔之束缚铠甲,0.0,8,0.0,0.0,3.0,3.0,0.0,0.0,375.0,0.0,0.0,0.0,0.0,0.0,108314,0.0,重甲,0.0
0.0,0.0,沙漠暗影服,0.0,8,0.0,0.0,1.8,1.2,43.2,0.0,64.0,0.0,0.0,0.0,0.0,0.0,108342,0.0,衣服,0.0
0.0,0.0,蔷薇女祭司礼裙,0.0,8,0.0,0.0,1.4,1.0,49.6,0.0,64.0,0.0,0.0,0.0,0.0,0.0,108343,0.0,衣服,0.0
44.8,0.0,谱唱装神奇乐谱,0.0,8,0.0,0.0,1.8,1.2,0.0,0.0,0.0,0.0,0.0,0.0,2.0,0.0,108371,0.0,魔法服,0.0
53.4,0.0,东方微风长袍,0.0,8,0.0,0.0,1.2,1.0,0.0,0.0,0.0,0.0,0.0,0.0,1.0,0.0,108372,0.0,魔法服,0.0
56.8,0.0,蔷薇男爵夫人礼裙,0.0,8,0.0,0.0,1.2,1.0,0.0,0.0,0.0,0.0,0.0,0.0,1.0,0.0,108373,0.0,魔法服,0.0
59.2,0.0,诅咒恶魔长袍,0.0,8,0.0,0.0,1.2,1.2,0.0,0.0,0.0,0.0,0.0,0.0,1.0,0.0,108374,0.0,魔法服,0.0
0.0,0.0,重圆奏钹盾,0.0,8,0.0,0.0,2.6,2.6,30.0,0.0,52.0,0.0,0.0,0.0,0.0,0.0,108401,0.0,盾,0.0
0.0,0.0,蓝蔷薇护盾,0.0,8,0.0,0.0,2.6,2.6,37.0,0.0,52.0,0.0,0.0,0.0,0.0,0.0,108403,0.0,盾,0.0
0.0,0.0,舞奉奏弦乐鞋,0.0,8,0.0,0.0,1.8,1.2,46.8,0.0,0.0,0.0,0.0,0.0,0.0,0.0,108431,0.0,鞋,0.0
0.0,0.0,恶魔之靴,0.0,8,0.0,0.0,1.0,1.0,62.2,0.0,0.0,0.0,0.0,0.0,0.0,0.0,108434,0.0,鞋,0.0
40.0,0.0,绿洲之鞋,0.0,8,0.0,0.0,1.8,1.2,0.0,0.0,92.0,0.0,0.0,0.0,0.0,0.0,108462,0.0,魔法鞋,0.0
0.0,0.0,沙漠之风头巾,0.0,8,0.0,0.0,0.0,0.0,53.4,0.0,105.0,0.0,0.0,0.0,0.0,0.0,108492,0.0,帽子,0.0
0.0,0.0,变种恶魔之角,0.0,8,0.0,0.0,0.0,0.0,60.4,0.0,105.0,0.0,0.0,0.0,0.0,0.0,108494,0.0,帽子,0.0
47.8,0.0,魔奏帽铃鼓,0.0,8,0.0,0.0,1.6,1.2,0.0,0.0,0.0,0.0,0.0,0.0,0.0,0.0,108521,0.0,魔法帽子,0.0
54.8,0.0,蔷薇术士的魔宴帽,0.0,8,0.0,0.0,1.6,1.2,0.0,0.0,0.0,0.0,0.0,0.0,0.0,0.0,108523,0.0,魔法帽子,0.0
62.2,0.0,嫉妒恶魔之角,0.0,8,0.0,0.0,1.0,1.0,0.0,0.0,0.0,0.0,0.0,0.0,0.0,0.0,108524,0.0,魔法帽子,0.0
0.0,0.0,冰柱戒指,0.0,8,0.0,0.0,0.0,0.0,57.2,0.0,0.0,3.0,0.0,0.0,0.0,0.0,108551,0.0,攻击饰品,0.0
0.0,0.0,琴树奏木琴,0.0,8,0.0,0.0,0.0,0.0,61.6,0.0,0.0,1.8,0.0,0.0,0.0,0.0,108552,0.0,攻击饰品,0.0
0.0,0.0,古代红宝石,0.0,8,0.0,0.0,0.0,0.0,65.4,0.0,0.0,1.8,0.0,0.0,0.0,0.0,108553,0.0,攻击饰品,0.0
0.0,0.0,红色蔷薇吊坠,0.0,8,0.0,0.0,0.0,0.0,69.0,0.0,0.0,1.8,0.0,0.0,0.0,0.0,108554,0.0,攻击饰品,0.0
0.0,0.0,绿极光戒指,0.0,8,0.0,0.0,5.2,5.2,0.0,0.0,59.0,0.0,0.0,0.0,0.0,0.0,108581,0.0,防御饰品,0.0
0.0,0.0,仙撞鼓定音鼓,0.0,8,0.0,0.0,5.2,5.2,0.0,0.0,91.0,0.0,0.0,0.0,0.0,0.0,108582,0.0,防御饰品,0.0
0.0,0.0,古代绿宝石,0.0,8,0.0,0.0,5.4,5.4,0.0,0.0,109.0,0.0,0.0,0.0,0.0,0.0,108583,0.0,防御饰品,0.0
0.0,0.0,绿色蔷薇吊坠,0.0,8,0.0,0.0,5.6,5.6,0.0,0.0,124.0,0.0,0.0,0.0,0.0,0.0,108584,0.0,防御饰品,0.0
56.2,0.0,雪华晶戒指,0.0,8,0.0,0.0,0.0,0.0,0.0,0.0,0.0,0.0,0.0,0.0,2.4,0.0,108611,0.0,魔法饰品,0.0
61.0,0.0,神谣谱半乐谱,0.0,8,0.0,0.0,0.0,0.0,0.0,0.0,0.0,0.0,0.0,0.0,1.4,0.0,108612,0.0,魔法饰品,0.0
64.8,0.0,古代蓝宝石,0.0,8,0.0,0.0,0.0,0.0,0.0,0.0,0.0,0.0,0.0,0.0,1.4,0.0,108613,0.0,魔法饰品,0.0
68.6,0.0,蓝色蔷薇吊坠,0.0,8,0.0,0.0,0.0,0.0,0.0,0.0,0.0,0.0,0.0,0.0,1.4,0.0,108614,0.0,魔法饰品,0.0
0.0,0.0,恶魔献祭之剑,0.0,9,0.0,0.0,0.0,0.0,84.0,0.0,40.0,0.6,0.0,0.0,0.0,0.0,109011,0.0,剑,0.0
0.0,0.0,秘剑讣雷返,0.0,9,0.0,0.0,0.0,0.0,87.8,0.0,40.0,0.6,0.0,0.0,0.0,0.0,109012,0.0,剑,0.0
0.0,0.0,异形桅杆,0.0,9,0.0,0.0,0.0,0.0,91.4,0.0,40.0,0.6,0.0,0.0,0.0,0.0,109013,0.0,剑,0.0
0.0,0.0,皇蓉枫刃,0.0,9,0.0,0.0,0.0,0.0,95.2,0.0,40.0,0.6,0.0,0.0,0.0,0.0,109014,0.0,剑,0.0
0.0,0.0,恶魔伤痕之刃,0.0,9,0.0,0.0,0.0,0.0,87.2,0.0,10.0,1.0,0.0,0.0,0.0,0.0,109041,0.0,刀,0.0
0.0,0.0,刺身刀·匠八,0.0,9,0.0,0.0,0.0,0.0,90.8,0.0,10.0,1.0,0.0,0.0,0.0,0.0,109042,0.0,刀,0.0
0.0,0.0,渔夫之剑,0.0,9,0.0,0.0,0.0,0.0,94.6,0.0,10.0,1.0,0.0,0.0,0.0,0.0,109043,0.0,刀,0.0
0.0,0.0,大利刃·红一文字,0.0,9,0.0,0.0,0.0,0.0,98.4,0.0,10.0,1.0,0.0,0.0,0.0,0.0,109044,0.0,刀,0.0
0.0,0.0,豪魔之爪刃,0.0,9,0.0,0.0,0.0,0.0,88.4,0.0,0.0,1.0,0.0,0.0,0.0,0.0,109071,0.0,短剑,0.0
0.0,0.0,短刃,0.0,9,0.0,0.0,0.0,0.0,92.0,0.0,0.0,1.0,0.0,0.0,0.0,0.0,109072,0.0,短剑,0.0
0.0,0.0,大灯刃亚历山大,0.0,9,0.0,0.0,0.0,0.0,95.8,0.0,0.0,1.0,0.0,0.0,0.0,0.0,109073,0.0,短剑,0.0
0.0,0.0,袭枫裂爪·叶,0.0,9,0.0,0.0,0.0,0.0,99.4,0.0,0.0,1.0,0.0,0.0,0.0,0.0,109074,0.0,短剑,0.0
0.0,0.0,恶魔惩罚拳套,0.0,9,0.0,0.0,0.0,0.0,88.0,0.0,0.0,1.4,0.0,0.0,0.0,0.0,109101,0.0,拳套,0.0
0.0,0.0,铁观音五百药缶,0.0,9,0.0,0.0,0.0,0.0,91.8,0.0,0.0,1.4,0.0,0.0,0.0,0.0,109102,0.0,拳套,0.0
0.0,0.0,海盗王的义肢,0.0,9,0.0,0.0,0.0,0.0,95.6,0.0,0.0,1.4,0.0,0.0,0.0,0.0,109103,0.0,拳套,0.0
0.0,0.0,红蛙手甲·拳枫,0.0,9,0.0,0.0,0.0,0.0,99.2,0.0,0.0,1.4,0.0,0.0,0.0,0.0,109104,0.0,拳套,0.0
0.0,0.0,恶魔面具之弓,0.0,9,0.0,0.0,0.2,0.2,86.4,0.0,0.0,0.8,0.0,0.0,0.0,0.0,109131,0.0,弓,0.0
0.0,0.0,榨汁弓箭,0.0,9,0.0,0.0,0.2,0.2,90.2,0.0,0.0,0.8,0.0,0.0,0.0,0.0,109132,0.0,弓,0.0
0.0,0.0,航海射手,0.0,9,0.0,0.0,0.2,0.2,93.8,0.0,0.0,0.8,0.0,0.0,0.0,0.0,109133,0.0,弓,0.0
0.0,0.0,锦秋弓茑红叶,0.0,9,0.0,0.0,0.2,0.2,97.6,0.0,0.0,0.8,0.0,0.0,0.0,0.0,109134,0.0,弓,0.0
0.0,0.0,恶魔统治长枪,0.0,9,0.0,0.0,0.4,0.4,84.8,0.0,0.0,0.0,0.0,0.0,0.0,0.0,109161,0.0,矛,0.0
0.0,0.0,餐叉枪,0.0,9,0.0,0.0,0.4,0.4,88.6,0.0,0.0,0.0,0.0,0.0,0.0,0.0,109162,0.0,矛,0.0
0.0,0.0,双桨枪,0.0,9,0.0,0.0,0.4,0.4,92.2,0.0,0.0,0.0,0.0,0.0,0.0,0.0,109163,0.0,矛,0.0
0.0,0.0,天伞红矛秋雨,0.0,9,0.0,0.0,0.4,0.4,96.0,0.0,0.0,0.0,0.0,0.0,0.0,0.0,109164,0.0,矛,0.0
0.0,0.0,恶魔之毁灭,0.0,9,0.0,0.0,0.0,0.0,86.2,0.0,20.0,0.6,0.0,0.0,0.0,0.0,109191,0.0,斧,0.0
0.0,0.0,肉槌斧,0.0,9,0.0,0.0,0.0,0.0,90.0,0.0,20.0,0.6,0.0,0.0,0.0,0.0,109192,0.0,斧,0.0
0.0,0.0,豪斧大拔锚,0.0,9,0.0,0.0,0.0,0.0,93.8,0.0,20.0,0.6,0.0,0.0,0.0,0.0,109193,0.0,斧,0.0
0.0,0.0,击槌钓瓶落,0.0,9,0.0,0.0,0.0,0.0,97.4,0.0,20.0,0.6,0.0,0.0,0.0,0.0,109194,0.0,斧,0.0
87.6,0.0,恶魔核心魔杖,0.0,9,0.0,0.0,0.0,0.0,0.0,0.0,0.0,0.0,0.0,0.0,1.2,0.0,109221,0.0,攻击法杖,0.0
91.4,0.0,甜品匙,0.0,9,0.0,0.0,0.0,0.0,0.0,0.0,0.0,0.0,0.0,0.0,1.2,0.0,109222,0.0,攻击法杖,0.0
95.0,0.0,掌舵手法杖,0.0,9,0.0,0.0,0.0,0.0,0.0,0.0,0.0,0.0,0.0,0.0,1.2,0.0,109223,0.0,攻击法杖,0.0
98.8,0.0,公孙树杖·银天,0.0,9,0.0,0.0,0.0,0.0,0.0,0.0,0.0,0.0,0.0,0.0,1.2,0.0,109224,0.0,攻击法杖,0.0
78.0,0.0,恶魔的心之杖,0.0,9,0.0,0.0,0.4,0.4,0.0,0.0,60.0,0.0,0.0,0.0,0.0,0.0,109251,0.0,回复法杖,0.0
81.8,0.0,魔法汤勺之杖,0.0,9,0.0,0.0,0.4,0.4,0.0,0.0,60.0,0.0,0.0,0.0,0.0,0.0,109252,0.0,回复法杖,0.0
85.6,0.0,海鸟救生圈,0.0,9,0.0,0.0,0.4,0.4,0.0,0.0,60.0,0.0,0.0,0.0,0.0,0.0,109253,0.0,回复法杖,0.0
89.2,0.0,红叶巫女之枝垂串,0.0,9,0.0,0.0,0.4,0.4,0.0,0.0,60.0,0.0,0.0,0.0,0.0,0.0,109254,0.0,回复法杖,0.0
0.0,0.0,围裙轻铠,0.0,9,0.0,0.0,2.0,2.0,58.2,0.0,0.0,1.8,0.0,0.0,0.0,0.0,109281,0.0,轻甲,0.0
0.0,0.0,轻便水手服,0.0,9,0.0,0.0,2.0,2.0,61.6,0.0,0.0,1.8,0.0,0.0,0.0,0.0,109282,0.0,轻甲,0.0
0.0,0.0,恋染红叶秋日纹样,0.0,9,0.0,0.0,2.0,2.0,65.0,0.0,0.0,1.8,0.0,0.0,0.0,0.0,109283,0.0,轻甲,0.0
0.0,0.0,能天使之铠,0.0,9,0.0,0.0,2.0,2.0,68.4,0.0,0.0,1.8,0.0,0.0,0.0,0.0,109284,0.0,轻甲,0.0
0.0,0.0,围裙重铠,0.0,9,0.0,0.0,3.2,3.2,0.0,0.0,418.0,0.0,0.0,0.0,0.0,0.0,109311,0.0,重甲,0.0
0.0,0.0,航海员重装制服,0.0,9,0.0,0.0,3.4,3.4,0.0,0.0,431.0,0.0,0.0,0.0,0.0,0.0,109312,0.0,重甲,0.0
0.0,0.0,唐红姬武将大铠甲,0.0,9,0.0,0.0,3.6,3.6,0.0,0.0,444.0,0.0,0.0,0.0,0.0,0.0,109313,0.0,重甲,0.0
0.0,0.0,德天使之甲,0.0,9,0.0,0.0,3.6,3.6,0.0,0.0,474.0,0.0,0.0,0.0,0.0,0.0,109314,0.0,重甲,0.0
0.0,0.0,大厨制服,0.0,9,0.0,0.0,1.0,1.0,61.8,0.0,64.0,0.0,0.0,0.0,0.0,0.0,109341,0.0,衣服,0.0
0.0,0.0,秋风裂装·红,0.0,9,0.0,0.0,1.0,1.0,68.8,0.0,64.0,0.0,0.0,0.0,0.0,0.0,109343,0.0,衣服,0.0
62.0,0.0,职业服务生围裙,0.0,9,0.0,0.0,1.6,1.6,0.0,0.0,0.0,0.0,0.0,0.0,1.0,0.0,109371,0.0,魔法服,0.0
65.6,0.0,海洋领航员制服,0.0,9,0.0,0.0,1.6,1.6,0.0,0.0,0.0,0.0,0.0,0.0,1.0,0.0,109372,0.0,魔法服,0.0
69.0,0.0,姬法师秋草装,0.0,9,0.0,0.0,1.6,1.6,0.0,0.0,0.0,0.0,0.0,0.0,1.0,0.0,109373,0.0,魔法衣服,0.0
72.4,0.0,主天使之袍,0.0,9,0.0,0.0,1.6,1.6,0.0,0.0,0.0,0.0,0.0,0.0,1.0,0.0,109374,0.0,魔法衣服,0.0
0.0,0.0,高级茶托护盾,0.0,9,0.0,0.0,3.0,3.0,43.2,0.0,52.0,0.0,0.0,0.0,0.0,0.0,109401,0.0,盾,0.0
0.0,0.0,船舵盾牌,0.0,9,0.0,0.0,3.0,3.0,46.6,0.0,52.0,0.0,0.0,0.0,0.0,0.0,109402,0.0,盾,0.0
0.0,0.0,吃水线跑鞋,0.0,9,0.0,0.0,1.0,1.0,72.6,0.0,0.0,0.0,0.0,0.0,0.0,0.0,109432,0.0,鞋,0.0
0.0,0.0,权天使之靴,0.0,9,0.0,0.0,1.2,1.2,77.4,0.0,0.0,0.0,0.0,0.0,0.0,0.0,109434,0.0,鞋,0.0
60.8,0.0,杯子高跟鞋,0.0,9,0.0,0.0,0.8,0.8,0.0,0.0,92.0,0.0,0.0,0.0,0.0,0.0,109461,0.0,魔法鞋,0.0
67.6,0.0,鸣降游靴秋夜长,0.0,9,0.0,0.0,0.8,0.8,0.0,0.0,92.0,0.0,0.0,0.0,0.0,0.0,109463,0.0,魔法鞋,0.0
0.0,0.0,秋日红兜时雨,0.0,9,0.0,0.0,0.0,0.0,74.2,0.0,105.0,0.0,0.0,0.0,0.0,0.0,109493,0.0,帽子,0.0
0.0,0.0,座天使之冠,0.0,9,0.0,0.0,0.0,0.0,77.6,0.0,105.0,0.0,0.0,0.0,0.0,0.0,109494,0.0,帽子,0.0
74.6,0.0,地平线观测员,0.0,9,0.0,0.0,0.8,0.8,0.0,0.0,0.0,0.0,0.0,0.0,0.0,0.0,109522,0.0,魔法帽子,0.0
81.4,0.0,智天使之帽,0.0,9,0.0,0.0,0.8,0.8,0.0,0.0,0.0,0.0,0.0,0.0,0.0,0.0,109524,0.0,魔法帽子,0.0
0.0,0.0,双角魔的颈饰,0.0,9,0.0,0.0,0.0,0.0,76.6,0.0,0.0,2.0,0.0,0.0,0.0,0.0,109551,0.0,攻击饰品,0.0
0.0,0.0,红色花饰点心刀,0.0,9,0.0,0.0,0.0,0.0,80.2,0.0,0.0,2.0,0.0,0.0,0.0,0.0,109552,0.0,攻击饰品,0.0
0.0,0.0,红海转向盘胸针,0.0,9,0.0,0.0,0.0,0.0,84.0,0.0,0.0,2.0,0.0,0.0,0.0,0.0,109553,0.0,攻击饰品,0.0
0.0,0.0,红叶扇蝴蝶红枫,0.0,9,0.0,0.0,0.0,0.0,87.8,0.0,0.0,2.0,0.0,0.0,0.0,0.0,109554,0.0,攻击饰品,0.0
0.0,0.0,恶魔细胞膜颈饰,0.0,9,0.0,0.0,6.0,6.0,0.0,0.0,155.0,0.0,0.0,0.0,0.0,0.0,109581,0.0,防御饰品,0.0
0.0,0.0,翡翠花饰筷子,0.0,9,0.0,0.0,6.2,6.2,0.0,0.0,171.0,0.0,0.0,0.0,0.0,0.0,109582,0.0,防御饰品,0.0
0.0,0.0,碧海船锚胸针,0.0,9,0.0,0.0,6.4,6.4,0.0,0.0,187.0,0.0,0.0,0.0,0.0,0.0,109583,0.0,防御饰品,0.0
0.0,0.0,翠风扇鹿子银杏,0.0,9,0.0,0.0,6.6,6.6,0.0,0.0,202.0,0.0,0.0,0.0,0.0,0.0,109584,0.0,防御饰品,0.0
76.0,0.0,恶魔之尾颈饰,0.0,9,0.0,0.0,0.0,0.0,0.0,0.0,0.0,0.0,0.0,0.0,1.6,0.0,109611,0.0,魔法饰品,0.0
79.6,0.0,蓝宝石叉子发夹,0.0,9,0.0,0.0,0.0,0.0,0.0,0.0,0.0,0.0,0.0,0.0,1.6,0.0,109612,0.0,魔法饰品,0.0
83.4,0.0,苍海救生圈胸针,0.0,9,0.0,0.0,0.0,0.0,0.0,0.0,0.0,0.0,0.0,0.0,1.6,0.0,109613,0.0,魔法饰品,0.0
87.2,0.0,碧夜扇猛猪枫叶,0.0,9,0.0,0.0,0.0,0.0,0.0,0.0,0.0,0.0,0.0,0.0,1.6,0.0,109614,0.0,魔法饰品,0.0
0.0,0.0,米迦勒之剑,0.0,10,0.0,0.0,0.0,0.0,96.8,0.0,60.0,0.6,0.0,0.0,0.0,0.0,10001032,0.0,剑,0.0
0.0,0.0,妖精煌剑亚基列安娜,0.0,10,0.0,0.0,0.0,0.0,104.2,0.0,60.0,0.6,0.0,0.0,0.0,0.0,10001033,0.0,剑,0.0
0.0,0.0,甘蕉秘剑,0.0,10,0.0,0.0,0.0,0.0,108.0,0.0,60.0,0.6,0.0,0.0,0.0,0.0,10001034,0.0,剑,0.0
0.0,0.0,自动型机械X之剑,0.0,10,0.0,0.0,0.0,0.0,111.8,0.0,60.0,0.6,0.0,0.0,0.0,0.0,10001035,0.0,剑,0.0
0.0,0.0,蛮骨剑肯特龙,0.0,10,0.0,0.0,0.0,0.0,115.4,0.0,60.0,0.6,0.0,0.0,0.0,0.0,10001036,0.0,剑,0.0
0.0,0.0,冰之大剑R,0.0,10,0.0,0.0,0.0,0.0,119.2,0.0,60.0,0.6,0.0,0.0,0.0,0.0,10001037,0.0,剑,0.0
0.0,0.0,混沌之刃R,0.0,10,0.0,0.0,0.0,0.0,123.0,0.0,60.0,0.6,0.0,0.0,0.0,0.0,10001038,0.0,剑,0.0
0.0,0.0,路西菲尔之刀,0.0,10,0.0,0.0,0.0,0.0,102.0,0.0,12.0,1.0,0.0,0.0,0.0,0.0,10004032,0.0,刀,0.0
0.0,0.0,妖精舞刀帕特洛克勒斯,0.0,10,0.0,0.0,0.0,0.0,109.4,0.0,12.0,1.0,0.0,0.0,0.0,0.0,10004033,0.0,刀,0.0
0.0,0.0,天下第一甜瓜刀,0.0,10,0.0,0.0,0.0,0.0,113.2,0.0,12.0,1.0,0.0,0.0,0.0,0.0,10004034,0.0,刀,0.0
0.0,0.0,自动型机械X太刀,0.0,10,0.0,0.0,0.0,0.0,117.0,0.0,12.0,1.0,0.0,0.0,0.0,0.0,10004035,0.0,刀,0.0
0.0,0.0,灭鳞大刀米拉加亚,0.0,10,0.0,0.0,0.0,0.0,120.6,0.0,12.0,1.0,0.0,0.0,0.0,0.0,10004036,0.0,刀,0.0
0.0,0.0,鹰神之煌剑R,0.0,10,0.0,0.0,0.0,0.0,124.4,0.0,12.0,1.0,0.0,0.0,0.0,0.0,10004037,0.0,刀,0.0
0.0,0.0,凤凰刀R,0.0,10,0.0,0.0,0.0,0.0,128.2,0.0,12.0,1.0,0.0,0.0,0.0,0.0,10004038,0.0,刀,0.0
0.0,0.0,撒旦匕首,0.0,10,0.0,0.0,0.0,0.0,103.2,0.0,0.0,1.0,0.0,0.0,0.0,0.0,10007032,0.0,短剑,0.0
0.0,0.0,妖精舞刀德伊达弥亚,0.0,10,0.0,0.0,0.0,0.0,110.8,0.0,0.0,1.0,0.0,0.0,0.0,0.0,10007033,0.0,短剑,0.0
0.0,0.0,未完之刃·云愁,0.0,10,0.0,0.0,0.0,0.0,114.6,0.0,0.0,1.0,0.0,0.0,0.0,0.0,10007034,0.0,短剑,0.0
0.0,0.0,自动型机械X短剑,0.0,10,0.0,0.0,0.0,0.0,118.4,0.0,0.0,1.0,0.0,0.0,0.0,0.0,10007035,0.0,短剑,0.0
0.0,0.0,黑帝牙剑奇诺奇塔,0.0,10,0.0,0.0,0.0,0.0,122.0,0.0,0.0,1.0,0.0,0.0,0.0,0.0,10007036,0.0,短剑,0.0
0.0,0.0,暗之刃R,0.0,10,0.0,0.0,0.0,0.0,125.8,0.0,0.0,1.0,0.0,0.0,0.0,0.0,10007037,0.0,短剑,0.0
0.0,0.0,独角兽匕首R,0.0,10,0.0,0.0,0.0,0.0,129.4,0.0,0.0,1.0,0.0,0.0,0.0,0.0,10007038,0.0,短剑,0.0
0.0,0.0,乌列尔之拳,0.0,10,0.0,0.0,0.0,0.0,103.2,0.0,0.0,1.2,0.0,0.0,0.0,0.0,10010032,0.0,拳套,0.0
0.0,0.0,妖精舞刀卡希卡莫,0.0,10,0.0,0.0,0.0,0.0,110.6,0.0,0.0,1.2,0.0,0.0,0.0,0.0,10010033,0.0,拳套,0.0
0.0,0.0,芒果手甲,0.0,10,0.0,0.0,0.0,0.0,114.4,0.0,0.0,1.2,0.0,0.0,0.0,0.0,10010034,0.0,拳套,0.0
0.0,0.0,自动型机械X之刃,0.0,10,0.0,0.0,0.0,0.0,118.2,0.0,0.0,1.2,0.0,0.0,0.0,0.0,10010035,0.0,拳套,0.0
0.0,0.0,鼎角拳三角龙,0.0,10,0.0,0.0,0.0,0.0,121.8,0.0,0.0,1.2,0.0,0.0,0.0,0.0,10010036,0.0,拳套,0.0
0.0,0.0,暴雪之爪R,0.0,10,0.0,0.0,0.0,0.0,125.6,0.0,0.0,1.2,0.0,0.0,0.0,0.0,10010037,0.0,拳套,0.0
0.0,0.0,苍雷拳R,0.0,10,0.0,0.0,0.0,0.0,129.4,0.0,0.0,1.2,0.0,0.0,0.0,0.0,10010038,0.0,拳套,0.0
0.0,0.0,拉斐尔之弓,0.0,10,0.0,0.0,0.2,0.2,101.4,0.0,0.0,0.8,0.0,0.0,0.0,0.0,10013032,0.0,弓,0.0
0.0,0.0,妖精梓弓塔米里斯,0.0,10,0.0,0.0,0.2,0.2,108.8,0.0,0.0,0.8,0.0,0.0,0.0,0.0,10013033,0.0,弓,0.0
0.0,0.0,樱桃枝弓,0.0,10,0.0,0.0,0.2,0.2,112.6,0.0,0.0,0.8,0.0,0.0,0.0,0.0,10013034,0.0,弓,0.0
0.0,0.0,自动型机械X之弩,0.0,10,0.0,0.0,0.2,0.2,116.4,0.0,0.0,0.8,0.0,0.0,0.0,0.0,10013035,0.0,弓,0.0
0.0,0.0,滑空葬弓翼龙,0.0,10,0.0,0.0,0.2,0.2,120.2,0.0,0.0,0.8,0.0,0.0,0.0,0.0,10013036,0.0,弓,0.0
0.0,0.0,阿尔忒弥斯之弓R,0.0,10,0.0,0.0,0.2,0.2,123.8,0.0,0.0,0.8,0.0,0.0,0.0,0.0,10013037,0.0,弓,0.0
0.0,0.0,精灵树之弓R,0.0,10,0.0,0.0,0.2,0.2,127.6,0.0,0.0,0.8,0.0,0.0,0.0,0.0,10013038,0.0,弓,0.0
0.0,0.0,萨基尔长枪,0.0,10,0.0,0.0,0.4,0.4,99.8,0.0,0.0,0.0,0.0,0.0,0.0,0.0,10016032,0.0,矛,0.0
0.0,0.0,妖精翅矛梅涅劳斯,0.0,10,0.0,0.0,0.4,0.4,107.2,0.0,0.0,0.0,0.0,0.0,0.0,0.0,10016033,0.0,矛,0.0
0.0,0.0,覆盆子晶矛,0.0,10,0.0,0.0,0.4,0.4,111.0,0.0,0.0,0.0,0.0,0.0,0.0,0.0,10016034,0.0,矛,0.0
0.0,0.0,自动型机械X长枪,0.0,10,0.0,0.0,0.4,0.4,114.8,0.0,0.0,0.0,0.0,0.0,0.0,0.0,10016035,0.0,矛,0.0
0.0,0.0,穿角矛独角龙,0.0,10,0.0,0.0,0.4,0.4,118.4,0.0,0.0,0.0,0.0,0.0,0.0,0.0,10016036,0.0,矛,0.0
0.0,0.0,兴风者R,0.0,10,0.0,0.0,0.4,0.4,122.2,0.0,0.0,0.0,0.0,0.0,0.0,0.0,10016037,0.0,矛,0.0
0.0,0.0,盖亚之矛R,0.0,10,0.0,0.0,0.4,0.4,126.0,0.0,0.0,0.0,0.0,0.0,0.0,0.0,10016038,0.0,矛,0.0
0.0,0.0,卡麦尔之斧,0.0,10,0.0,0.0,0.0,0.0,99.0,0.0,40.0,0.6,0.0,0.0,0.0,0.0,10019032,0.0,斧,0.0
0.0,0.0,妖精扬斧蒙特苏马,0.0,10,0.0,0.0,0.0,0.0,106.4,0.0,40.0,0.6,0.0,0.0,0.0,0.0,10019033,0.0,斧,0.0
0.0,0.0,麝香猫果钢锤,0.0,10,0.0,0.0,0.0,0.0,110.2,0.0,40.0,0.6,0.0,0.0,0.0,0.0,10019034,0.0,斧,0.0
0.0,0.0,自动型机械X之槌,0.0,10,0.0,0.0,0.0,0.0,114.0,0.0,40.0,0.6,0.0,0.0,0.0,0.0,10019035,0.0,斧,0.0
0.0,0.0,涡壳斧弹药粉碎者,0.0,10,0.0,0.0,0.0,0.0,117.6,0.0,40.0,0.6,0.0,0.0,0.0,0.0,10019036,0.0,斧,0.0
0.0,0.0,战女王的烈斧R,0.0,10,0.0,0.0,0.0,0.0,121.6,0.0,40.0,0.6,0.0,0.0,0.0,0.0,10019037,0.0,斧,0.0
0.0,0.0,水精灵之斧R,0.0,10,0.0,0.0,0.0,0.0,125.2,0.0,40.0,0.6,0.0,0.0,0.0,0.0,10019038,0.0,斧,0.0
102.6,0.0,约斐尔之杖,0.0,10,0.0,0.0,0.0,0.0,0.0,0.0,0.0,0.0,0.0,0.0,1.2,0.0,10022032,0.0,攻击法杖,0.0
110.0,0.0,妖精崩杖基普里斯,0.0,10,0.0,0.0,0.0,0.0,0.0,0.0,0.0,0.0,0.0,0.0,1.2,0.0,10022033,0.0,攻击法杖,0.0
113.8,0.0,苹果杖·北斗,0.0,10,0.0,0.0,0.0,0.0,0.0,0.0,0.0,0.0,0.0,0.0,1.2,0.0,10022034,0.0,攻击法杖,0.0
117.6,0.0,自动型机械X之杖,0.0,10,0.0,0.0,0.0,0.0,0.0,0.0,0.0,0.0,0.0,0.0,1.2,0.0,10022035,0.0,攻击法杖,0.0
121.2,0.0,龙杖乔斯坦伯格,0.0,10,0.0,0.0,0.0,0.0,0.0,0.0,0.0,0.0,0.0,0.0,1.2,0.0,10022036,0.0,攻击法杖,0.0
125.2,0.0,司法神的锡杖R,0.0,10,0.0,0.0,0.0,0.0,0.0,0.0,0.0,0.0,0.0,0.0,1.2,0.0,10022037,0.0,攻击法杖,0.0
128.8,0.0,大恶魔法杖R,0.0,10,0.0,0.0,0.0,0.0,0.0,0.0,0.0,0.0,0.0,0.0,1.2,0.0,10022038,0.0,攻击法杖,0.0
93.0,0.0,加百列之杖,0.0,10,0.0,0.0,0.4,0.4,0.0,0.0,60.0,0.0,0.0,0.0,0.0,0.0,10025032,0.0,回复法杖,0.0
100.4,0.0,妖精回杖阿纳西庇亚,0.0,10,0.0,0.0,0.4,0.4,0.0,0.0,60.0,0.0,0.0,0.0,0.0,0.0,10025033,0.0,回复法杖,0.0
104.2,0.0,葡萄杖·龙眼,0.0,10,0.0,0.0,0.4,0.4,0.0,0.0,60.0,0.0,0.0,0.0,0.0,0.0,10025034,0.0,回复法杖,0.0
108.0,0.0,自动型机械X短杖,0.0,10,0.0,0.0,0.4,0.4,0.0,0.0,60.0,0.0,0.0,0.0,0.0,0.0,10025035,0.0,回复法杖,0.0
111.8,0.0,秘封杖琥珀棺,0.0,10,0.0,0.0,0.4,0.4,0.0,0.0,60.0,0.0,0.0,0.0,0.0,0.0,10025036,0.0,回复法杖,0.0
115.6,0.0,凤凰之杖R,0.0,10,0.0,0.0,0.4,0.4,0.0,0.0,60.0,0.0,0.0,0.0,0.0,0.0,10025037,0.0,回复法杖,0.0
119.2,0.0,大天使法杖R,0.0,10,0.0,0.0,0.4,0.4,0.0,0.0,60.0,0.0,0.0,0.0,0.0,0.0,10025038,0.0,回复法杖,0.0
0.0,0.0,妖精辉装库丘林,0.0,10,0.0,0.0,2.2,2.2,73.4,0.0,0.0,1.6,0.0,0.0,0.0,0.0,10028032,0.0,轻甲,0.0
0.0,0.0,白莲阁之鳞甲,0.0,10,0.0,0.0,2.2,2.2,76.8,0.0,0.0,1.6,0.0,0.0,0.0,0.0,10028033,0.0,轻甲,0.0
0.0,0.0,自动型机械外壳骨骼,0.0,10,0.0,0.0,2.2,2.2,80.2,0.0,0.0,1.6,0.0,0.0,0.0,0.0,10028034,0.0,轻甲,0.0
0.0,0.0,灭绝骸装暴君,0.0,10,0.0,0.0,2.4,2.4,81.8,0.0,0.0,1.6,0.0,0.0,0.0,0.0,10028035,0.0,轻甲,0.0
0.0,0.0,十字军盔甲R,0.0,10,0.0,0.0,2.4,2.4,85.2,0.0,0.0,1.6,0.0,0.0,0.0,0.0,10028036,0.0,轻甲,0.0
0.0,0.0,猩红铠甲R,0.0,10,0.0,0.0,2.4,2.4,87.4,0.0,0.0,1.6,0.0,0.0,0.0,0.0,10028037,0.0,轻甲,0.0
0.0,0.0,妖精铠甲奥伯伦,0.0,10,0.0,0.0,3.8,3.8,0.0,0.0,518.0,0.0,0.0,0.0,0.0,0.0,10031032,0.0,重甲,0.0
0.0,0.0,凤梨重壳铠甲,0.0,10,0.0,0.0,3.8,3.8,0.0,0.0,548.0,0.0,0.0,0.0,0.0,0.0,10031033,0.0,重甲,0.0
0.0,0.0,自动型机械外壳装甲,0.0,10,0.0,0.0,3.8,3.8,0.0,0.0,578.0,0.0,0.0,0.0,0.0,0.0,10031034,0.0,重甲,0.0
0.0,0.0,击灭鳞装吉伽特,0.0,10,0.0,0.0,4.0,4.0,0.0,0.0,592.0,0.0,0.0,0.0,0.0,0.0,10031035,0.0,重甲,0.0
0.0,0.0,紫罗兰盔甲R,0.0,10,0.0,0.0,4.0,4.0,0.0,0.0,622.0,0.0,0.0,0.0,0.0,0.0,10031036,0.0,重甲,0.0
0.0,0.0,弑龙铠甲R,0.0,10,0.0,0.0,4.0,4.0,0.0,0.0,642.0,0.0,0.0,0.0,0.0,0.0,10031037,0.0,重甲,0.0
0.0,0.0,妖精舞衣安温,0.0,10,0.0,0.0,1.2,1.2,75.8,0.0,74.0,0.0,0.0,0.0,0.0,0.0,10034032,0.0,衣服,0.0
0.0,0.0,自动型机械夹克,0.0,10,0.0,0.0,1.2,1.2,82.8,0.0,74.0,0.0,0.0,0.0,0.0,0.0,10034034,0.0,衣服,0.0
0.0,0.0,苍天之袍R,0.0,10,0.0,0.0,1.4,1.4,86.6,0.0,84.0,0.0,0.0,0.0,0.0,0.0,10034036,0.0,衣服,0.0
0.0,0.0,暗黑礼裙R,0.0,10,0.0,0.0,1.4,1.4,90.0,0.0,84.0,0.0,0.0,0.0,0.0,0.0,10034037,0.0,衣服,0.0
77.2,0.0,妖精丽装提泰妮娅,0.0,10,0.0,0.0,1.8,1.8,0.0,0.0,0.0,0.0,0.0,0.0,1.0,0.0,10037032,0.0,魔法衣服,0.0
80.6,0.0,葡萄柚灵装,0.0,10,0.0,0.0,1.8,1.8,0.0,0.0,0.0,0.0,0.0,0.0,1.0,0.0,10037033,0.0,魔法衣服,0.0
84.2,0.0,自动型机械外壳套装,0.0,10,0.0,0.0,1.8,1.8,0.0,0.0,0.0,0.0,0.0,0.0,1.0,0.0,10037034,0.0,魔法衣服,0.0
85.6,0.0,幻虾灵装异变,0.0,10,0.0,0.0,2.0,2.0,0.0,0.0,0.0,0.0,0.0,0.0,1.0,0.0,10037035,0.0,魔法衣服,0.0
89.0,0.0,圣人长袍R,0.0,10,0.0,0.0,2.0,2.0,0.0,0.0,0.0,0.0,0.0,0.0,1.0,0.0,10037036,0.0,魔法衣服,0.0
92.4,0.0,翠绿灵衣R,0.0,10,0.0,0.0,2.0,2.0,0.0,0.0,0.0,0.0,0.0,0.0,1.0,0.0,10037037,0.0,魔法衣服,0.0
0.0,0.0,妖精丛盾遗迹守卫者,0.0,10,0.0,0.0,0.0,0.0,74.2,0.0,105.0,0.0,0.0,0.0,0.0,0.0,10040032,0.0,盾,0.0
0.0,0.0,麝香猫果香盾,0.0,10,0.0,0.0,3.0,3.0,61.6,0.0,72.0,0.0,0.0,0.0,0.0,0.0,10040033,0.0,盾,0.0
0.0,0.0,激突重盾三角龙,0.0,10,0.0,0.0,3.2,3.2,66.4,0.0,72.0,0.0,0.0,0.0,0.0,0.0,10040035,0.0,盾,0.0
0.0,0.0,守护者之盾R,0.0,10,0.0,0.0,3.2,3.2,70.0,0.0,72.0,0.0,0.0,0.0,0.0,0.0,10040036,0.0,盾,0.0
0.0,0.0,翠华西瓜凉鞋,0.0,10,0.0,0.0,1.2,1.2,87.8,0.0,0.0,0.0,0.0,0.0,0.0,0.0,10043033,0.0,鞋,0.0
0.0,0.0,恶龙疾靴双生迅龙,0.0,10,0.0,0.0,1.4,1.4,92.6,0.0,0.0,0.0,0.0,0.0,0.0,0.0,10043035,0.0,鞋,0.0
77.0,0.0,妖精舞鞋希尔琪,0.0,10,0.0,0.0,0.8,0.8,0.0,0.0,100.0,0.0,0.0,0.0,0.0,0.0,10046032,0.0,魔法鞋,0.0
80.4,0.0,红玉草莓短靴,0.0,10,0.0,0.0,0.8,0.8,0.0,0.0,100.0,0.0,0.0,0.0,0.0,0.0,10046033,0.0,魔法鞋,0.0
88.8,0.0,死灵法师之靴R,0.0,10,0.0,0.0,1.0,1.0,0.0,0.0,100.0,0.0,0.0,0.0,0.0,0.0,10046036,0.0,魔法鞋,0.0
91.0,0.0,宝瓶鞋R,0.0,10,0.0,0.0,1.0,1.0,0.0,0.0,100.0,0.0,0.0,0.0,0.0,0.0,10046037,0.0,魔法鞋,0.0
0.0,0.0,自动型机械护目镜,0.0,10,0.0,0.0,0.0,0.0,91.2,0.0,105.0,0.0,0.0,0.0,0.0,0.0,10049034,0.0,帽子,0.0
0.0,0.0,黑龙盔R,0.0,10,0.0,0.0,0.0,0.0,97.8,0.0,110.0,0.0,0.0,0.0,0.0,0.0,10049037,0.0,帽子,0.0
95.0,0.0,自动型机械全罩式头盔,0.0,10,0.0,0.0,0.8,0.8,0.0,0.0,0.0,0.0,0.0,0.0,0.0,0.0,10052034,0.0,魔法帽子,0.0
98.6,0.0,翼龙首冠长吻,0.0,10,0.0,0.0,0.8,0.8,0.0,0.0,0.0,0.0,0.0,0.0,0.0,0.0,10052035,0.0,魔法帽子,0.0
0.0,0.0,梅塔特隆之戒,0.0,10,0.0,0.0,0.0,0.0,91.6,0.0,0.0,1.8,0.0,0.0,0.0,0.0,10055032,0.0,攻击饰品,0.0
0.0,0.0,妖精晶翅玛赫,0.0,10,0.0,0.0,0.0,0.0,99.0,0.0,0.0,1.8,0.0,0.0,0.0,0.0,10055033,0.0,攻击饰品,0.0
0.0,0.0,红玉徽章,0.0,10,0.0,0.0,0.0,0.0,102.8,0.0,0.0,1.8,0.0,0.0,0.0,0.0,10055034,0.0,攻击饰品,0.0
0.0,0.0,绯红三角,0.0,10,0.0,0.0,0.0,0.0,106.6,0.0,0.0,1.8,0.0,0.0,0.0,0.0,10055035,0.0,攻击饰品,0.0
0.0,0.0,红饰奇虾,0.0,10,0.0,0.0,0.0,0.0,110.4,0.0,0.0,1.8,0.0,0.0,0.0,0.0,10055036,0.0,攻击饰品,0.0
0.0,0.0,猫神吊坠R,0.0,10,0.0,0.0,0.0,0.0,114.0,0.0,0.0,1.8,0.0,0.0,0.0,0.0,10055037,0.0,攻击饰品,0.0
0.0,0.0,生命树之戒,0.0,10,0.0,0.0,6.6,6.6,0.0,0.0,236.0,0.0,0.0,0.0,0.0,0.0,10058032,0.0,防御饰品,0.0
0.0,0.0,妖精舞翅内文,0.0,10,0.0,0.0,6.8,6.8,0.0,0.0,284.0,0.0,0.0,0.0,0.0,0.0,10058033,0.0,防御饰品,0.0
0.0,0.0,鬼木天蓼徽章,0.0,10,0.0,0.0,6.8,6.8,0.0,0.0,318.0,0.0,0.0,0.0,0.0,0.0,10058034,0.0,防御饰品,0.0
0.0,0.0,绿色方块,0.0,10,0.0,0.0,6.8,6.8,0.0,0.0,352.0,0.0,0.0,0.0,0.0,0.0,10058035,0.0,防御饰品,0.0
0.0,0.0,碧饰海龟,0.0,10,0.0,0.0,7.0,7.0,0.0,0.0,367.0,0.0,0.0,0.0,0.0,0.0,10058036,0.0,防御饰品,0.0
0.0,0.0,月之手镯R,0.0,10,0.0,0.0,7.0,7.0,0.0,0.0,400.0,0.0,0.0,0.0,0.0,0.0,10058037,0.0,防御饰品,0.0
91.0,0.0,圣德芬之戒,0.0,10,0.0,0.0,0.0,0.0,0.0,0.0,0.0,0.0,0.0,0.0,1.4,0.0,10061032,0.0,魔法饰品,0.0
98.6,0.0,妖精环翅茉莉安,0.0,10,0.0,0.0,0.0,0.0,0.0,0.0,0.0,0.0,0.0,0.0,1.4,0.0,10061033,0.0,魔法饰品,0.0
102.4,0.0,巨峰徽章,0.0,10,0.0,0.0,0.0,0.0,0.0,0.0,0.0,0.0,0.0,0.0,1.4,0.0,10061034,0.0,魔法饰品,0.0
106.2,0.0,蓝色圆圈,0.0,10,0.0,0.0,0.0,0.0,0.0,0.0,0.0,0.0,0.0,0.0,1.4,0.0,10061035,0.0,魔法饰品,0.0
109.8,0.0,苍饰叶菊石,0.0,10,0.0,0.0,0.0,0.0,0.0,0.0,0.0,0.0,0.0,0.0,1.4,0.0,10061036,0.0,魔法饰品,0.0
113.6,0.0,龙之泪R,0.0,10,0.0,0.0,0.0,0.0,0.0,0.0,0.0,0.0,0.0,0.0,1.4,0.0,10061037,0.0,魔法饰品,0.0
