story_id,unlock_quest_id,reward_id_2,title,unknown_1,requirement_id,pre_story_id_2,sub_title,reward_type_2,reward_id_3,reward_value_2,reward_id_1,reward_type_1,story_group_id,start_time,visible_type,love_level,pre_story_id,reward_value_3,reward_type_3,end_time,lock_all_text,story_end,reward_value_1,story_quest_id
5001000,0,31012,初音的礼物大作战 序章,1,0,0,礼物大作战开幕！,2,0,1,91002,8,5001,2020/05/15 11:00:00,0,0,0,0,0,2099/12/31 23:59:59,0,0,20,0
5001001,0,31038,初音的礼物大作战 第1话,1,0,0,充满回忆的归路,2,0,1,91002,8,5001,2020/05/15 11:00:00,0,0,5001000,0,0,2099/12/31 23:59:59,0,0,20,0
5001002,0,31012,初音的礼物大作战 第2话,1,0,0,与神奇书籍的相遇,2,0,1,91002,8,5001,2020/05/15 11:00:00,0,0,5001001,0,0,2099/12/31 23:59:59,0,0,20,0
5001003,0,31038,初音的礼物大作战 第3话,1,0,0,Dear Sister,2,0,1,91002,8,5001,2020/05/15 11:00:00,0,0,5001002,0,0,2099/12/31 23:59:59,0,0,20,0
5001004,0,31012,初音的礼物大作战 第4话,1,0,0,被解放的魔物们,2,0,1,91002,8,5001,2020/05/15 11:00:00,0,0,5001003,0,0,2099/12/31 23:59:59,1,0,20,55001004
5001005,0,31038,初音的礼物大作战 第5话,1,0,0,共鸣的心,2,0,1,91002,8,5001,2020/05/15 11:00:00,0,0,5001004,0,0,2099/12/31 23:59:59,0,0,20,0
5001006,0,31012,初音的礼物大作战 第6话,1,0,0,齐心协力,2,0,1,91002,8,5001,2020/05/15 11:00:00,0,0,5001005,0,0,2099/12/31 23:59:59,1,0,20,55001006
5001007,0,31038,初音的礼物大作战 终章,1,0,0,最棒的礼物,2,0,1,91002,8,5001,2020/05/15 11:00:00,0,0,5001006,0,0,2099/12/31 23:59:59,0,0,20,0
5002000,0,31020,小小甜心大冒险 序章,1,0,0,镜华老师的学习会,2,0,1,91002,8,5002,2020/06/08 11:00:00,0,0,0,0,0,2099/12/31 23:59:59,0,0,20,0
5002001,0,31004,小小甜心大冒险 第1话,1,0,0,探险的邀请,2,0,1,91002,8,5002,2020/06/08 11:00:00,0,0,5002000,0,0,2099/12/31 23:59:59,0,0,20,0
5002002,0,31020,小小甜心大冒险 第2话,1,0,0,和好的食谱,2,0,1,91002,8,5002,2020/06/08 11:00:00,0,0,5002001,0,0,2099/12/31 23:59:59,0,0,20,0
5002003,0,31004,小小甜心大冒险 第3话,1,0,0,未奏希探险队出发！,2,0,1,91002,8,5002,2020/06/08 11:00:00,0,0,5002002,0,0,2099/12/31 23:59:59,0,0,20,0
5002004,0,31020,小小甜心大冒险 第4话,1,0,0,迷宫陷阱千钧一发！,2,0,1,91002,8,5002,2020/06/08 11:00:00,0,0,5002003,0,0,2099/12/31 23:59:59,0,0,20,0
5002005,0,31004,小小甜心大冒险 第5话,1,0,0,想要传达的感情,2,0,1,91002,8,5002,2020/06/08 11:00:00,0,0,5002004,0,0,2099/12/31 23:59:59,1,0,20,55002005
5002006,0,31020,小小甜心大冒险 第6话,1,0,0,甜心大作战！,2,0,1,91002,8,5002,2020/06/08 11:00:00,0,0,5002005,0,0,2099/12/31 23:59:59,1,0,20,55002006
5002007,0,31004,小小甜心大冒险 终章,1,0,0,带着满分的笑容,2,0,1,91002,8,5002,2020/06/08 11:00:00,0,0,5002006,0,0,2099/12/31 23:59:59,0,0,20,0
5003000,0,31017,吸血鬼猎人with伊莉亚 序章,1,0,0,复活的传说,2,0,1,91002,8,5003,2020/07/06 11:00:00,0,0,0,0,0,2099/12/31 23:59:59,0,0,20,0
5003001,0,31010,吸血鬼猎人with伊莉亚 第1话,1,0,0,追求超越传说之物,2,0,1,91002,8,5003,2020/07/06 11:00:00,0,0,5003000,0,0,2099/12/31 23:59:59,0,0,20,0
5003002,0,31017,吸血鬼猎人with伊莉亚 第2话,1,0,0,出门靠吸血鬼,2,0,1,91002,8,5003,2020/07/06 11:00:00,0,0,5003001,0,0,2099/12/31 23:59:59,0,0,20,0
5003003,0,31010,吸血鬼猎人with伊莉亚 第3话,1,0,0,寻找密林的蔬菜！,2,0,1,91002,8,5003,2020/07/06 11:00:00,0,0,5003002,0,0,2099/12/31 23:59:59,0,0,20,0
5003004,0,31017,吸血鬼猎人with伊莉亚 第4话,1,0,0,追寻魔物之角,2,0,1,91002,8,5003,2020/07/06 11:00:00,0,0,5003003,0,0,2099/12/31 23:59:59,0,0,20,0
5003005,0,31010,吸血鬼猎人with伊莉亚 第5话,1,0,0,与传说的邂逅,2,0,1,91002,8,5003,2020/07/06 11:00:00,0,0,5003004,0,0,2099/12/31 23:59:59,0,0,20,0
5003006,0,31017,吸血鬼猎人with伊莉亚 第6话,1,0,0,Dear Vampire,2,0,1,91002,8,5003,2020/07/06 11:00:00,0,0,5003005,0,0,2099/12/31 23:59:59,1,0,20,55003006
5003007,0,31010,吸血鬼猎人with伊莉亚 终章,1,0,0,大家一起办乌冬派对,2,0,1,91002,8,5003,2020/07/06 11:00:00,0,0,5003006,0,0,2099/12/31 23:59:59,0,0,20,0
5004000,0,31028,危险假日！！海边的美食家公主 序章,1,0,0,“魅力南国之旅”，出发！,2,0,1,91002,8,5004,2020/08/03 11:00:00,0,0,0,0,0,2099/12/31 23:59:59,0,0,20,0
5004001,0,31076,危险假日！！海边的美食家公主 第1话,1,0,0,盛夏失踪事件,2,0,1,91002,8,5004,2020/08/03 11:00:00,0,0,5004000,0,0,2099/12/31 23:59:59,0,0,20,0
5004002,0,31028,危险假日！！海边的美食家公主 第2话,1,0,0,那时候，女仆看见了！,2,0,1,91002,8,5004,2020/08/03 11:00:00,0,0,5004001,0,0,2099/12/31 23:59:59,0,0,20,0
5004003,0,31076,危险假日！！海边的美食家公主 第3话,1,0,0,海滨作战会议,2,0,1,91002,8,5004,2020/08/03 11:00:00,0,0,5004002,0,0,2099/12/31 23:59:59,0,0,20,0
5004004,0,31028,危险假日！！海边的美食家公主 第4话,1,0,0,救援潜行,2,0,1,91002,8,5004,2020/08/03 11:00:00,0,0,5004003,0,0,2099/12/31 23:59:59,0,0,20,0
5004005,0,31076,危险假日！！海边的美食家公主 第5话,1,0,0,充满谜团的海底遗迹,2,0,1,91002,8,5004,2020/08/03 11:00:00,0,0,5004004,0,0,2099/12/31 23:59:59,1,0,20,55004005
5004006,0,31028,危险假日！！海边的美食家公主 第6话,1,0,0,美食殿堂作战行动,2,0,1,91002,8,5004,2020/08/03 11:00:00,0,0,5004005,0,0,2099/12/31 23:59:59,0,0,20,0
5004007,0,31076,危险假日！！海边的美食家公主 终章,1,0,0,幸腹的烧烤，开始！,2,0,1,91002,8,5004,2020/08/03 11:00:00,0,0,5004006,0,0,2099/12/31 23:59:59,0,0,20,0
5005000,0,31032,珠希与美冬的无人岛0金币生活 序章,1,0,0,美梦成真岛,2,0,1,91002,8,5005,2020/08/30 11:00:00,0,0,0,0,0,2099/12/31 23:59:59,0,0,20,0
5005001,0,31080,珠希与美冬的无人岛0金币生活 第1话,1,0,0,无法逃离的无人岛,2,0,1,91002,8,5005,2020/08/30 11:00:00,0,0,5005000,0,0,2099/12/31 23:59:59,0,0,20,0
5005002,0,31032,珠希与美冬的无人岛0金币生活 第2话,1,0,0,诱人的梦幻空间,2,0,1,91002,8,5005,2020/08/30 11:00:00,0,0,5005001,0,0,2099/12/31 23:59:59,0,0,20,0
5005003,0,31080,珠希与美冬的无人岛0金币生活 第3话,1,0,0,贪得无厌的乐园生活,2,0,1,91002,8,5005,2020/08/30 11:00:00,0,0,5005002,0,0,2099/12/31 23:59:59,0,0,20,0
5005004,0,31032,珠希与美冬的无人岛0金币生活 第4话,1,0,0,乐园的真相,2,0,1,91002,8,5005,2020/08/30 11:00:00,0,0,5005003,0,0,2099/12/31 23:59:59,0,0,20,0
5005005,0,31080,珠希与美冬的无人岛0金币生活 第5话,1,0,0,乐园的终结,2,0,1,91002,8,5005,2020/08/30 11:00:00,0,0,5005004,0,0,2099/12/31 23:59:59,0,0,20,0
5005006,0,31032,珠希与美冬的无人岛0金币生活 第6话,1,0,0,与岛鲸对决！,2,0,1,91002,8,5005,2020/08/30 11:00:00,0,0,5005005,0,0,2099/12/31 23:59:59,1,0,20,55005006
5005007,0,31080,珠希与美冬的无人岛0金币生活 终章,1,0,0,回来吧，梦幻之岛！？,2,0,1,91002,8,5005,2020/08/30 11:00:00,0,0,5005006,0,0,2099/12/31 23:59:59,0,0,20,0
5006000,0,31034,黑铁的亡灵（梦魇） 序章,1,0,0,团长的孤独,2,0,1,91002,8,5006,2020/09/28 9:00:00,0,0,0,0,0,2099/12/31 23:59:59,0,0,20,0
5006001,0,31047,黑铁的亡灵（梦魇） 第1话,1,0,0,无法消失的宿怨,2,0,1,91002,8,5006,2020/09/28 9:00:00,0,0,5006000,0,0,2099/12/31 23:59:59,0,0,20,0
5006002,0,31034,黑铁的亡灵（梦魇） 第2话,1,0,0,疑神疑鬼,2,0,1,91002,8,5006,2020/09/28 9:00:00,0,0,5006001,0,0,2099/12/31 23:59:59,0,0,20,0
5006003,0,31047,黑铁的亡灵（梦魇） 第3话,1,0,0,彷徨的铠甲,2,0,1,91002,8,5006,2020/09/28 9:00:00,0,0,5006002,0,0,2099/12/31 23:59:59,0,0,20,0
5006004,0,31034,黑铁的亡灵（梦魇） 第4话,1,0,0,被释放的噩梦,2,0,1,91002,8,5006,2020/09/28 9:00:00,0,0,5006003,0,0,2099/12/31 23:59:59,0,0,20,0
5006005,0,31047,黑铁的亡灵（梦魇） 第5话,1,0,0,兽人街的暴动,2,0,1,91002,8,5006,2020/09/28 9:00:00,0,0,5006004,0,0,2099/12/31 23:59:59,0,0,20,0
5006006,0,31034,黑铁的亡灵（梦魇） 第6话,1,0,0,正义的存在方式,2,0,1,91002,8,5006,2020/09/28 9:00:00,0,0,5006005,0,0,2099/12/31 23:59:59,0,0,20,0
5006007,0,31047,黑铁的亡灵（梦魇） 终章,1,0,0,畅想未来,2,0,1,91002,8,5006,2020/09/28 9:00:00,0,0,5006006,0,0,2099/12/31 23:59:59,0,0,20,0
5007000,0,31022,不给布丁就捣蛋！约定的万圣节派对 序章,1,0,0,漫长夜晚的开始,2,0,1,91002,8,5007,2020/10/26 11:00:00,0,0,0,0,0,2099/12/31 23:59:59,0,0,20,0
5007001,0,31082,不给布丁就捣蛋！约定的万圣节派对 第1话,1,0,0,我是南瓜灯！,2,0,1,91002,8,5007,2020/10/26 11:00:00,0,0,5007000,0,0,2099/12/31 23:59:59,0,0,20,0
5007002,0,31022,不给布丁就捣蛋！约定的万圣节派对 第2话,1,0,0,新的附身对象,2,0,1,91002,8,5007,2020/10/26 11:00:00,0,0,5007001,0,0,2099/12/31 23:59:59,0,0,20,0
5007003,0,31082,不给布丁就捣蛋！约定的万圣节派对 第3话,1,0,0,秘密日记,2,0,1,91002,8,5007,2020/10/26 11:00:00,0,0,5007002,0,0,2099/12/31 23:59:59,0,0,20,0
5007004,0,31022,不给布丁就捣蛋！约定的万圣节派对 第4话,1,0,0,附身！夺回忍的作战计划,2,0,1,91002,8,5007,2020/10/26 11:00:00,0,0,5007003,0,0,2099/12/31 23:59:59,0,0,20,0
5007005,0,31082,不给布丁就捣蛋！约定的万圣节派对 第5话,1,0,0,最终选择,2,0,1,91002,8,5007,2020/10/26 11:00:00,0,0,5007004,0,0,2099/12/31 23:59:59,0,0,20,0
5007006,0,31022,不给布丁就捣蛋！约定的万圣节派对 第6话,1,0,0,真正的万圣夜,2,0,1,91002,8,5007,2020/10/26 11:00:00,0,0,5007005,0,0,2099/12/31 23:59:59,0,0,20,0
5007007,0,31082,不给布丁就捣蛋！约定的万圣节派对 终章,1,0,0,被喜欢的东西围绕,2,0,1,91002,8,5007,2020/10/26 11:00:00,0,0,5007006,0,0,2099/12/31 23:59:59,0,0,20,0
5008000,0,31051,暮光破坏者 序章,1,0,0,狂风暴雨之旅,2,0,1,91002,8,5008,2020/11/23 11:00:00,0,0,0,0,0,2099/12/31 23:59:59,0,0,20,0
5008001,0,31009,暮光破坏者 第1话,1,0,0,被绝望统治的村落,2,0,1,91002,8,5008,2020/11/23 11:00:00,0,0,5008000,0,0,2099/12/31 23:59:59,0,0,20,0
5008002,0,31051,暮光破坏者 第2话,1,0,0,可疑的洞窟,2,0,1,91002,8,5008,2020/11/23 11:00:00,0,0,5008001,0,0,2099/12/31 23:59:59,0,0,20,0
5008003,0,31009,暮光破坏者 第3话,1,0,0,天上不会掉馅饼,2,0,1,91002,8,5008,2020/11/23 11:00:00,0,0,5008002,0,0,2099/12/31 23:59:59,0,0,20,0
5008004,0,31051,暮光破坏者 第4话,1,0,0,恶徒们的阴谋,2,0,1,91002,8,5008,2020/11/23 11:00:00,0,0,5008003,0,0,2099/12/31 23:59:59,0,0,20,0
5008005,0,31009,暮光破坏者 第5话,1,0,0,反击的狼烟,2,0,1,91002,8,5008,2020/11/23 11:00:00,0,0,5008004,0,0,2099/12/31 23:59:59,0,0,20,0
5008006,0,31051,暮光破坏者 第6话,1,0,0,巨大武器与复仇之刃,2,0,1,91002,8,5008,2020/11/23 11:00:00,0,0,5008005,0,0,2099/12/31 23:59:59,0,0,20,0
5008007,0,31009,暮光破坏者 终章,1,0,0,旅途无穷无尽,2,0,1,91002,8,5008,2020/11/23 11:00:00,0,0,5008006,0,0,2099/12/31 23:59:59,0,0,20,0
5009000,0,31029,忘却的圣歌 序章,1,0,0,冬日的叹歌,2,0,1,91002,8,5009,2020/12/20 11:00:00,0,0,0,0,0,2099/12/31 23:59:59,0,0,20,0
5009001,0,31085,忘却的圣歌 第1话,1,0,0,沉睡的歌姬,2,0,1,91002,8,5009,2020/12/20 11:00:00,0,0,5009000,0,0,2099/12/31 23:59:59,0,0,20,0
5009002,0,31029,忘却的圣歌 第2话,1,0,0,野兽的盛宴,2,0,1,91002,8,5009,2020/12/20 11:00:00,0,0,5009001,0,0,2099/12/31 23:59:59,0,0,20,0
5009003,0,31085,忘却的圣歌 第3话,1,0,0,编缀在歌中的思念,2,0,1,91002,8,5009,2020/12/20 11:00:00,0,0,5009002,0,0,2099/12/31 23:59:59,0,0,20,0
5009004,0,31029,忘却的圣歌 第4话,1,0,0,与家人一起唱响思念之歌,2,0,1,91002,8,5009,2020/12/20 11:00:00,0,0,5009003,0,0,2099/12/31 23:59:59,0,0,20,0
5009005,0,31085,忘却的圣歌 第5话,1,0,0,记忆的大精灵雾精,2,0,1,91002,8,5009,2020/12/20 11:00:00,0,0,5009004,0,0,2099/12/31 23:59:59,0,0,20,0
5009006,0,31029,忘却的圣歌 第6话,1,0,0,追忆的珍贵回忆,2,0,1,91002,8,5009,2020/12/20 11:00:00,0,0,5009005,0,0,2099/12/31 23:59:59,0,0,20,0
5009007,0,31085,忘却的圣歌 终章,1,0,0,平安夜的慈乐之音・颂歌,2,0,1,91002,8,5009,2020/12/20 11:00:00,0,0,5009006,0,0,2099/12/31 23:59:59,0,0,20,0
5010000,0,31002,新春破晓之星大危机！ 序章,1,0,0,年末的约定,2,0,1,91002,8,5010,2021/01/18 9:00:00,0,0,0,0,0,2099/12/31 23:59:59,0,0,20,0
5010001,0,31089,新春破晓之星大危机！ 第1话,1,0,0,留下今年最后的回忆,2,0,1,91002,8,5010,2021/01/18 9:00:00,0,0,5010000,0,0,2099/12/31 23:59:59,0,0,20,0
5010002,0,31002,新春破晓之星大危机！ 第2话,1,0,0,心愿的呼喊声,2,0,1,91002,8,5010,2021/01/18 9:00:00,0,0,5010001,0,0,2099/12/31 23:59:59,0,0,20,0
5010003,0,31089,新春破晓之星大危机！ 第3话,1,0,0,求之不得的心愿？,2,0,1,91002,8,5010,2021/01/18 9:00:00,0,0,5010002,0,0,2099/12/31 23:59:59,0,0,20,0
5010004,0,31002,新春破晓之星大危机！ 第4话,1,0,0,全力以赴的净化,2,0,1,91002,8,5010,2021/01/18 9:00:00,0,0,5010003,0,0,2099/12/31 23:59:59,0,0,20,0
5010005,0,31089,新春破晓之星大危机！ 第5话,1,0,0,想要不断增加的回忆,2,0,1,91002,8,5010,2021/01/18 9:00:00,0,0,5010004,0,0,2099/12/31 23:59:59,0,0,20,0
5010006,0,31002,新春破晓之星大危机！ 第6话,1,0,0,轮回不息的缘分,2,0,1,91002,8,5010,2021/01/18 9:00:00,0,0,5010005,0,0,2099/12/31 23:59:59,0,0,20,0
5010007,0,31089,新春破晓之星大危机！ 终章,1,0,0,新心愿的开始,2,0,1,91002,8,5010,2021/01/18 9:00:00,0,0,5010006,0,0,2099/12/31 23:59:59,0,0,20,0
5010501,0,0,新年演出,1,0,0,新年演出,0,0,0,0,0,5010,2021/01/18 9:00:00,8,0,0,0,0,2099/12/31 23:59:59,0,0,0,0
5011000,0,31011,情人节之战！\n正中红心的甜蜜战斗 序章,1,0,0,伴随着甜蜜的气息,2,0,1,91002,8,5011,2021/02/14 11:00:00,0,0,0,0,0,2099/12/31 23:59:59,0,0,20,0
5011001,0,31090,情人节之战！\n正中红心的甜蜜战斗 第1话,1,0,0,甜蜜战役爆发！,2,0,1,91002,8,5011,2021/02/14 11:00:00,0,0,5011000,0,0,2099/12/31 23:59:59,0,0,20,0
5011002,0,31011,情人节之战！\n正中红心的甜蜜战斗 第2话,1,0,0,厨房竞技场的战斗,2,0,1,91002,8,5011,2021/02/14 11:00:00,0,0,5011001,0,0,2099/12/31 23:59:59,1,0,20,0
5011003,0,31090,情人节之战！\n正中红心的甜蜜战斗 第3话,1,0,0,散发命运香气的巧克力,2,0,1,91002,8,5011,2021/02/14 11:00:00,0,0,5011002,0,0,2099/12/31 23:59:59,0,0,20,0
5011004,0,31011,情人节之战！\n正中红心的甜蜜战斗 第4话,1,0,0,姐姐要抓住弟弟的胃,2,0,1,91002,8,5011,2021/02/14 11:00:00,0,0,5011003,0,0,2099/12/31 23:59:59,0,0,20,0
5011005,0,31090,情人节之战！\n正中红心的甜蜜战斗 第5话,1,0,0,发芽的思念之花,2,0,1,91002,8,5011,2021/02/14 11:00:00,0,0,5011004,0,0,2099/12/31 23:59:59,1,0,20,55011005
5011006,0,31011,情人节之战！\n正中红心的甜蜜战斗 第6话,1,0,0,融化巧克力的爱之攻击,2,0,1,91002,8,5011,2021/02/14 11:00:00,0,0,5011005,0,0,2099/12/31 23:59:59,1,0,20,55011006
5011007,0,31090,情人节之战！\n正中红心的甜蜜战斗 终章,1,0,0,爱在战斗之后,2,0,1,91002,8,5011,2021/02/14 11:00:00,0,0,5011006,0,0,2099/12/31 23:59:59,0,0,20,0
5012000,0,31008,王都的名侦探 \n叹息的追缉者（STALKER） 序章,1,0,0,竞赛、灾难、凝视的双眸,2,0,1,91002,8,5012,2021/03/15 11:00:00,0,0,0,0,0,2099/12/31 23:59:59,0,0,20,0
5012001,0,31043,王都的名侦探 \n叹息的追缉者（STALKER） 第1话,1,0,0,调查身边情况是搜查的基础,2,0,1,91002,8,5012,2021/03/15 11:00:00,0,0,5012000,0,0,2099/12/31 23:59:59,0,0,20,0
5012002,0,31008,王都的名侦探 \n叹息的追缉者（STALKER） 第2话,1,0,0,多灾多难的目击者,2,0,1,91002,8,5012,2021/03/15 11:00:00,0,0,5012001,0,0,2099/12/31 23:59:59,0,0,20,0
5012003,0,31043,王都的名侦探 \n叹息的追缉者（STALKER） 第3话,1,0,0,愚者的味道,2,0,1,91002,8,5012,2021/03/15 11:00:00,0,0,5012002,0,0,2099/12/31 23:59:59,0,0,20,0
5012004,0,31008,王都的名侦探 \n叹息的追缉者（STALKER） 第4话,1,0,0,勇敢的一步,2,0,1,91002,8,5012,2021/03/15 11:00:00,0,0,5012003,0,0,2099/12/31 23:59:59,0,0,20,0
5012005,0,31043,王都的名侦探 \n叹息的追缉者（STALKER） 第5话,1,0,0,解决事件的秘诀,2,0,1,91002,8,5012,2021/03/15 11:00:00,0,0,5012004,0,0,2099/12/31 23:59:59,0,0,20,0
5012006,0,31008,王都的名侦探 \n叹息的追缉者（STALKER） 第6话,1,0,0,哀叹者与拯救者,2,0,1,91002,8,5012,2021/03/15 11:00:00,0,0,5012005,0,0,2099/12/31 23:59:59,0,0,20,0
5012007,0,31043,王都的名侦探 \n叹息的追缉者（STALKER） 终章,1,0,0,在事件结束后找到的东西,2,0,1,91002,8,5012,2021/03/15 11:00:00,0,0,5012006,0,0,2099/12/31 23:59:59,0,0,20,0
5013000,0,31018,盛开在阿斯特莱亚的双轮之花 序章,1,0,0,从密斯塔尔希亚到异世界,2,0,1,91002,8,5013,2021/05/13 15:00:00,0,0,0,0,0,2099/12/31 23:59:59,0,0,20,0
5013001,0,31093,盛开在阿斯特莱亚的双轮之花 第1话,1,0,0,登上加斯特罗斯山！,2,0,1,91002,8,5013,2021/05/13 15:00:00,0,0,5013000,0,0,2099/12/31 23:59:59,0,0,20,0
5013002,0,31018,盛开在阿斯特莱亚的双轮之花 第2话,1,0,0,龙族公主与引路的巫女,2,0,1,91002,8,5013,2021/05/13 15:00:00,0,0,5013001,0,0,2099/12/31 23:59:59,0,0,20,0
5013003,0,31093,盛开在阿斯特莱亚的双轮之花 第3话,1,0,0,游览兰德索尔,2,0,1,91002,8,5013,2021/05/13 15:00:00,0,0,5013002,0,0,2099/12/31 23:59:59,0,0,20,0
5013004,0,31018,盛开在阿斯特莱亚的双轮之花 第4话,1,0,0,光之裂缝与世界的危机,2,0,1,91002,8,5013,2021/05/13 15:00:00,0,0,5013003,0,0,2099/12/31 23:59:59,0,0,20,0
5013005,0,31093,盛开在阿斯特莱亚的双轮之花 第5话,1,0,0,公主之间的交流,2,0,1,91002,8,5013,2021/05/13 15:00:00,0,0,5013004,0,0,2099/12/31 23:59:59,0,0,20,0
5013006,0,31018,盛开在阿斯特莱亚的双轮之花 第6话,1,0,0,最棒的组合,2,0,1,91002,8,5013,2021/05/13 15:00:00,0,0,5013005,0,0,2099/12/31 23:59:59,0,0,20,0
5013007,0,31093,盛开在阿斯特莱亚的双轮之花 终章,1,0,0,漫天纷飞的樱花和真正的美食,2,0,1,91002,8,5013,2021/05/13 15:00:00,0,0,5013006,0,0,2099/12/31 23:59:59,0,0,20,0
5015000,0,31045,将军道中记 白翼的武士 序章,1,0,0,出发！ 受邀前往大江户,2,0,1,91002,8,5015,2021/06/07 15:00:00,0,0,0,0,0,2099/12/31 23:59:59,0,0,20,0
5015001,0,31053,将军道中记 白翼的武士 第1话,1,0,0,打扮艳丽的白翼少女,2,0,1,91002,8,5015,2021/06/07 15:00:00,0,0,5015000,0,0,2099/12/31 23:59:59,1,0,20,0
5015002,0,31045,将军道中记 白翼的武士 第2话,1,0,0,可怕的强买强卖胡同,2,0,1,91002,8,5015,2021/06/07 15:00:00,0,0,5015001,0,0,2099/12/31 23:59:59,0,0,20,0
5015003,0,31053,将军道中记 白翼的武士 第3话,1,0,0,大江户搜查网,2,0,1,91002,8,5015,2021/06/07 15:00:00,0,0,5015002,0,0,2099/12/31 23:59:59,0,0,20,0
5015004,0,31045,将军道中记 白翼的武士 第4话,1,0,0,屈辱的败退,2,0,1,91002,8,5015,2021/06/07 15:00:00,0,0,5015003,0,0,2099/12/31 23:59:59,0,0,20,0
5015005,0,31053,将军道中记 白翼的武士 第5话,1,0,0,白翼的情谊,2,0,1,91002,8,5015,2021/06/07 15:00:00,0,0,5015004,0,0,2099/12/31 23:59:59,0,0,20,0
5015006,0,31045,将军道中记 白翼的武士 第6话,1,0,0,挑战！ 白翼同心！,2,0,1,91002,8,5015,2021/06/07 15:00:00,0,0,5015005,0,0,2099/12/31 23:59:59,0,0,20,0
5015007,0,31053,将军道中记 白翼的武士 终章,1,0,0,今天的大江户镇也十分和平,2,0,1,91002,8,5015,2021/06/07 15:00:00,0,0,5015006,0,0,2099/12/31 23:59:59,0,0,20,0
5017000,0,31025,Re: 从零开始的收集异世界餐桌 序章,1,0,0,与异界访客们的邂逅,2,0,1,91002,8,5017,2021/04/14 15:00:00,0,0,0,0,0,2099/12/31 23:59:59,0,0,20,0
5017001,0,31098,Re: 从零开始的收集异世界餐桌 第1话,1,0,0,大罪司教培提尔其乌斯,2,0,1,91002,8,5017,2021/04/14 15:00:00,0,0,5017000,0,0,2099/12/31 23:59:59,0,0,20,0
5017002,0,31025,Re: 从零开始的收集异世界餐桌 第2话,1,0,0,守望的人影,2,0,1,91002,8,5017,2021/04/14 15:00:00,0,0,5017001,0,0,2099/12/31 23:59:59,0,0,20,0
5017003,0,31098,Re: 从零开始的收集异世界餐桌 第3话,1,0,0,诺查丹玛斯的神谕,2,0,1,91002,8,5017,2021/04/14 15:00:00,0,0,5017002,0,0,2099/12/31 23:59:59,0,0,20,0
5017004,0,31025,Re: 从零开始的收集异世界餐桌 第4话,1,0,0,激斗，大罪司教对战誓约女君,2,0,1,91002,8,5017,2021/04/14 15:00:00,0,0,5017003,0,0,2099/12/31 23:59:59,0,0,20,0
5017005,0,31098,Re: 从零开始的收集异世界餐桌 第5话,1,0,0,奔涌而至的虔诚,2,0,1,91002,8,5017,2021/04/14 15:00:00,0,0,5017004,0,0,2099/12/31 23:59:59,0,0,20,0
5017006,0,31025,Re: 从零开始的收集异世界餐桌 第6话,1,0,0,破解“不可见之手”,2,0,1,91002,8,5017,2021/04/14 15:00:00,0,0,5017005,0,0,2099/12/31 23:59:59,0,0,20,0
5017007,0,31098,Re: 从零开始的收集异世界餐桌 终章,1,0,0,为异世界美食干杯,2,0,1,91002,8,5017,2021/04/14 15:00:00,0,0,5017006,0,0,2099/12/31 23:59:59,0,0,20,0
5019000,0,31050,开场,1,0,0,开始向往的假期！,2,0,1,91002,8,5019,2021/07/09 15:00:00,0,0,0,0,0,2099/12/31 23:59:59,0,0,20,0
5019001,0,31101,铃奈的RAINBOW STAGE！ 第1话,1,0,0,万分期待的南国海岛,2,0,1,91002,8,5019,2021/07/09 15:00:00,0,0,5019000,0,0,2099/12/31 23:59:59,0,0,20,0
5019002,0,31050,铃奈的RAINBOW STAGE！ 第2话,1,0,0,雨天……吵架,2,0,1,91002,8,5019,2021/07/09 15:00:00,0,0,5019001,0,0,2099/12/31 23:59:59,0,0,20,0
5019003,0,31101,铃奈的RAINBOW STAGE！ 第3话,1,0,0,对活动的热情,2,0,1,91002,8,5019,2021/07/09 15:00:00,0,0,5019002,0,0,2099/12/31 23:59:59,0,0,20,0
5019004,0,31050,铃奈的RAINBOW STAGE！ 第4话,1,0,0,孤独的精灵,2,0,1,91002,8,5019,2021/07/09 15:00:00,0,0,5019003,0,0,2099/12/31 23:59:59,0,0,20,0
5019005,0,31101,铃奈的RAINBOW STAGE！ 第5话,1,0,0,雨过天晴和好如初,2,0,1,91002,8,5019,2021/07/09 15:00:00,0,0,5019004,0,0,2099/12/31 23:59:59,0,0,20,0
5019006,0,31050,铃奈的RAINBOW STAGE！ 第6话,1,0,0,贯穿乌云的祈祷之光,2,0,1,91002,8,5019,2021/07/09 15:00:00,0,0,5019005,0,0,2099/12/31 23:59:59,0,0,20,0
5019007,0,31101,铃奈的RAINBOW STAGE！ 终章,1,0,0,夏日的开幕,2,0,1,91002,8,5019,2021/07/09 15:00:00,0,0,5019006,0,0,2099/12/31 23:59:59,0,0,20,0
5021000,0,31014,盛夏的真步真步王国　海滩上的灵魂之夏！ 开场,1,0,0,夏日的呼唤，大海的诱惑,2,0,1,91002,8,5021,2021/08/06 15:00:00,0,0,0,0,0,2099/12/31 23:59:59,0,0,20,0
5021001,0,31105,盛夏的真步真步王国　海滩上的灵魂之夏！ 第1话,1,0,0,海边的真步真步王国,2,0,1,91002,8,5021,2021/08/06 15:00:00,0,0,5021000,0,0,2099/12/31 23:59:59,0,0,20,0
5021002,0,31014,盛夏的真步真步王国　海滩上的灵魂之夏！ 第2话,1,0,0,从遥远故乡流传而来的名字,2,0,1,91002,8,5021,2021/08/06 15:00:00,0,0,5021001,0,0,2099/12/31 23:59:59,0,0,20,0
5021003,0,31105,盛夏的真步真步王国　海滩上的灵魂之夏！ 第3话,1,0,0,驱赶附身灵魂的方法,2,0,1,91002,8,5021,2021/08/06 15:00:00,0,0,5021002,0,0,2099/12/31 23:59:59,0,0,20,0
5021004,0,31014,盛夏的真步真步王国　海滩上的灵魂之夏！ 第4话,1,0,0,感受到的心跳,2,0,1,91002,8,5021,2021/08/06 15:00:00,0,0,5021003,0,0,2099/12/31 23:59:59,0,0,20,0
5021005,0,31105,盛夏的真步真步王国　海滩上的灵魂之夏！ 第5话,1,0,0,心意可以传达,2,0,1,91002,8,5021,2021/08/06 15:00:00,0,0,5021004,0,0,2099/12/31 23:59:59,0,0,20,0
5021006,0,31014,盛夏的真步真步王国　海滩上的灵魂之夏！ 第6话,1,0,0,照亮夜空的光辉,2,0,1,91002,8,5021,2021/08/06 15:00:00,0,0,5021005,0,0,2099/12/31 23:59:59,0,0,20,0
5021007,0,31105,盛夏的真步真步王国　海滩上的灵魂之夏！ 终章,1,0,0,重要的礼物,2,0,1,91002,8,5021,2021/08/06 15:00:00,0,0,5021006,0,0,2099/12/31 23:59:59,0,0,20,0
5023000,0,31040,森林里的胆小鬼与神圣学院的问题儿童 开场,1,0,0,突如其来的试炼,2,0,1,91002,8,5023,2021/09/01 15:00:00,0,0,0,0,0,2099/12/31 23:59:59,0,0,20,0
5023001,0,31056,森林里的胆小鬼与神圣学院的问题儿童 第1话,1,0,0,名字叫做好朋友社,2,0,1,91002,8,5023,2021/09/01 15:00:00,0,0,5023000,0,0,2099/12/31 23:59:59,0,0,20,0
5023002,0,31040,森林里的胆小鬼与神圣学院的问题儿童 第2话,1,0,0,最初的一步,2,0,1,91002,8,5023,2021/09/01 15:00:00,0,0,5023001,0,0,2099/12/31 23:59:59,0,0,20,0
5023003,0,31056,森林里的胆小鬼与神圣学院的问题儿童 第3话,1,0,0,特别讲座准备中！,2,0,1,91002,8,5023,2021/09/01 15:00:00,0,0,5023002,0,0,2099/12/31 23:59:59,0,0,20,0
5023004,0,31040,森林里的胆小鬼与神圣学院的问题儿童 第4话,1,0,0,跨越困难之时,2,0,1,91002,8,5023,2021/09/01 15:00:00,0,0,5023003,0,0,2099/12/31 23:59:59,0,0,20,0
5023005,0,31056,森林里的胆小鬼与神圣学院的问题儿童 第5话,1,0,0,捕捉剧毒曼德拉草作战,2,0,1,91002,8,5023,2021/09/01 15:00:00,0,0,5023004,0,0,2099/12/31 23:59:59,0,0,20,0
5023006,0,31040,森林里的胆小鬼与神圣学院的问题儿童 第6话,1,0,0,友情已然存于心中,2,0,1,91002,8,5023,2021/09/01 15:00:00,0,0,5023005,0,0,2099/12/31 23:59:59,0,0,20,0
5023007,0,31056,森林里的胆小鬼与神圣学院的问题儿童 终章,1,0,0,青春还将继续,2,0,1,91002,8,5023,2021/09/01 15:00:00,0,0,5023006,0,0,2099/12/31 23:59:59,0,0,20,0
5025000,0,31036,小小的勇气·万圣节之夜！ 序章,1,0,0,危险的好奇心,2,0,1,91002,8,5025,2021/09/30 15:00:00,0,0,0,0,0,2099/12/31 23:59:59,0,0,20,0
5025001,0,31112,小小的勇气·万圣节之夜！ 第1话,1,0,0,失踪的小孩,2,0,1,91002,8,5025,2021/09/30 15:00:00,0,0,5025000,0,0,2099/12/31 23:59:59,0,0,20,0
5025002,0,31036,小小的勇气·万圣节之夜！ 第2话,1,0,0,那声音跨越了异空间,2,0,1,91002,8,5025,2021/09/30 15:00:00,0,0,5025001,0,0,2099/12/31 23:59:59,0,0,20,0
5025003,0,31112,小小的勇气·万圣节之夜！ 第3话,1,0,0,用友情开启门扉,2,0,1,91002,8,5025,2021/09/30 15:00:00,0,0,5025002,0,0,2099/12/31 23:59:59,0,0,20,0
5025004,0,31036,小小的勇气·万圣节之夜！ 第4话,1,0,0,陌生的少女与神秘的声音,2,0,1,91002,8,5025,2021/09/30 15:00:00,0,0,5025003,0,0,2099/12/31 23:59:59,0,0,20,0
5025005,0,31112,小小的勇气·万圣节之夜！ 第5话,1,0,0,囚禁灵魂的宅邸,2,0,1,91002,8,5025,2021/09/30 15:00:00,0,0,5025004,0,0,2099/12/31 23:59:59,0,0,20,0
5025006,0,31036,小小的勇气·万圣节之夜！ 第6话,1,0,0,与悲伤的夜晚说再见,2,0,1,91002,8,5025,2021/09/30 15:00:00,0,0,5025005,0,0,2099/12/31 23:59:59,0,0,20,0
5025007,0,0,万圣节动画,1,0,0,万圣节动画,0,0,0,0,0,5025,2021/09/30 15:00:00,8,0,0,0,0,2099/12/31 23:59:59,0,0,0,0
5025008,0,31112,小小的勇气·万圣节之夜！ 终章,1,0,0,永远的朋友,2,0,1,91002,8,5025,2021/09/30 15:00:00,0,0,5025006,0,0,2099/12/31 23:59:59,0,0,20,0
5027000,0,31005,龙之探索者 序章,1,0,0,机密指令,2,0,1,91002,8,5027,2021/10/28 15:00:00,0,0,0,0,0,2099/12/31 23:59:59,0,0,20,0
5027001,0,31037,龙之探索者 第1话,1,0,0,前往新天地,2,0,1,91002,8,5027,2021/10/28 15:00:00,0,0,5027000,0,0,2099/12/31 23:59:59,0,0,20,0
5027002,0,31005,龙之探索者 第2话,1,0,0,登陆厄尔庇斯岛,2,0,1,91002,8,5027,2021/10/28 15:00:00,0,0,5027001,0,0,2099/12/31 23:59:59,0,0,20,0
5027003,0,31037,龙之探索者 第3话,1,0,0,午夜的袭击者,2,0,1,91002,8,5027,2021/10/28 15:00:00,0,0,5027002,0,0,2099/12/31 23:59:59,0,0,20,0
5027004,0,31005,龙之探索者 第4话,1,0,0,偷跑的代价,2,0,1,91002,8,5027,2021/10/28 15:00:00,0,0,5027003,0,0,2099/12/31 23:59:59,0,0,20,0
5027005,0,31037,龙之探索者 第5话,1,0,0,藏在密林遗迹中的东西,2,0,1,91002,8,5027,2021/10/28 15:00:00,0,0,5027004,0,0,2099/12/31 23:59:59,0,0,20,0
5027006,0,31005,龙之探索者 第6话,1,0,0,龙的逆鳞,2,0,1,91002,8,5027,2021/10/28 15:00:00,0,0,5027005,0,0,2099/12/31 23:59:59,0,0,20,0
5027007,0,31037,龙之探索者 终章,1,0,0,冒险仍将继续,2,0,1,91002,8,5027,2021/10/28 15:00:00,0,0,5027006,0,0,2099/12/31 23:59:59,0,0,20,0
5029000,0,31044,礼物大恐慌！　兰德索尔的圣诞老人们 序章,1,0,0,圣诞节要与圣诞老人一起度过,2,0,1,91002,8,5029,2021/11/25 15:00:00,0,0,0,0,0,2099/12/31 23:59:59,0,0,20,0
5029001,0,31116,礼物大恐慌！　兰德索尔的圣诞老人们 第1话,1,0,0,布丁与飞溅的礼物,2,0,1,91002,8,5029,2021/11/25 15:00:00,0,0,5029000,0,0,2099/12/31 23:59:59,0,0,20,0
5029002,0,31044,礼物大恐慌！　兰德索尔的圣诞老人们 第2话,1,0,0,给好孩子送上正义的礼物,2,0,1,91002,8,5029,2021/11/25 15:00:00,0,0,5029001,0,0,2099/12/31 23:59:59,0,0,20,0
5029003,0,31116,礼物大恐慌！　兰德索尔的圣诞老人们 第3话,1,0,0,圣诞老人大进击,2,0,1,91002,8,5029,2021/11/25 15:00:00,0,0,5029002,0,0,2099/12/31 23:59:59,0,0,20,0
5029004,0,31044,礼物大恐慌！　兰德索尔的圣诞老人们 第4话,1,0,0,白色的雪、白色的蒸汽,2,0,1,91002,8,5029,2021/11/25 15:00:00,0,0,5029003,0,0,2099/12/31 23:59:59,0,0,20,0
5029005,0,31116,礼物大恐慌！　兰德索尔的圣诞老人们 第5话,1,0,0,圣夜的反叛者,2,0,1,91002,8,5029,2021/11/25 15:00:00,0,0,5029004,0,0,2099/12/31 23:59:59,0,0,20,0
5029006,0,31044,礼物大恐慌！　兰德索尔的圣诞老人们 第6话,1,0,0,雪夜的安可,2,0,1,91002,8,5029,2021/11/25 15:00:00,0,0,5029005,0,0,2099/12/31 23:59:59,0,0,20,0
5029007,0,31116,礼物大恐慌！　兰德索尔的圣诞老人们 终章,1,0,0,给送礼之人送礼,2,0,1,91002,8,5029,2021/11/25 15:00:00,0,0,5029006,0,0,2099/12/31 23:59:59,0,0,20,0
5031000,0,31021,狂奔！　兰德索尔公会竞速赛 开场,1,0,0,今年最后的大对决,2,0,1,91002,8,5031,2021/12/26 15:00:00,0,0,0,0,0,2099/12/31 23:59:59,0,0,20,0
5031001,0,31121,狂奔！　兰德索尔公会竞速赛 第1话,1,0,0,狂热的竞速赛现在开始,2,0,1,91002,8,5031,2021/12/26 15:00:00,0,0,5031000,0,0,2099/12/31 23:59:59,0,0,20,0
5031002,0,31021,狂奔！　兰德索尔公会竞速赛 第2话,1,0,0,款待与信赖,2,0,1,91002,8,5031,2021/12/26 15:00:00,0,0,5031001,0,0,2099/12/31 23:59:59,0,0,20,0
5031003,0,31121,狂奔！　兰德索尔公会竞速赛 第3话,1,0,0,陷入混乱的森林,2,0,1,91002,8,5031,2021/12/26 15:00:00,0,0,5031002,0,0,2099/12/31 23:59:59,0,0,20,0
5031004,0,31021,狂奔！　兰德索尔公会竞速赛 第4话,1,0,0,热火朝天的竞争,2,0,1,91002,8,5031,2021/12/26 15:00:00,0,0,5031003,0,0,2099/12/31 23:59:59,0,0,20,0
5031005,0,31121,狂奔！　兰德索尔公会竞速赛 第5话,1,0,0,山神大人降临！,2,0,1,91002,8,5031,2021/12/26 15:00:00,0,0,5031004,0,0,2099/12/31 23:59:59,0,0,20,0
5031006,0,31021,狂奔！　兰德索尔公会竞速赛 第6话,1,0,0,心意连结的终点,2,0,1,91002,8,5031,2021/12/26 15:00:00,0,0,5031005,0,0,2099/12/31 23:59:59,0,0,20,0
5031007,0,31121,狂奔！　兰德索尔公会竞速赛 终章,1,0,0,与祝福的钟声一起,2,0,1,91002,8,5031,2021/12/26 15:00:00,0,0,5031006,0,0,2099/12/31 23:59:59,0,0,20,0
5031501,0,0,新年动画,1,0,0,新年动画,0,0,0,0,0,5031,2021/12/26 15:00:00,8,0,0,0,0,2099/12/31 23:59:59,0,0,0,0
5033000,0,31049,魔法少女　二人是Misty&Purely 开场,1,0,0,我们是魔法少女！？,2,0,1,91002,8,5033,2022/01/24 15:00:00,0,0,0,0,0,2099/12/31 23:59:59,0,0,20,0
5033001,0,31123,魔法少女　二人是Misty&Purely 第1话,1,0,0,爱与希望的首战,2,0,1,91002,8,5033,2022/01/24 15:00:00,0,0,5033000,0,0,2099/12/31 23:59:59,0,0,20,0
5033002,0,31049,魔法少女　二人是Misty&Purely 第2话,1,0,0,特训，招牌姿势！,2,0,1,91002,8,5033,2022/01/24 15:00:00,0,0,5033001,0,0,2099/12/31 23:59:59,0,0,20,0
5033003,0,31123,魔法少女　二人是Misty&Purely 第3话,1,0,0,散播爱与希望,2,0,1,91002,8,5033,2022/01/24 15:00:00,0,0,5033002,0,0,2099/12/31 23:59:59,0,0,20,0
5033004,0,31049,魔法少女　二人是Misty&Purely 第4话,1,0,0,第三位魔法少女（？）,2,0,1,91002,8,5033,2022/01/24 15:00:00,0,0,5033003,0,0,2099/12/31 23:59:59,0,0,20,0
5033005,0,31123,魔法少女　二人是Misty&Purely 第5话,1,0,0,深沉的爱，暗黑之影,2,0,1,91002,8,5033,2022/01/24 15:00:00,0,0,5033004,0,0,2099/12/31 23:59:59,0,0,20,0
5033006,0,31049,魔法少女　二人是Misty&Purely 第6话,1,0,0,汇聚爱与希望，以及——,2,0,1,91002,8,5033,2022/01/24 15:00:00,0,0,5033005,0,0,2099/12/31 23:59:59,0,0,20,0
5033007,0,0,胜利动画,1,0,0,胜利动画,0,0,0,0,0,5033,2022/01/24 15:00:00,8,0,0,0,0,2099/12/31 23:59:59,0,0,0,0
5033008,0,31123,魔法少女　二人是Misty&Purely 终章,1,0,0,充满爱与希望的城镇,2,0,1,91002,8,5033,2022/01/24 15:00:00,0,0,5033006,0,0,2099/12/31 23:59:59,0,0,20,0
5035000,0,31042,星光公主　Re:M@STER！前篇　开场,1,0,0,Cast a Spell on…,2,0,1,91002,8,5035,2022/02/25 15:00:00,0,0,0,0,0,2099/12/31 23:59:59,0,0,20,0
5035001,0,31126,星光公主　Re:M@STER！前篇　第1话,1,0,0,Road to Star,2,0,1,91002,8,5035,2022/02/25 15:00:00,0,0,5035000,0,0,2099/12/31 23:59:59,0,0,20,0
5035002,0,31042,星光公主　Re:M@STER！前篇　第2话,1,0,0,The First Step,2,0,1,91002,8,5035,2022/02/25 15:00:00,0,0,5035001,0,0,2099/12/31 23:59:59,0,0,20,0
5035003,0,31126,星光公主　Re:M@STER！前篇　第3话,1,0,0,"No Lesson, No Success",2,0,1,91002,8,5035,2022/02/25 15:00:00,0,0,5035002,0,0,2099/12/31 23:59:59,0,0,20,0
5035004,0,31042,星光公主　Re:M@STER！前篇　第4话,1,0,0,What Have We Forgotten?,2,0,1,91002,8,5035,2022/02/25 15:00:00,0,0,5035003,0,0,2099/12/31 23:59:59,0,0,20,0
5035005,0,31126,星光公主　Re:M@STER！前篇　终章,1,0,0,Adventure Goes on!,2,0,1,91002,8,5035,2022/02/25 15:00:00,0,0,5035004,0,0,2099/12/31 23:59:59,0,0,20,0
5036001,0,31126,星光公主　Re:M@STER！后篇　第1话,1,0,0,Hazard Tree (Tree?),2,0,1,91002,8,5036,2022/02/25 15:00:00,0,0,5035005,0,0,2099/12/31 23:59:59,0,0,20,0
5036002,0,31042,星光公主　Re:M@STER！后篇　第2话,1,0,0,Cat Strike!,2,0,1,91002,8,5036,2022/02/25 15:00:00,0,0,5036001,0,0,2099/12/31 23:59:59,0,0,20,0
5036003,0,31126,星光公主　Re:M@STER！后篇　第3话,1,0,0,Find Our Way,2,0,1,91002,8,5036,2022/02/25 15:00:00,0,0,5036002,0,0,2099/12/31 23:59:59,0,0,20,0
5036004,0,31042,星光公主　Re:M@STER！后篇　第4话,1,0,0,Connect the World,2,0,1,91002,8,5036,2022/02/25 15:00:00,0,0,5036003,0,0,2099/12/31 23:59:59,0,0,20,0
5036005,0,31126,星光公主　Re:M@STER！后篇　终章,1,0,0,Great Journey,2,0,1,91002,8,5036,2022/02/25 15:00:00,0,0,5036004,0,0,2099/12/31 23:59:59,0,0,20,0
5036201,0,0,星光公主　Re:M@STER！后篇 Logo,1,0,0,Logo动画,0,0,0,0,0,5036,2022/02/25 15:00:00,11,0,0,0,0,2099/12/31 23:59:59,0,0,0,0
5036501,0,0,盆栽宝宝动画1,1,0,0,盆栽宝宝动画1,0,0,0,0,0,5036,2022/02/25 15:00:00,10,0,0,0,0,2099/12/31 23:59:59,0,0,0,0
5036502,0,0,盆栽宝宝动画2,1,0,0,盆栽宝宝动画2,0,0,0,0,0,5036,2022/02/25 15:00:00,10,0,0,0,0,2099/12/31 23:59:59,0,0,0,0
5036503,0,0,盆栽宝宝动画3,1,0,0,盆栽宝宝动画3,0,0,0,0,0,5036,2022/02/25 15:00:00,10,0,0,0,0,2099/12/31 23:59:59,0,0,0,0
5036504,0,0,盆栽宝宝动画4,1,0,0,盆栽宝宝动画4,0,0,0,0,0,5036,2022/02/25 15:00:00,10,0,0,0,0,2099/12/31 23:59:59,0,0,0,0
5038000,0,31046,恩赐的财团与神圣学院的问题儿童 序章,1,0,0,觉醒吧商业头脑,2,0,1,91002,8,5038,2022/03/26 15:00:00,0,0,0,0,0,2099/12/31 23:59:59,0,0,20,0
5038001,0,31107,恩赐的财团与神圣学院的问题儿童 第1话,1,0,0,名流前来,2,0,1,91002,8,5038,2022/03/26 15:00:00,0,0,5038000,0,0,2099/12/31 23:59:59,0,0,20,0
5038002,0,31046,恩赐的财团与神圣学院的问题儿童 第2话,1,0,0,切噜影响力,2,0,1,91002,8,5038,2022/03/26 15:00:00,0,0,5038001,0,0,2099/12/31 23:59:59,0,0,20,0
5038003,0,31107,恩赐的财团与神圣学院的问题儿童 第3话,1,0,0,招待街道,2,0,1,91002,8,5038,2022/03/26 15:00:00,0,0,5038002,0,0,2099/12/31 23:59:59,0,0,20,0
5038004,0,31046,恩赐的财团与神圣学院的问题儿童 第4话,1,0,0,约定俗成的剧情,2,0,1,91002,8,5038,2022/03/26 15:00:00,0,0,5038003,0,0,2099/12/31 23:59:59,0,0,20,0
5038005,0,31107,恩赐的财团与神圣学院的问题儿童 第5话,1,0,0,爆裂灵感结合,2,0,1,91002,8,5038,2022/03/26 15:00:00,0,0,5038004,0,0,2099/12/31 23:59:59,0,0,20,0
5038006,0,31046,恩赐的财团与神圣学院的问题儿童 第6话,1,0,0,好朋友阵型,2,0,1,91002,8,5038,2022/03/26 15:00:00,0,0,5038005,0,0,2099/12/31 23:59:59,0,0,20,0
5038007,0,31107,恩赐的财团与神圣学院的问题儿童 终章,1,0,0,青春体验,2,0,1,91002,8,5038,2022/03/26 15:00:00,0,0,5038006,0,0,2099/12/31 23:59:59,0,0,20,0
5040000,0,31033,牧场里的四农士　贫穷农场奋斗记！开场,1,0,0,不怀好意的来访者,2,0,1,91002,8,5040,2022/04/24 15:00:00,0,0,0,0,0,2099/12/31 23:59:59,0,0,20,0
5040001,0,31028,牧场里的四农士　贫穷农场奋斗记！第1话,1,0,0,牧场内剩下的东西,2,0,1,91002,8,5040,2022/04/24 15:00:00,0,0,5040000,0,0,2099/12/31 23:59:59,0,0,20,0
5040002,0,31033,牧场里的四农士　贫穷农场奋斗记！第2话,1,0,0,准备开业！,2,0,1,91002,8,5040,2022/04/24 15:00:00,0,0,5040001,0,0,2099/12/31 23:59:59,0,0,20,0
5040003,0,31028,牧场里的四农士　贫穷农场奋斗记！第3话,1,0,0,欢迎来到牧场温泉！,2,0,1,91002,8,5040,2022/04/24 15:00:00,0,0,5040002,0,0,2099/12/31 23:59:59,0,0,20,0
5040004,0,31033,牧场里的四农士　贫穷农场奋斗记！第4话,1,0,0,努力工作的日子,2,0,1,91002,8,5040,2022/04/24 15:00:00,0,0,5040003,0,0,2099/12/31 23:59:59,0,0,20,0
5040005,0,31028,牧场里的四农士　贫穷农场奋斗记！第5话,1,0,0,齐心协力,2,0,1,91002,8,5040,2022/04/24 15:00:00,0,0,5040004,0,0,2099/12/31 23:59:59,0,0,20,0
5040006,0,31033,牧场里的四农士　贫穷农场奋斗记！第6话,1,0,0,牧场的决斗,2,0,1,91002,8,5040,2022/04/24 15:00:00,0,0,5040005,0,0,2099/12/31 23:59:59,0,0,20,0
5040007,0,31028,牧场里的四农士　贫穷农场奋斗记！终章,1,0,0,温馨的地方,2,0,1,91002,8,5040,2022/04/24 15:00:00,0,0,5040006,0,0,2099/12/31 23:59:59,0,0,20,0
5042000,0,31065,不可思议之国的璃乃　小小爱丽丝与希望的绘本 开场,1,0,0,苦恼的璃乃和神奇的书,2,0,1,91002,8,5042,2022/05/26 15:00:00,0,0,0,0,0,2099/12/31 23:59:59,0,0,20,0
5042001,0,31130,不可思议之国的璃乃　小小爱丽丝与希望的绘本 第1话,1,0,0,从天而降的救世主,2,0,1,91002,8,5042,2022/05/26 15:00:00,0,0,5042000,0,0,2099/12/31 23:59:59,0,0,20,0
5042002,0,31065,不可思议之国的璃乃　小小爱丽丝与希望的绘本 第2话,1,0,0,飞吧，光之箭！,2,0,1,91002,8,5042,2022/05/26 15:00:00,0,0,5042001,0,0,2099/12/31 23:59:59,0,0,20,0
5042003,0,31130,不可思议之国的璃乃　小小爱丽丝与希望的绘本 第3话,1,0,0,希望之心,2,0,1,91002,8,5042,2022/05/26 15:00:00,0,0,5042002,0,0,2099/12/31 23:59:59,0,0,20,0
5042004,0,31065,不可思议之国的璃乃　小小爱丽丝与希望的绘本 第4话,1,0,0,蠢动的黑暗,2,0,1,91002,8,5042,2022/05/26 15:00:00,0,0,5042003,0,0,2099/12/31 23:59:59,0,0,20,0
5042005,0,31130,不可思议之国的璃乃　小小爱丽丝与希望的绘本 第5话,1,0,0,决心和觉醒,2,0,1,91002,8,5042,2022/05/26 15:00:00,0,0,5042004,0,0,2099/12/31 23:59:59,0,0,20,0
5042006,0,31065,不可思议之国的璃乃　小小爱丽丝与希望的绘本 第6话,1,0,0,驱散绝望的力量,2,0,1,91002,8,5042,2022/05/26 15:00:00,0,0,5042005,0,0,2099/12/31 23:59:59,0,0,20,0
5042007,0,31130,不可思议之国的璃乃　小小爱丽丝与希望的绘本 终章,1,0,0,离别与再会的约定同在,2,0,1,91002,8,5042,2022/05/26 15:00:00,0,0,5042006,0,0,2099/12/31 23:59:59,0,0,20,0
5044000,0,31027,七夕剑客旅情谭　天际川流夏之恋 开场,1,0,0,通往夏天的旅程,2,0,1,91002,8,5044,2022/06/24 15:00:00,0,0,0,0,0,2099/12/31 23:59:59,0,0,20,0
5044001,0,31132,七夕剑客旅情谭　天际川流夏之恋 第1话,1,0,0,七夕节的危机！？,2,0,1,91002,8,5044,2022/06/24 15:00:00,0,0,5044000,0,0,2099/12/31 23:59:59,0,0,20,0
5044002,0,31027,七夕剑客旅情谭　天际川流夏之恋 第2话,1,0,0,织女和牛郎的矛盾,2,0,1,91002,8,5044,2022/06/24 15:00:00,0,0,5044001,0,0,2099/12/31 23:59:59,0,0,20,0
5044003,0,31132,七夕剑客旅情谭　天际川流夏之恋 第3话,1,0,0,雨过天晴？,2,0,1,91002,8,5044,2022/06/24 15:00:00,0,0,5044002,0,0,2099/12/31 23:59:59,0,0,20,0
5044004,0,31027,七夕剑客旅情谭　天际川流夏之恋 第4话,1,0,0,唤醒真正的自我！,2,0,1,91002,8,5044,2022/06/24 15:00:00,0,0,5044003,0,0,2099/12/31 23:59:59,0,0,20,0
5044005,0,31132,七夕剑客旅情谭　天际川流夏之恋 第5话,1,0,0,天才魔法少女的真本事,2,0,1,91002,8,5044,2022/06/24 15:00:00,0,0,5044004,0,0,2099/12/31 23:59:59,0,0,20,0
5044006,0,31027,七夕剑客旅情谭　天际川流夏之恋 第6话,1,0,0,决战银河！,2,0,1,91002,8,5044,2022/06/24 15:00:00,0,0,5044005,0,0,2099/12/31 23:59:59,0,0,20,0
5044007,0,31132,七夕剑客旅情谭　天际川流夏之恋 终章,1,0,0,一年一度的七夕节,2,0,1,91002,8,5044,2022/06/24 15:00:00,0,0,5044006,0,0,2099/12/31 23:59:59,0,0,20,0
5046000,0,31023,美里的夏日应援！　追梦的盛夏棒球队 开场,1,0,0,青春之夏，开球！,2,0,1,91002,8,5046,2022/07/26 15:00:00,0,0,0,0,0,2099/12/31 23:59:59,0,0,20,0
5046001,0,31135,美里的夏日应援！　追梦的盛夏棒球队 第1话,1,0,0,把心意注入白球中,2,0,1,91002,8,5046,2022/07/26 15:00:00,0,0,5046000,0,0,2099/12/31 23:59:59,0,0,20,0
5046002,0,31023,美里的夏日应援！　追梦的盛夏棒球队 第2话,1,0,0,顾问美里的考验,2,0,1,91002,8,5046,2022/07/26 15:00:00,0,0,5046001,0,0,2099/12/31 23:59:59,0,0,20,0
5046003,0,31135,美里的夏日应援！　追梦的盛夏棒球队 第3话,1,0,0,全垒打的口号,2,0,1,91002,8,5046,2022/07/26 15:00:00,0,0,5046002,0,0,2099/12/31 23:59:59,0,0,20,0
5046004,0,31023,美里的夏日应援！　追梦的盛夏棒球队 第4话,1,0,0,队伍的欠缺之处,2,0,1,91002,8,5046,2022/07/26 15:00:00,0,0,5046003,0,0,2099/12/31 23:59:59,0,0,20,0
5046005,0,31135,美里的夏日应援！　追梦的盛夏棒球队 第5话,1,0,0,兑现曾经的诺言,2,0,1,91002,8,5046,2022/07/26 15:00:00,0,0,5046004,0,0,2099/12/31 23:59:59,0,0,20,0
5046006,0,31023,美里的夏日应援！　追梦的盛夏棒球队 第6话,1,0,0,将梦想寄托于每一次击投球,2,0,1,91002,8,5046,2022/07/26 15:00:00,0,0,5046005,0,0,2099/12/31 23:59:59,0,0,20,0
5046007,0,31135,美里的夏日应援！　追梦的盛夏棒球队 终章,1,0,0,荣耀之冠为谁闪耀,2,0,1,91002,8,5046,2022/07/26 15:00:00,0,0,5046006,0,0,2099/12/31 23:59:59,0,0,20,0
5046601,0,0,特别章节,1,0,0,最棒的记忆,0,0,0,0,0,5046,2022/07/26 15:00:00,12,0,5046007,0,0,2099/12/31 23:59:59,1,0,0,0
5048000,0,31013,快乐变身 双生天使 开场,1,0,0,幸福的天使突然出现,2,0,1,91002,8,5048,2022/08/25 15:00:00,0,0,0,0,0,2099/12/31 23:59:59,0,0,20,0
5048001,0,31016,快乐变身 双生天使 第1话,1,0,0,天使玩家的评论,2,0,1,91002,8,5048,2022/08/25 15:00:00,0,0,5048000,0,0,2099/12/31 23:59:59,0,0,20,0
5048002,0,31013,快乐变身 双生天使 第2话,1,0,0,模仿训练,2,0,1,91002,8,5048,2022/08/25 15:00:00,0,0,5048001,0,0,2099/12/31 23:59:59,0,0,20,0
5048003,0,31016,快乐变身 双生天使 第3话,1,0,0,狂热与决心的音乐节,2,0,1,91002,8,5048,2022/08/25 15:00:00,0,0,5048002,0,0,2099/12/31 23:59:59,0,0,20,0
5048004,0,31013,快乐变身 双生天使 第4话,1,0,0,自信与意料之外的线下聚会,2,0,1,91002,8,5048,2022/08/25 15:00:00,0,0,5048003,0,0,2099/12/31 23:59:59,0,0,20,0
5048005,0,31016,快乐变身 双生天使 第5话,1,0,0,闯祸天使的幸福变身,2,0,1,91002,8,5048,2022/08/25 15:00:00,0,0,5048004,0,0,2099/12/31 23:59:59,0,0,20,0
5048006,0,31013,快乐变身 双生天使 第6话,1,0,0,超越魔法的情谊,2,0,1,91002,8,5048,2022/08/25 15:00:00,0,0,5048005,0,0,2099/12/31 23:59:59,0,0,20,0
5048007,0,31016,快乐变身 双生天使 终章,1,0,0,托付给姐妹的幸福愿望,2,0,1,91002,8,5048,2022/08/25 15:00:00,0,0,5048006,0,0,2099/12/31 23:59:59,0,0,20,0
5050000,0,31054,尖叫！连连！万圣鬼怪狂欢节 开场,1,0,0,欢迎来到万圣节公园,2,0,1,91002,8,5050,2022/09/23 15:00:00,0,0,0,0,0,2099/12/31 23:59:59,0,0,20,0
5050001,0,31141,尖叫！连连！万圣鬼怪狂欢节 第1话,1,0,0,万圣节的鬼怪们,2,0,1,91002,8,5050,2022/09/23 15:00:00,0,0,5050000,0,0,2099/12/31 23:59:59,0,0,20,0
5050002,0,31054,尖叫！连连！万圣鬼怪狂欢节 第2话,1,0,0,前途堪忧的策划,2,0,1,91002,8,5050,2022/09/23 15:00:00,0,0,5050001,0,0,2099/12/31 23:59:59,0,0,20,0
5050003,0,31141,尖叫！连连！万圣鬼怪狂欢节 第3话,1,0,0,为了独当一面,2,0,1,91002,8,5050,2022/09/23 15:00:00,0,0,5050002,0,0,2099/12/31 23:59:59,0,0,20,0
5050004,0,31054,尖叫！连连！万圣鬼怪狂欢节 第4话,1,0,0,鬼屋重新开业！,2,0,1,91002,8,5050,2022/09/23 15:00:00,0,0,5050003,0,0,2099/12/31 23:59:59,0,0,20,0
5050005,0,31141,尖叫！连连！万圣鬼怪狂欢节 第5话,1,0,0,舞台幕后的暗影,2,0,1,91002,8,5050,2022/09/23 15:00:00,0,0,5050004,0,0,2099/12/31 23:59:59,0,0,20,0
5050006,0,31054,尖叫！连连！万圣鬼怪狂欢节 第6话,1,0,0,点亮小小心胸的勇气,2,0,1,91002,8,5050,2022/09/23 15:00:00,0,0,5050005,0,0,2099/12/31 23:59:59,0,0,20,0
5050007,0,0,,1,0,0,,0,0,0,0,0,5050,2022/09/23 15:00:00,8,0,0,0,0,2099/12/31 23:59:59,0,0,0,0
5050008,0,31141,尖叫！连连！万圣鬼怪狂欢节 终章,1,0,0,欢乐的尖叫之城,2,0,1,91002,8,5050,2022/09/23 15:00:00,0,0,5050006,0,0,2099/12/31 23:59:59,0,0,20,0
5052000,0,31037,魔法提督Lovely★莫妮卡\n Let's　Go！魔法的四重奏！ 开场,1,0,0,莫妮卡的梦境与魔法力量,2,0,1,91002,8,5052,2022/10/25 15:00:00,0,0,0,0,0,2099/12/31 23:59:59,0,0,20,0
5052001,0,31014,魔法提督Lovely★莫妮卡\n Let's　Go！魔法的四重奏！ 第1话,1,0,0,集结吧，魔法少女！,2,0,1,91002,8,5052,2022/10/25 15:00:00,0,0,5052000,0,0,2099/12/31 23:59:59,0,0,20,0
5052002,0,31037,魔法提督Lovely★莫妮卡\n Let's　Go！魔法的四重奏！ 第2话,1,0,0,凝视的眼眸中蕴含之物,2,0,1,91002,8,5052,2022/10/25 15:00:00,0,0,5052001,0,0,2099/12/31 23:59:59,0,0,20,0
5052003,0,31014,魔法提督Lovely★莫妮卡\n Let's　Go！魔法的四重奏！ 第3话,1,0,0,给予梦想之人,2,0,1,91002,8,5052,2022/10/25 15:00:00,0,0,5052002,0,0,2099/12/31 23:59:59,0,0,20,0
5052004,0,31037,魔法提督Lovely★莫妮卡\n Let's　Go！魔法的四重奏！ 第4话,1,0,0,笼罩天空的暗云,2,0,1,91002,8,5052,2022/10/25 15:00:00,0,0,5052003,0,0,2099/12/31 23:59:59,0,0,20,0
5052005,0,31014,魔法提督Lovely★莫妮卡\n Let's　Go！魔法的四重奏！ 第5话,1,0,0,新的名字,2,0,1,91002,8,5052,2022/10/25 15:00:00,0,0,5052004,0,0,2099/12/31 23:59:59,0,0,20,0
5052006,0,31037,魔法提督Lovely★莫妮卡\n Let's　Go！魔法的四重奏！ 第6话,1,0,0,集结，魔法的四重奏,2,0,1,91002,8,5052,2022/10/25 15:00:00,0,0,5052005,0,0,2099/12/31 23:59:59,0,0,20,0
5052007,0,0,胜利动画,1,0,0,胜利动画,0,0,0,0,0,5052,2022/10/25 15:00:00,8,0,0,0,0,2099/12/31 23:59:59,0,0,0,0
5052008,0,31014,魔法提督Lovely★莫妮卡 Let's　Go！魔法的四重奏！ 终章,1,0,0,向着未来启航,2,0,1,91002,8,5052,2022/10/25 15:00:00,0,0,5052006,0,0,2099/12/31 23:59:59,0,0,20,0
5054000,0,31048,初次登场·香格里拉　圣夜的爱情游戏 开场,1,0,0,特别的邀请函,2,0,1,91002,8,5054,2022/11/25 15:00:00,0,0,0,0,0,2099/12/31 23:59:59,0,0,20,0
5054001,0,31146,初次登场·香格里拉　圣夜的爱情游戏 第1话,1,0,0,恋爱游戏开始,2,0,1,91002,8,5054,2022/11/25 15:00:00,0,0,5054000,0,0,2099/12/31 23:59:59,0,0,20,0
5054002,0,31048,初次登场·香格里拉　圣夜的爱情游戏 第2话,1,0,0,来跳舞吧,2,0,1,91002,8,5054,2022/11/25 15:00:00,0,0,5054001,0,0,2099/12/31 23:59:59,0,0,20,0
5054003,0,31146,初次登场·香格里拉　圣夜的爱情游戏 第3话,1,0,0,白热化的打雪仗,2,0,1,91002,8,5054,2022/11/25 15:00:00,0,0,5054002,0,0,2099/12/31 23:59:59,0,0,20,0
5054004,0,31048,初次登场·香格里拉　圣夜的爱情游戏 第4话,1,0,0,风波不断的美食对决,2,0,1,91002,8,5054,2022/11/25 15:00:00,0,0,5054003,0,0,2099/12/31 23:59:59,0,0,20,0
5054005,0,31146,初次登场·香格里拉　圣夜的爱情游戏 第5话,1,0,0,爱的迷宫,2,0,1,91002,8,5054,2022/11/25 15:00:00,0,0,5054004,0,0,2099/12/31 23:59:59,0,0,20,0
5054006,0,31048,初次登场·香格里拉　圣夜的爱情游戏 第6话,1,0,0,雪人失控,2,0,1,91002,8,5054,2022/11/25 15:00:00,0,0,5054005,0,0,2099/12/31 23:59:59,0,0,20,0
5054007,0,0,胜利动画,1,0,0,胜利动画,0,0,0,0,0,5054,2022/11/25 15:00:00,8,0,0,0,0,2099/12/31 23:59:59,0,0,0,0
5054008,0,31146,初次登场·香格里拉　圣夜的爱情游戏 终章,1,0,0,圣夜的奇迹,2,0,1,91002,8,5054,2022/11/25 15:00:00,0,0,5054006,0,0,2099/12/31 23:59:59,0,0,20,0
5056000,0,31060,新春美食公主！　孤注一掷的少女们 开场,1,0,0,目标是一举逆转,2,0,1,91002,8,5056,2022/12/26 15:00:00,0,0,0,0,0,2099/12/31 23:59:59,0,0,20,0
5056001,0,31147,新春美食公主！　孤注一掷的少女们 第1话,1,0,0,大间的渔民,2,0,1,91002,8,5056,2022/12/26 15:00:00,0,0,5056000,0,0,2099/12/31 23:59:59,0,0,20,0
5056002,0,31060,新春美食公主！　孤注一掷的少女们 第2话,1,0,0,与七冠的邂逅,2,0,1,91002,8,5056,2022/12/26 15:00:00,0,0,5056001,0,0,2099/12/31 23:59:59,0,0,20,0
5056003,0,31147,新春美食公主！　孤注一掷的少女们 第3话,1,0,0,波涛来袭,2,0,1,91002,8,5056,2022/12/26 15:00:00,0,0,5056002,0,0,2099/12/31 23:59:59,0,0,20,0
5056004,0,31060,新春美食公主！　孤注一掷的少女们 第4话,1,0,0,齐心协力,2,0,1,91002,8,5056,2022/12/26 15:00:00,0,0,5056003,0,0,2099/12/31 23:59:59,0,0,20,0
5056005,0,31147,新春美食公主！　孤注一掷的少女们 第5话,1,0,0,激战，大海防卫线,2,0,1,91002,8,5056,2022/12/26 15:00:00,0,0,5056004,0,0,2099/12/31 23:59:59,0,0,20,0
5056006,0,31060,新春美食公主！　孤注一掷的少女们 第6话,1,0,0,将一切寄托在这一掷,2,0,1,91002,8,5056,2022/12/26 15:00:00,0,0,5056005,0,0,2099/12/31 23:59:59,0,0,20,0
5056007,0,31147,新春美食公主！　孤注一掷的少女们 终章,1,0,0,新年的美食,2,0,1,91002,8,5056,2022/12/26 15:00:00,0,0,5056006,0,0,2099/12/31 23:59:59,0,0,20,0
5056501,0,0,新年动画,1,0,0,新年动画,0,0,0,0,0,5056,2022/12/26 15:00:00,8,0,0,0,0,2099/12/31 23:59:59,0,0,0,0
5056601,0,0,特别章节,1,0,0,装点新春的吉祥之物,0,0,0,2804,7,5056,2022/12/26 15:00:00,12,0,5056007,0,0,2099/12/31 23:59:59,0,0,1,0
5058000,0,31003,情相连。心相系。前篇　开场,1,0,0,一如既往充满欢笑的餐桌,2,0,1,91002,8,5058,2023/01/25 15:00:00,0,0,0,0,0,2099/12/31 23:59:59,0,0,20,0
5058001,0,31156,情相连。心相系。前篇　第1话,1,0,0,不安定的日常,2,0,1,91002,8,5058,2023/01/25 15:00:00,0,0,5058000,0,0,2099/12/31 23:59:59,0,0,20,0
5058002,0,31003,情相连。心相系。前篇　第2话,1,0,0,忘却与失控,2,0,1,91002,8,5058,2023/01/25 15:00:00,0,0,5058001,0,0,2099/12/31 23:59:59,0,0,20,0
5058003,0,31156,情相连。心相系。前篇　第3话,1,0,0,可可萝的决心,2,0,1,91002,8,5058,2023/01/25 15:00:00,0,0,5058002,0,0,2099/12/31 23:59:59,0,0,20,0
5058004,0,31003,情相连。心相系。前篇　第4话,1,0,0,没有人知道那眼泪意味着什么,2,0,1,91002,8,5058,2023/01/25 15:00:00,0,0,5058003,0,0,2099/12/31 23:59:59,0,0,20,0
5058005,0,31156,情相连。心相系。前篇　终章,1,0,0,祈祷的旅程,2,0,1,91002,8,5058,2023/01/25 15:00:00,0,0,5058004,0,0,2099/12/31 23:59:59,0,0,20,0
5059001,0,31003,情相连。心相系。后篇　第1话,1,0,0,故乡，精灵之乡,2,0,1,91002,8,5059,2023/02/10 12:00:00,0,0,5058005,0,0,2099/12/31 23:59:59,0,0,20,0
5059002,0,31156,情相连。心相系。后篇　第2话,1,0,0,陌生的再会,2,0,1,91002,8,5059,2023/02/10 12:00:00,0,0,5059001,0,0,2099/12/31 23:59:59,0,0,20,0
5059003,0,31003,情相连。心相系。后篇　幕间,1,0,0,中断的联系,2,0,1,91002,8,5059,2023/02/10 12:00:00,0,0,5059002,0,0,2099/12/31 23:59:59,0,0,20,0
5059004,0,31156,情相连。心相系。后篇　第3话,1,0,0,浮出水面的真相,2,0,1,91002,8,5059,2023/02/10 12:00:00,0,0,5059003,0,0,2099/12/31 23:59:59,0,0,20,0
5059005,0,31003,情相连。心相系。后篇　第4话,1,0,0,盈满心间的味道,2,0,1,91002,8,5059,2023/02/10 12:00:00,0,0,5059004,0,0,2099/12/31 23:59:59,0,0,20,0
5059006,0,31156,情相连。心相系。后篇　第5话,1,0,0,情与心,2,0,1,91002,8,5059,2023/02/10 12:00:00,0,0,5059005,0,0,2099/12/31 23:59:59,0,0,20,0
5059007,0,31003,情相连。心相系。后篇　终章,1,0,0,重回充满欢笑的餐桌,2,0,1,91002,8,5059,2023/02/10 12:00:00,0,0,5059006,0,0,2099/12/31 23:59:59,0,0,20,0
5059201,0,0,情相连。心相系。后篇 Logo,1,0,0,Logo动画,0,0,0,0,0,5059,2023/02/10 12:00:00,11,0,0,0,0,2099/12/31 23:59:59,0,0,0,0
5061000,0,31010,灰姑娘课程　璀璨的日子是苹果的滋味 开场,1,0,0,梦想之门突然打开,2,0,1,91002,8,5061,2023/02/24 15:00:00,0,0,0,0,0,2099/12/31 23:59:59,0,0,20,0
5061001,0,31158,灰姑娘课程　璀璨的日子是苹果的滋味 第1话,1,0,0,鞋子、礼服和魔法师,2,0,1,91002,8,5061,2023/02/24 15:00:00,0,0,5061000,0,0,2099/12/31 23:59:59,0,0,20,0
5061002,0,31010,灰姑娘课程　璀璨的日子是苹果的滋味 第2话,1,0,0,淑女之行始于足下,2,0,1,91002,8,5061,2023/02/24 15:00:00,0,0,5061001,0,0,2099/12/31 23:59:59,0,0,20,0
5061003,0,31158,灰姑娘课程　璀璨的日子是苹果的滋味 第3话,1,0,0,战斗是淑女的修养,2,0,1,91002,8,5061,2023/02/24 15:00:00,0,0,5061002,0,0,2099/12/31 23:59:59,0,0,20,0
5061004,0,31010,灰姑娘课程　璀璨的日子是苹果的滋味 第4话,1,0,0,爱一直都在这里,2,0,1,91002,8,5061,2023/02/24 15:00:00,0,0,5061003,0,0,2099/12/31 23:59:59,0,0,20,0
5061005,0,31158,灰姑娘课程　璀璨的日子是苹果的滋味 第5话,1,0,0,幕后的真相,2,0,1,91002,8,5061,2023/02/24 15:00:00,0,0,5061004,0,0,2099/12/31 23:59:59,0,0,20,0
5061006,0,31010,灰姑娘课程　璀璨的日子是苹果的滋味 第6话,1,0,0,排解孤独的事物,2,0,1,91002,8,5061,2023/02/24 15:00:00,0,0,5061005,0,0,2099/12/31 23:59:59,0,0,20,0
5061007,0,31158,灰姑娘课程　璀璨的日子是苹果的滋味 终章,1,0,0,为你献上美好结局,2,0,1,91002,8,5061,2023/02/24 15:00:00,0,0,5061006,0,0,2099/12/31 23:59:59,0,0,20,0
5061601,0,0,特别章节,1,0,0,来自美丽友人的信,0,0,0,0,0,5061,2023/02/24 15:00:00,12,0,5061007,0,0,2099/12/31 23:59:59,1,0,0,0
5061602,0,0,特别章节,1,0,0,少女表明决心,0,0,0,2808,7,5061,2023/02/24 15:00:00,8,0,0,0,0,2099/12/31 23:59:59,0,0,1,0
5064000,0,31031,钢铁圣女与神圣学院的问题儿童 开场,1,0,0,其名为修女玛利亚,2,0,1,91002,8,5064,2023/03/27 15:00:00,0,0,0,0,0,2099/12/31 23:59:59,0,0,20,0
5064001,0,31032,钢铁圣女与神圣学院的问题儿童 第1话,1,0,0,前途未卜的共同幻想,2,0,1,91002,8,5064,2023/03/27 15:00:00,0,0,5064000,0,0,2099/12/31 23:59:59,0,0,20,0
5064002,0,31031,钢铁圣女与神圣学院的问题儿童 第2话,1,0,0,崭露头角的印象派,2,0,1,91002,8,5064,2023/03/27 15:00:00,0,0,5064001,0,0,2099/12/31 23:59:59,0,0,20,0
5064003,0,31032,钢铁圣女与神圣学院的问题儿童 第3话,1,0,0,起死回生的揽客熊猫与托儿,2,0,1,91002,8,5064,2023/03/27 15:00:00,0,0,5064002,0,0,2099/12/31 23:59:59,0,0,20,0
5064004,0,31031,钢铁圣女与神圣学院的问题儿童 第4话,1,0,0,前辈的宣战,2,0,1,91002,8,5064,2023/03/27 15:00:00,0,0,5064003,0,0,2099/12/31 23:59:59,0,0,20,0
5064005,0,31032,钢铁圣女与神圣学院的问题儿童 第5话,1,0,0,作弊与作弊的丑恶对决,2,0,1,91002,8,5064,2023/03/27 15:00:00,0,0,5064004,0,0,2099/12/31 23:59:59,0,0,20,0
5064006,0,31031,钢铁圣女与神圣学院的问题儿童 第6话,1,0,0,四面楚歌的演出,2,0,1,91002,8,5064,2023/03/27 15:00:00,0,0,5064005,0,0,2099/12/31 23:59:59,0,0,20,0
5064007,0,31032,钢铁圣女与神圣学院的问题儿童 终章,1,0,0,庆典的结局,2,0,1,91002,8,5064,2023/03/27 15:00:00,0,0,5064006,0,0,2099/12/31 23:59:59,0,0,20,0
5066000,0,31015,祈梨SOS！！　时间旅行的龙族们 开场,1,0,0,从隐藏房间启程，踏上过去之旅,2,0,1,91002,8,5066,2023/04/25 15:00:00,0,0,0,0,0,2099/12/31 23:59:59,0,0,20,0
5066001,0,31065,祈梨SOS！！　时间旅行的龙族们 第1话,1,0,0,手忙脚乱的相遇,2,0,1,91002,8,5066,2023/04/25 15:00:00,0,0,5066000,0,0,2099/12/31 23:59:59,0,0,20,0
5066002,0,31015,祈梨SOS！！　时间旅行的龙族们 第2话,1,0,0,新老大是祈梨大人！？,2,0,1,91002,8,5066,2023/04/25 15:00:00,0,0,5066001,0,0,2099/12/31 23:59:59,0,0,20,0
5066003,0,31065,祈梨SOS！！　时间旅行的龙族们 第3话,1,0,0,停不下来的超级老大,2,0,1,91002,8,5066,2023/04/25 15:00:00,0,0,5066002,0,0,2099/12/31 23:59:59,0,0,20,0
5066004,0,31015,祈梨SOS！！　时间旅行的龙族们 第4话,1,0,0,变化多端的城市,2,0,1,91002,8,5066,2023/04/25 15:00:00,0,0,5066003,0,0,2099/12/31 23:59:59,0,0,20,0
5066005,0,31065,祈梨SOS！！　时间旅行的龙族们 第5话,1,0,0,这里就是未来的兰德索尔？,2,0,1,91002,8,5066,2023/04/25 15:00:00,0,0,5066004,0,0,2099/12/31 23:59:59,0,0,20,0
5066006,0,31015,祈梨SOS！！　时间旅行的龙族们 第6话,1,0,0,那一天我做的梦,2,0,1,91002,8,5066,2023/04/25 15:00:00,0,0,5066005,0,0,2099/12/31 23:59:59,0,0,20,0
5066007,0,31065,祈梨SOS！！　时间旅行的龙族们 终章,1,0,0,成为向往的黑帮之星,2,0,1,91002,8,5066,2023/04/25 15:00:00,0,0,5066006,0,0,2099/12/31 23:59:59,0,0,20,0
5068000,0,31040,心电感应！碧与她的玩具朋友 序章,1,0,0,边缘人的事后补救,2,0,1,91002,8,5068,2023/05/25 15:00:00,0,0,0,0,0,2099/12/31 23:59:59,0,0,20,0
5068001,0,31168,心电感应！碧与她的玩具朋友 第1话,1,0,0,玩具工厂的宗旨！,2,0,1,91002,8,5068,2023/05/25 15:00:00,0,0,5068000,0,0,2099/12/31 23:59:59,0,0,20,0
5068002,0,31040,心电感应！碧与她的玩具朋友 第2话,1,0,0,交到100个朋友了！,2,0,1,91002,8,5068,2023/05/25 15:00:00,0,0,5068001,0,0,2099/12/31 23:59:59,0,0,20,0
5068003,0,31168,心电感应！碧与她的玩具朋友 第3话,1,0,0,玩具与友情！,2,0,1,91002,8,5068,2023/05/25 15:00:00,0,0,5068002,0,0,2099/12/31 23:59:59,0,0,20,0
5068004,0,31040,心电感应！碧与她的玩具朋友 第4话,1,0,0,小玩具的大混乱,2,0,1,91002,8,5068,2023/05/25 15:00:00,0,0,5068003,0,0,2099/12/31 23:59:59,0,0,20,0
5068005,0,31168,心电感应！碧与她的玩具朋友 第5话,1,0,0,以孤独为动力的玩具,2,0,1,91002,8,5068,2023/05/25 15:00:00,0,0,5068004,0,0,2099/12/31 23:59:59,0,0,20,0
5068006,0,31040,心电感应！碧与她的玩具朋友 第6话,1,0,0,拭去泪水的蓝色翅膀,2,0,1,91002,8,5068,2023/05/25 15:00:00,0,0,5068005,0,0,2099/12/31 23:59:59,0,0,20,0
5068007,0,31168,心电感应！碧与她的玩具朋友 终章,1,0,0,鼓起勇气，向前迈进,2,0,1,91002,8,5068,2023/05/25 15:00:00,0,0,5068006,0,0,2099/12/31 23:59:59,0,0,20,0
5070000,0,31050,无限夏日计划\n两人独占的盛夏乐园 序章,1,0,0,夏天、大海和作业！,2,0,1,91002,8,5070,2023/06/26 15:00:00,0,0,0,0,0,2099/12/31 23:59:59,0,0,20,0
5070001,0,31018,无限夏日计划 \n两人独占的盛夏乐园 第1话,1,0,0,大海、西瓜还有您,2,0,1,91002,8,5070,2023/06/26 15:00:00,0,0,5070000,0,0,2099/12/31 23:59:59,0,0,20,0
5070002,0,31050,无限夏日计划 \n两人独占的盛夏乐园 第2话,1,0,0,和姐姐一起抓虫子,2,0,1,91002,8,5070,2023/06/26 15:00:00,0,0,5070001,0,0,2099/12/31 23:59:59,0,0,20,0
5070003,0,31018,无限夏日计划 \n两人独占的盛夏乐园 第3话,1,0,0,消逝的烟花与永恒的爱,2,0,1,91002,8,5070,2023/06/26 15:00:00,0,0,5070002,0,0,2099/12/31 23:59:59,0,0,20,0
5070004,0,31050,无限夏日计划 \n两人独占的盛夏乐园 第4话,1,0,0,永恒的暑假,2,0,1,91002,8,5070,2023/06/26 15:00:00,0,0,5070003,0,0,2099/12/31 23:59:59,0,0,20,0
5070005,0,31018,无限夏日计划 \n两人独占的盛夏乐园 第5话,1,0,0,去旧迎新的精神,2,0,1,91002,8,5070,2023/06/26 15:00:00,0,0,5070004,0,0,2099/12/31 23:59:59,0,0,20,0
5070006,0,31050,无限夏日计划 \n两人独占的盛夏乐园 第6话,1,0,0,爱的大暴动,2,0,1,91002,8,5070,2023/06/26 15:00:00,0,0,5070005,0,0,2099/12/31 23:59:59,0,0,20,0
5070007,0,31018,无限夏日计划 \n两人独占的盛夏乐园 终章,1,0,0,最棒的暑假,2,0,1,91002,8,5070,2023/06/26 15:00:00,0,0,5070006,0,0,2099/12/31 23:59:59,0,0,20,0
5072000,0,31109,慈乐之音的夏日演唱会\n转瞬即逝的时光！ 序章,1,0,0,后台通行证,2,60713,1,91002,8,5072,2023/07/26 15:00:00,0,0,0,100,2,2099/12/31 23:59:59,0,0,20,0
5072001,0,31174,慈乐之音的夏日演唱会\n转瞬即逝的时光！ 第1话,1,0,0,因为想看到大家的笑容,2,60713,1,91002,8,5072,2023/07/26 15:00:00,0,0,5072000,100,2,2099/12/31 23:59:59,0,0,20,0
5072002,0,31109,慈乐之音的夏日演唱会\n转瞬即逝的时光！ 第2话,1,0,0,向歌起誓,2,60713,1,91002,8,5072,2023/07/26 15:00:00,0,0,5072001,100,2,2099/12/31 23:59:59,0,0,20,0
5072003,0,31174,慈乐之音的夏日演唱会\n转瞬即逝的时光！ 第3话,1,0,0,无法欺骗自己的心,2,60713,1,91002,8,5072,2023/07/26 15:00:00,0,0,5072002,100,2,2099/12/31 23:59:59,0,0,20,0
5072004,0,31109,慈乐之音的夏日演唱会\n转瞬即逝的时光！ 第4话,1,0,0,慈乐之音的台下时光,2,60713,1,91002,8,5072,2023/07/26 15:00:00,0,0,5072003,100,2,2099/12/31 23:59:59,0,0,20,0
5072005,0,31174,慈乐之音的夏日演唱会\n转瞬即逝的时光！ 第5话,1,0,0,呼唤慈乐之音吧！,2,60713,1,91002,8,5072,2023/07/26 15:00:00,0,0,5072004,100,2,2099/12/31 23:59:59,0,0,20,0
5072006,0,31109,慈乐之音的夏日演唱会\n转瞬即逝的时光！ 第6话,1,0,0,转瞬即逝的时光！,2,60713,1,91002,8,5072,2023/07/26 15:00:00,0,0,5072005,200,2,2099/12/31 23:59:59,0,0,20,0
5072007,0,31174,慈乐之音的夏日演唱会\n转瞬即逝的时光！ 终章,1,0,0,闪亮未来,2,60713,1,91002,8,5072,2023/07/26 15:00:00,0,0,5072006,200,2,2099/12/31 23:59:59,0,0,20,0
5074000,0,31051,大江户的非法病历　Dr.深月的诊疗室 序章,1,0,0,来自大江户镇的使者,2,0,1,91002,8,5074,2023/08/26 15:00:00,0,0,0,0,0,2099/12/31 23:59:59,0,0,20,0
5074001,0,31096,大江户的非法病历　Dr.深月的诊疗室 第1话,1,0,0,卧底调查要大胆,2,0,1,91002,8,5074,2023/08/26 15:00:00,0,0,5074000,0,0,2099/12/31 23:59:59,0,0,20,0
5074002,0,31051,大江户的非法病历　Dr.深月的诊疗室 第2话,1,0,0,在小镇中蔓延的病魔,2,0,1,91002,8,5074,2023/08/26 15:00:00,0,0,5074001,0,0,2099/12/31 23:59:59,0,0,20,0
5074003,0,31096,大江户的非法病历　Dr.深月的诊疗室 第3话,1,0,0,白衣天使的美丽查房,2,0,1,91002,8,5074,2023/08/26 15:00:00,0,0,5074002,0,0,2099/12/31 23:59:59,0,0,20,0
5074004,0,31051,大江户的非法病历　Dr.深月的诊疗室 第4话,1,0,0,融化顽固的心,2,0,1,91002,8,5074,2023/08/26 15:00:00,0,0,5074003,0,0,2099/12/31 23:59:59,0,0,20,0
5074005,0,31096,大江户的非法病历　Dr.深月的诊疗室 第5话,1,0,0,在病灶中看到的是,2,0,1,91002,8,5074,2023/08/26 15:00:00,0,0,5074004,0,0,2099/12/31 23:59:59,0,0,20,0
5074006,0,31051,大江户的非法病历　Dr.深月的诊疗室 第6话,1,0,0,最厉害的名医,2,0,1,91002,8,5074,2023/08/26 15:00:00,0,0,5074005,0,0,2099/12/31 23:59:59,0,0,20,0
5074007,0,31096,大江户的非法病历　Dr.深月的诊疗室 终章,1,0,0,回到健康的日常,2,0,1,91002,8,5074,2023/08/26 15:00:00,0,0,5074006,0,0,2099/12/31 23:59:59,0,0,20,0
5076000,0,31047,万圣节救援队·紧急出动！\n捕获毛茸茸大作战 序章,1,0,0,闪闪发光，准备万圣节,2,0,1,91002,8,5076,2023/09/25 15:00:00,0,0,0,0,0,2099/12/31 23:59:59,0,0,20,0
5076001,0,31178,万圣节救援队·紧急出动！\n捕获毛茸茸大作战 第1话,1,0,0,心惊肉跳，世界大危机,2,0,1,91002,8,5076,2023/09/25 15:00:00,0,0,5076000,0,0,2099/12/31 23:59:59,0,0,20,0
5076002,0,31047,万圣节救援队·紧急出动！\n捕获毛茸茸大作战 第2话,1,0,0,匆匆忙忙，救援队出动！,2,0,1,91002,8,5076,2023/09/25 15:00:00,0,0,5076001,0,0,2099/12/31 23:59:59,0,0,20,0
5076003,0,31178,万圣节救援队·紧急出动！\n捕获毛茸茸大作战 第3话,1,0,0,心惊胆战，动荡大共鸣,2,0,1,91002,8,5076,2023/09/25 15:00:00,0,0,5076002,0,0,2099/12/31 23:59:59,0,0,20,0
5076004,0,31047,万圣节救援队·紧急出动！\n捕获毛茸茸大作战 第4话,1,0,0,松松软软，茁壮大成长,2,0,1,91002,8,5076,2023/09/25 15:00:00,0,0,5076003,0,0,2099/12/31 23:59:59,0,0,20,0
5076005,0,31178,万圣节救援队·紧急出动！\n捕获毛茸茸大作战 第5话,1,0,0,偷偷摸摸，潜入马戏团,2,0,1,91002,8,5076,2023/09/25 15:00:00,0,0,5076004,0,0,2099/12/31 23:59:59,0,0,20,0
5076006,0,31047,万圣节救援队·紧急出动！\n捕获毛茸茸大作战 第6话,1,0,0,可爱笑脸，最喜欢的你,2,0,1,91002,8,5076,2023/09/25 15:00:00,0,0,5076005,0,0,2099/12/31 23:59:59,0,0,20,0
5076007,0,0,,1,0,0,,0,0,0,0,0,5076,2023/09/25 15:00:00,8,0,0,0,0,2099/12/31 23:59:59,0,0,0,0
5076008,0,31178,万圣节救援队·紧急出动！\n捕获毛茸茸大作战 终章,1,0,0,激动人心的丰收庆典正式开始！,2,0,1,91002,8,5076,2023/09/25 15:00:00,0,0,5076006,0,0,2099/12/31 23:59:59,0,0,20,0
5078000,0,31055,魔法少女外传　黑暗魔法★三人组！序章,1,0,0,黑暗的开学礼,2,0,1,91002,8,5078,2023/10/26 15:00:00,0,0,0,0,0,2099/12/31 23:59:59,0,0,20,0
5078001,0,31053,魔法少女外传　黑暗魔法★三人组！第1话,1,0,0,黑暗老师执掌教鞭,2,0,1,91002,8,5078,2023/10/26 15:00:00,0,0,5078000,0,0,2099/12/31 23:59:59,0,0,20,0
5078002,0,31055,魔法少女外传　黑暗魔法★三人组！第2话,1,0,0,黑暗受虐狂，释放心动信号,2,0,1,91002,8,5078,2023/10/26 15:00:00,0,0,5078001,0,0,2099/12/31 23:59:59,0,0,20,0
5078003,0,31053,魔法少女外传　黑暗魔法★三人组！第3话,1,0,0,为他人着想的心,2,0,1,91002,8,5078,2023/10/26 15:00:00,0,0,5078002,0,0,2099/12/31 23:59:59,0,0,20,0
5078004,0,31055,魔法少女外传　黑暗魔法★三人组！第4话,1,0,0,黑暗魔法★三人组！正式成立,2,0,1,91002,8,5078,2023/10/26 15:00:00,0,0,5078003,0,0,2099/12/31 23:59:59,0,0,20,0
5078005,0,31053,魔法少女外传　黑暗魔法★三人组！第5话,1,0,0,黑暗之王来袭,2,0,1,91002,8,5078,2023/10/26 15:00:00,0,0,5078004,0,0,2099/12/31 23:59:59,0,0,20,0
5078006,0,31055,魔法少女外传　黑暗魔法★三人组！第6话,1,0,0,黑暗、爱与希望,2,0,1,91002,8,5078,2023/10/26 15:00:00,0,0,5078005,0,0,2099/12/31 23:59:59,0,0,20,0
5078007,0,0,胜利动画,1,0,0,,0,0,0,0,0,5078,2023/10/26 15:00:00,8,0,0,0,0,2099/12/31 23:59:59,0,0,0,0
5078008,0,31053,魔法少女外传　黑暗魔法★三人组！终章,1,0,0,队长的宣言,2,0,1,91002,8,5078,2023/10/26 15:00:00,0,0,5078006,0,0,2099/12/31 23:59:59,0,0,20,0
5080000,0,31006,圣诞布丁快乐！\n飞舞的少女与饱含真情的点心 序章,1,0,0,宫子要为了布丁而奋斗！,2,0,1,91002,8,5080,2023/11/26 15:00:00,0,0,0,0,0,2099/12/31 23:59:59,0,0,20,0
5080001,0,31192,圣诞布丁快乐！\n飞舞的少女与饱含真情的点心 第1话,1,0,0,前往甜品大赛,2,0,1,91002,8,5080,2023/11/26 15:00:00,0,0,5080000,0,0,2099/12/31 23:59:59,0,0,20,0
5080002,0,31006,圣诞布丁快乐！\n飞舞的少女与饱含真情的点心 第2话,1,0,0,做点心靠真心,2,0,1,91002,8,5080,2023/11/26 15:00:00,0,0,5080001,0,0,2099/12/31 23:59:59,0,0,20,0
5080003,0,31192,圣诞布丁快乐！\n飞舞的少女与饱含真情的点心 第3话,1,0,0,重要的话不能忘,2,0,1,91002,8,5080,2023/11/26 15:00:00,0,0,5080002,0,0,2099/12/31 23:59:59,0,0,20,0
5080004,0,31006,圣诞布丁快乐！\n飞舞的少女与饱含真情的点心 第4话,1,0,0,紧张地等待结果公布,2,0,1,91002,8,5080,2023/11/26 15:00:00,0,0,5080003,0,0,2099/12/31 23:59:59,0,0,20,0
5080005,0,31192,圣诞布丁快乐！\n飞舞的少女与饱含真情的点心 第5话,1,0,0,在圣夜再做一次梦,2,0,1,91002,8,5080,2023/11/26 15:00:00,0,0,5080004,0,0,2099/12/31 23:59:59,0,0,20,0
5080006,0,31006,圣诞布丁快乐！\n飞舞的少女与饱含真情的点心 第6话,1,0,0,最棒的圣诞蛋糕,2,0,1,91002,8,5080,2023/11/26 15:00:00,0,0,5080005,0,0,2099/12/31 23:59:59,0,0,20,0
5080007,0,31192,圣诞布丁快乐！\n飞舞的少女与饱含真情的点心 终章,1,0,0,布丁是为了大家？,2,0,1,91002,8,5080,2023/11/26 15:00:00,0,0,5080006,0,0,2099/12/31 23:59:59,0,0,20,0
5082000,0,31044,新春美食回忆录 \n雪菲的跑腿大作战！ 序章,1,0,0,充满回忆的年菜计划！,2,0,1,91002,8,5082,2023/12/25 15:00:00,0,0,0,0,0,2099/12/31 23:59:59,0,0,20,0
5082001,0,31208,新春美食回忆录 \n雪菲的跑腿大作战！ 第1话,1,0,0,寻找吉祥之物,2,0,1,91002,8,5082,2023/12/25 15:00:00,0,0,5082000,0,0,2099/12/31 23:59:59,0,0,20,0
5082002,0,31044,新春美食回忆录 \n雪菲的跑腿大作战！ 第2话,1,0,0,畅想冒险故事,2,0,1,91002,8,5082,2023/12/25 15:00:00,0,0,5082001,0,0,2099/12/31 23:59:59,0,0,20,0
5082003,0,31208,新春美食回忆录 \n雪菲的跑腿大作战！ 第3话,1,0,0,疼爱孩子就让她去旅行,2,0,1,91002,8,5082,2023/12/25 15:00:00,0,0,5082002,0,0,2099/12/31 23:59:59,0,0,20,0
5082004,0,31044,新春美食回忆录 \n雪菲的跑腿大作战！ 第4话,1,0,0,爱操心的毛病发作,2,0,1,91002,8,5082,2023/12/25 15:00:00,0,0,5082003,0,0,2099/12/31 23:59:59,0,0,20,0
5082005,0,31208,新春美食回忆录 \n雪菲的跑腿大作战！ 第5话,1,0,0,满怀决心的一步,2,0,1,91002,8,5082,2023/12/25 15:00:00,0,0,5082004,0,0,2099/12/31 23:59:59,0,0,20,0
5082006,0,31044,新春美食回忆录 \n雪菲的跑腿大作战！ 第6话,1,0,0,在守望中加深的情谊,2,0,1,91002,8,5082,2023/12/25 15:00:00,0,0,5082005,0,0,2099/12/31 23:59:59,0,0,20,0
5082007,0,31208,新春美食回忆录 \n雪菲的跑腿大作战！ 终章,1,0,0,对新的一年寄予希望,2,0,1,91002,8,5082,2023/12/25 15:00:00,0,0,5082006,0,0,2099/12/31 23:59:59,0,0,20,0
5082501,0,0,新年动画,1,0,0,新年动画,0,0,0,91002,8,5082,2023/12/25 15:00:00,8,0,0,0,0,2099/12/31 23:59:59,0,0,100,0
5084000,0,31060,Re:member　我的愿望所编织的未来 前篇　序章,1,0,0,本该正常的景色,2,0,1,91002,8,5084,2024/01/26 15:00:00,0,0,0,0,0,2099/12/31 23:59:59,0,0,20,0
5084001,0,31059,Re:member　我的愿望所编织的未来 前篇　第1话,1,0,0,毫无征兆的睡眠,2,0,1,91002,8,5084,2024/01/26 15:00:00,0,0,5084000,0,0,2099/12/31 23:59:59,0,0,20,0
5084002,0,31060,Re:member　我的愿望所编织的未来 前篇　第2话,1,0,0,“这边”的世界,2,0,1,91002,8,5084,2024/01/26 15:00:00,0,0,5084001,0,0,2099/12/31 23:59:59,0,0,20,0
5084003,0,31059,Re:member　我的愿望所编织的未来 前篇　第3话,1,0,0,为了不放开那份情谊,2,0,1,91002,8,5084,2024/01/26 15:00:00,0,0,5084002,0,0,2099/12/31 23:59:59,0,0,20,0
5084004,0,31060,Re:member　我的愿望所编织的未来 前篇　第4话,1,0,0,不断扭曲,2,0,1,91002,8,5084,2024/01/26 15:00:00,0,0,5084003,0,0,2099/12/31 23:59:59,0,0,20,0
5085001,0,31058,Re:member　我的愿望所编织的未来 后篇　第1话,1,0,0,刺中心灵的神谕,2,0,1,91002,8,5085,2024/01/26 15:00:00,0,0,5084004,0,0,2099/12/31 23:59:59,0,0,20,0
5085002,0,31212,Re:member　我的愿望所编织的未来 后篇　第2话,1,0,0,下定决心直面过去与现在,2,0,10,91002,8,5085,2024/01/26 15:00:00,0,0,5085001,0,0,2099/12/31 23:59:59,0,0,20,0
5085003,0,31058,Re:member　我的愿望所编织的未来 后篇　第3话,1,0,0,因为在你身边,2,0,1,91002,8,5085,2024/01/26 15:00:00,0,0,5085002,0,0,2099/12/31 23:59:59,0,0,20,0
5085004,0,31212,Re:member　我的愿望所编织的未来 后篇　第4话,1,0,0,真心与谎言,2,0,10,91002,8,5085,2024/01/26 15:00:00,0,0,5085003,0,0,2099/12/31 23:59:59,0,0,20,0
5085005,0,31058,Re:member　我的愿望所编织的未来 后篇　第5话,1,0,0,情在此处,2,0,1,91002,8,5085,2024/01/26 15:00:00,0,0,5085004,0,0,2099/12/31 23:59:59,0,0,20,0
5085006,0,31212,Re:member　我的愿望所编织的未来 后篇　终章,1,0,0,让房间充满幸福,2,0,10,91002,8,5085,2024/01/26 15:00:00,0,0,5085005,0,0,2099/12/31 23:59:59,0,0,20,0
5085201,0,0,Re:member　我的愿望所编织的未来 后篇　Logo,1,0,0,Logo动画,0,0,0,0,0,5085,2024/01/26 15:00:00,11,0,0,0,0,2099/12/31 23:59:59,0,0,0,0
5088000,0,31026,Sweet tiny stage！\n新人女演员与小小淑女 序章,1,0,0,缺席的妈妈与小小的淑女,2,0,1,91002,8,5088,2024/02/29 11:00:00,0,0,0,0,0,2099/12/31 23:59:59,0,0,20,0
5088001,0,31128,Sweet tiny stage！\n新人女演员与小小淑女 第1话,1,0,0,消失的煮锅与加深的不安,2,0,1,91002,8,5088,2024/02/29 11:00:00,0,0,5088000,0,0,2099/12/31 23:59:59,0,0,20,0
5088002,0,31026,Sweet tiny stage！\n新人女演员与小小淑女 第2话,1,0,0,筹集资金很辛苦！,2,0,1,91002,8,5088,2024/02/29 11:00:00,0,0,5088001,0,0,2099/12/31 23:59:59,0,0,20,0
5088003,0,31128,Sweet tiny stage！\n新人女演员与小小淑女 第3话,1,0,0,工作机会突然到来,2,0,1,91002,8,5088,2024/02/29 11:00:00,0,0,5088002,0,0,2099/12/31 23:59:59,0,0,20,0
5088004,0,31026,Sweet tiny stage！\n新人女演员与小小淑女 第4话,1,0,0,两位小姑娘的大舞台,2,0,1,91002,8,5088,2024/02/29 11:00:00,0,0,5088003,0,0,2099/12/31 23:59:59,0,0,20,0
5088005,0,31128,Sweet tiny stage！\n新人女演员与小小淑女 第5话,1,0,0,奶酪守护者与逼近的脚步声,2,0,1,91002,8,5088,2024/02/29 11:00:00,0,0,5088004,0,0,2099/12/31 23:59:59,0,0,20,0
5088006,0,31026,Sweet tiny stage！\n新人女演员与小小淑女 第6话,1,0,0,大家一起创造最棒的演出！,2,0,1,91002,8,5088,2024/02/29 11:00:00,0,0,5088005,0,0,2099/12/31 23:59:59,0,0,20,0
5088007,0,31128,Sweet tiny stage！\n新人女演员与小小淑女 终章,1,0,0,谢幕之后,2,0,1,91002,8,5088,2024/02/29 11:00:00,0,0,5088006,0,0,2099/12/31 23:59:59,0,0,20,0
5090000,0,31046,交出宝物！\n神出鬼没的怪盗 序章,1,0,0,豪华绚烂的打工场所,2,0,1,91002,8,5090,2024/03/29 11:00:00,0,0,0,0,0,2099/12/31 23:59:59,0,0,20,0
5090001,0,31065,交出宝物！\n神出鬼没的怪盗 第1话,1,0,0,萌生的心意,2,0,1,91002,8,5090,2024/03/29 11:00:00,0,0,5090000,0,0,2099/12/31 23:59:59,0,0,20,0
5090002,0,31046,交出宝物！\n神出鬼没的怪盗 第2话,1,0,0,为了拯救朋友,2,0,1,91002,8,5090,2024/03/29 11:00:00,0,0,5090001,0,0,2099/12/31 23:59:59,0,0,20,0
5090003,0,31065,交出宝物！\n神出鬼没的怪盗 第3话,1,0,0,预告函要有计划地发放？,2,0,1,91002,8,5090,2024/03/29 11:00:00,0,0,5090002,0,0,2099/12/31 23:59:59,0,0,20,0
5090004,0,31046,交出宝物！\n神出鬼没的怪盗 第4话,1,0,0,怪盗团，登场！,2,0,1,91002,8,5090,2024/03/29 11:00:00,0,0,5090003,0,0,2099/12/31 23:59:59,0,0,20,0
5090005,0,31065,交出宝物！\n神出鬼没的怪盗 第5话,1,0,0,目标是金库,2,0,1,91002,8,5090,2024/03/29 11:00:00,0,0,5090004,0,0,2099/12/31 23:59:59,0,0,20,0
5090006,0,31046,交出宝物！\n神出鬼没的怪盗 第6话,1,0,0,友情之焰,2,0,1,91002,8,5090,2024/03/29 11:00:00,0,0,5090005,0,0,2099/12/31 23:59:59,0,0,20,0
5090007,0,31065,交出宝物！\n神出鬼没的怪盗 终章,1,0,0,宝物永远在手中,2,0,1,91002,8,5090,2024/03/29 11:00:00,0,0,5090006,0,0,2099/12/31 23:59:59,0,0,20,0
5090601,0,0,特别章节,1,0,0,怪盗团的最后一个任务,0,0,0,0,0,5090,2024/03/29 11:00:00,12,0,5090007,0,0,2099/12/31 23:59:59,0,0,0,0
5092000,0,31031,海盗逸话\n海盗岛被诅咒的遗宝 序章,1,0,0,受邀前往受诅咒的小岛,2,0,1,91002,8,5092,2024/04/30 11:00:00,0,0,0,0,0,2099/12/31 23:59:59,0,0,20,0
5092001,0,31014,海盗逸话\n海盗岛被诅咒的遗宝 第1话,1,0,0,惨剧突然开幕,2,0,1,91002,8,5092,2024/04/30 11:00:00,0,0,5092000,0,0,2099/12/31 23:59:59,0,0,20,0
5092002,0,31031,海盗逸话\n海盗岛被诅咒的遗宝 第2话,1,0,0,在昏暗的墓地中起舞,2,0,1,91002,8,5092,2024/04/30 11:00:00,0,0,5092001,0,0,2099/12/31 23:59:59,0,0,20,0
5092003,0,31014,海盗逸话\n海盗岛被诅咒的遗宝 第3话,1,0,0,名侦探的敢死之行,2,0,1,91002,8,5092,2024/04/30 11:00:00,0,0,5092002,0,0,2099/12/31 23:59:59,0,0,20,0
5092004,0,31031,海盗逸话\n海盗岛被诅咒的遗宝 第4话,1,0,0,破坏恶魔陷阱之物,2,0,1,91002,8,5092,2024/04/30 11:00:00,0,0,5092003,0,0,2099/12/31 23:59:59,0,0,20,0
5092005,0,31014,海盗逸话\n海盗岛被诅咒的遗宝 第5话,1,0,0,名侦探如是说,2,0,1,91002,8,5092,2024/04/30 11:00:00,0,0,5092004,0,0,2099/12/31 23:59:59,0,0,20,0
5092006,0,31031,海盗逸话\n海盗岛被诅咒的遗宝 第6话,1,0,0,大海盗的遗留之物,2,0,1,91002,8,5092,2024/04/30 11:00:00,0,0,5092005,0,0,2099/12/31 23:59:59,0,0,20,0
5092007,0,31014,海盗逸话\n海盗岛被诅咒的遗宝 终章,1,0,0,船上的尾声,2,0,1,91002,8,5092,2024/04/30 11:00:00,0,0,5092006,0,0,2099/12/31 23:59:59,0,0,20,0
5092601,0,0,特别章节,1,0,0,旧地图引出的冒险,0,0,0,0,0,5092,2024/04/30 11:00:00,8,0,0,0,0,2099/12/31 23:59:59,0,0,0,0
5094000,0,31034,Enjoy&Refresh！\n性格迥异的女子露营 序章,1,0,0,都市派精灵生活,2,0,1,91002,8,5094,2024/05/31 11:00:00,0,0,0,0,0,2099/12/31 23:59:59,0,0,20,0
5094001,0,31221,Enjoy&Refresh！\n性格迥异的女子露营 第1话,1,0,0,前所未有的露营热潮,2,0,1,91002,8,5094,2024/05/31 11:00:00,0,0,5094000,0,0,2099/12/31 23:59:59,0,0,20,0
5094002,0,31034,Enjoy&Refresh！\n性格迥异的女子露营 第2话,1,0,0,酒鬼与劳模的邂逅,2,0,1,91002,8,5094,2024/05/31 11:00:00,0,0,5094001,0,0,2099/12/31 23:59:59,0,0,20,0
5094003,0,31221,Enjoy&Refresh！\n性格迥异的女子露营 第3话,1,0,0,纯，心情转晴,2,0,1,91002,8,5094,2024/05/31 11:00:00,0,0,5094002,0,0,2099/12/31 23:59:59,0,0,20,0
5094004,0,31034,Enjoy&Refresh！\n性格迥异的女子露营 第4话,1,0,0,被侵蚀的边缘人空间,2,0,1,91002,8,5094,2024/05/31 11:00:00,0,0,5094003,0,0,2099/12/31 23:59:59,0,0,20,0
5094005,0,31221,Enjoy&Refresh！\n性格迥异的女子露营 第5话,1,0,0,边缘人露营治疗法,2,0,1,91002,8,5094,2024/05/31 11:00:00,0,0,5094004,0,0,2099/12/31 23:59:59,0,0,20,0
5094006,0,31034,Enjoy&Refresh！\n性格迥异的女子露营 第6话,1,0,0,追求不加矫饰的你,2,0,1,91002,8,5094,2024/05/31 11:00:00,0,0,5094005,0,0,2099/12/31 23:59:59,0,0,20,0
5094007,0,31221,Enjoy&Refresh！\n性格迥异的女子露营 终章,1,0,0,绽放笑容的露营生活,2,0,1,91002,8,5094,2024/05/31 11:00:00,0,0,5094006,0,0,2099/12/31 23:59:59,0,0,20,0
5096000,0,31002,破晓之星夏日游戏　\n闪耀于夏天海边的三份思念 序章,1,0,0,度假邀请函,2,0,1,91002,8,5096,2024/06/28 11:00:00,0,0,0,0,0,2099/12/31 23:59:59,0,0,20,0
5096001,0,31224,破晓之星夏日游戏　\n闪耀于夏天海边的三份思念 第1话,1,0,0,齐聚一堂的参赛者们,2,0,1,91002,8,5096,2024/06/28 11:00:00,0,0,5096000,0,0,2099/12/31 23:59:59,0,0,20,0
5096002,0,31002,破晓之星夏日游戏　\n闪耀于夏天海边的三份思念 第2话,1,0,0,释放情感,2,0,1,91002,8,5096,2024/06/28 11:00:00,0,0,5096001,0,0,2099/12/31 23:59:59,0,0,20,0
5096003,0,31224,破晓之星夏日游戏　\n闪耀于夏天海边的三份思念 第3话,1,0,0,必胜法就在耳边,2,0,1,91002,8,5096,2024/06/28 11:00:00,0,0,5096002,0,0,2099/12/31 23:59:59,0,0,20,0
5096004,0,31002,破晓之星夏日游戏　\n闪耀于夏天海边的三份思念 第4话,1,0,0,向夜空宣誓的三份情意,2,0,1,91002,8,5096,2024/06/28 11:00:00,0,0,5096003,0,0,2099/12/31 23:59:59,0,0,20,0
5096005,0,31224,破晓之星夏日游戏　\n闪耀于夏天海边的三份思念 第5话,1,0,0,坦率的心,2,0,1,91002,8,5096,2024/06/28 11:00:00,0,0,5096004,0,0,2099/12/31 23:59:59,0,0,20,0
5096006,0,31002,破晓之星夏日游戏　\n闪耀于夏天海边的三份思念 第6话,1,0,0,三份心意的去向,2,0,1,91002,8,5096,2024/06/28 11:00:00,0,0,5096005,0,0,2099/12/31 23:59:59,0,0,20,0
5096007,0,31224,破晓之星夏日游戏　\n闪耀于夏天海边的三份思念 终章,1,0,0,诉说给夏日海边的心意,2,0,1,91002,8,5096,2024/06/28 11:00:00,0,0,5096006,0,0,2099/12/31 23:59:59,0,0,20,0
5098000,0,31036,点滴夏日回忆　\n在海边发现的小小幸福 序章,1,0,0,暑假来了,2,0,1,91002,8,5098,2024/07/31 11:00:00,0,0,0,0,0,2099/12/31 23:59:59,0,0,20,0
5098001,0,31228,点滴夏日回忆　\n在海边发现的小小幸福 第1话,1,0,0,来自蛋中的问候,2,0,1,91002,8,5098,2024/07/31 11:00:00,0,0,5098000,0,0,2099/12/31 23:59:59,0,0,20,0
5098002,0,31036,点滴夏日回忆　\n在海边发现的小小幸福 第2话,1,0,0,教教我！　小缪～,2,0,1,91002,8,5098,2024/07/31 11:00:00,0,0,5098001,0,0,2099/12/31 23:59:59,0,0,20,0
5098003,0,31228,点滴夏日回忆　\n在海边发现的小小幸福 第3话,1,0,0,这里那里小缪～,2,0,1,91002,8,5098,2024/07/31 11:00:00,0,0,5098002,0,0,2099/12/31 23:59:59,0,0,20,0
5098004,0,31036,点滴夏日回忆　\n在海边发现的小小幸福 第4话,1,0,0,唤来幸福的力量,2,0,1,91002,8,5098,2024/07/31 11:00:00,0,0,5098003,0,0,2099/12/31 23:59:59,0,0,20,0
5098005,0,31228,点滴夏日回忆　\n在海边发现的小小幸福 第5话,1,0,0,深藏的愿望,2,0,1,91002,8,5098,2024/07/31 11:00:00,0,0,5098004,0,0,2099/12/31 23:59:59,0,0,20,0
5098006,0,31036,点滴夏日回忆　\n在海边发现的小小幸福 第6话,1,0,0,超越愿望的约定,2,0,1,91002,8,5098,2024/07/31 11:00:00,0,0,5098005,0,0,2099/12/31 23:59:59,0,0,20,0
5098007,0,31228,点滴夏日回忆　\n在海边发现的小小幸福 终章,1,0,0,再见，暑假,2,0,1,91002,8,5098,2024/07/31 11:00:00,0,0,5098006,0,0,2099/12/31 23:59:59,0,0,20,0
5100000,0,31023,真步真步奇妙之旅！\n旅行的少女与世界尽头的大树 序章,1,0,0,关于羊毛的小小回忆,2,0,1,91002,8,5100,2024/08/30 11:00:00,0,0,0,0,0,2099/12/31 23:59:59,0,0,20,0
5100001,0,31010,真步真步奇妙之旅！\n旅行的少女与世界尽头的大树 第1话,1,0,0,旅行准备需有条不紊,2,0,1,91002,8,5100,2024/08/30 11:00:00,0,0,5100000,0,0,2099/12/31 23:59:59,0,0,20,0
5100002,0,31023,真步真步奇妙之旅！\n旅行的少女与世界尽头的大树 第2话,1,0,0,前进！噗吉雷达,2,0,1,91002,8,5100,2024/08/30 11:00:00,0,0,5100001,0,0,2099/12/31 23:59:59,0,0,20,0
5100003,0,31010,真步真步奇妙之旅！\n旅行的少女与世界尽头的大树 第3话,1,0,0,尽管可怕也毫不畏惧,2,0,1,91002,8,5100,2024/08/30 11:00:00,0,0,5100002,0,0,2099/12/31 23:59:59,0,0,20,0
5100004,0,31023,真步真步奇妙之旅！\n旅行的少女与世界尽头的大树 第4话,1,0,0,世界尽头的大树,2,0,1,91002,8,5100,2024/08/30 11:00:00,0,0,5100003,0,0,2099/12/31 23:59:59,0,0,20,0
5100005,0,31010,真步真步奇妙之旅！\n旅行的少女与世界尽头的大树 第5话,1,0,0,想传达给孤独的你,2,0,1,91002,8,5100,2024/08/30 11:00:00,0,0,5100004,0,0,2099/12/31 23:59:59,0,0,20,0
5100006,0,31023,真步真步奇妙之旅！\n旅行的少女与世界尽头的大树 第6话,1,0,0,因为遇上了真正的你,2,0,1,91002,8,5100,2024/08/30 11:00:00,0,0,5100005,0,0,2099/12/31 23:59:59,0,0,20,0
5100007,0,31010,真步真步奇妙之旅！\n旅行的少女与世界尽头的大树 终章,1,0,0,然后，冒险仍在继续,2,0,1,91002,8,5100,2024/08/30 11:00:00,0,0,5100006,0,0,2099/12/31 23:59:59,0,0,20,0
5100601,0,0,特别章节,1,0,0,羊毛与旅行编织的故事,0,0,0,0,0,5100,2024/08/30 11:00:00,8,0,0,0,0,2099/12/31 23:59:59,0,0,0,0
5102000,0,31013,点赞！收藏！大集合！　\n至高的庆典与少女隐藏的爱好 序章,1,0,0,文化庆典，兰创节,2,0,1,91002,8,5102,2024/09/30 11:00:00,0,0,0,0,0,2099/12/31 23:59:59,0,0,20,0
5102001,0,31235,点赞！收藏！大集合！　\n至高的庆典与少女隐藏的爱好 第1话,1,0,0,欢迎来到七七香的房间！,2,0,1,91002,8,5102,2024/09/30 11:00:00,0,0,5102000,0,0,2099/12/31 23:59:59,0,0,20,0
5102002,0,31013,点赞！收藏！大集合！　\n至高的庆典与少女隐藏的爱好 第2话,1,0,0,兰创节开幕！,2,0,1,91002,8,5102,2024/09/30 11:00:00,0,0,5102001,0,0,2099/12/31 23:59:59,0,0,20,0
5102003,0,31235,点赞！收藏！大集合！　\n至高的庆典与少女隐藏的爱好 第3话,1,0,0,疑惑的格斗游戏对决,2,0,1,91002,8,5102,2024/09/30 11:00:00,0,0,5102002,0,0,2099/12/31 23:59:59,0,0,20,0
5102004,0,31013,点赞！收藏！大集合！　\n至高的庆典与少女隐藏的爱好 第4话,1,0,0,华丽的剑舞,2,0,1,91002,8,5102,2024/09/30 11:00:00,0,0,5102003,0,0,2099/12/31 23:59:59,0,0,20,0
5102005,0,31235,点赞！收藏！大集合！　\n至高的庆典与少女隐藏的爱好 第5话,1,0,0,主播的真相,2,0,1,91002,8,5102,2024/09/30 11:00:00,0,0,5102004,0,0,2099/12/31 23:59:59,0,0,20,0
5102006,0,31013,点赞！收藏！大集合！　\n至高的庆典与少女隐藏的爱好 第6话,1,0,0,心灵支柱,2,0,1,91002,8,5102,2024/09/30 11:00:00,0,0,5102005,0,0,2099/12/31 23:59:59,0,0,20,0
5102007,0,31235,点赞！收藏！大集合！　\n至高的庆典与少女隐藏的爱好 终章,1,0,0,兰创节才刚开始！,2,0,1,91002,8,5102,2024/09/30 11:00:00,0,0,5102006,0,0,2099/12/31 23:59:59,0,0,20,0
5102601,0,0,特别章节,1,0,0,任务再临！,0,0,0,2828,7,5102,2024/09/30 11:00:00,8,0,0,0,0,2099/12/31 23:59:59,0,0,1,0
5104000,0,31005,部落精神　\n高举之剑与荣耀之桥 序章,1,0,0,和平之路前途多舛,2,0,1,91002,8,5104,2024/10/31 11:00:00,0,0,0,0,0,2099/12/31 23:59:59,0,0,20,0
5104001,0,31037,部落精神　\n高举之剑与荣耀之桥 第1话,1,0,0,打破常规的和平谈判,2,0,1,91002,8,5104,2024/10/31 11:00:00,0,0,5104000,0,0,2099/12/31 23:59:59,0,0,20,0
5104002,0,31005,部落精神　\n高举之剑与荣耀之桥 第2话,1,0,0,真诚的约定,2,0,1,91002,8,5104,2024/10/31 11:00:00,0,0,5104001,0,0,2099/12/31 23:59:59,0,0,20,0
5104003,0,31037,部落精神　\n高举之剑与荣耀之桥 第3话,1,0,0,第一次的寄宿,2,0,1,91002,8,5104,2024/10/31 11:00:00,0,0,5104002,0,0,2099/12/31 23:59:59,0,0,20,0
5104004,0,31005,部落精神　\n高举之剑与荣耀之桥 第4话,1,0,0,被卸下的伪装,2,0,1,91002,8,5104,2024/10/31 11:00:00,0,0,5104003,0,0,2099/12/31 23:59:59,0,0,20,0
5104005,0,31037,部落精神　\n高举之剑与荣耀之桥 第5话,1,0,0,在人族与兽人族之间,2,0,1,91002,8,5104,2024/10/31 11:00:00,0,0,5104004,0,0,2099/12/31 23:59:59,0,0,20,0
5104006,0,31005,部落精神　\n高举之剑与荣耀之桥 第6话,1,0,0,只此一日的双人组英雄,2,0,1,91002,8,5104,2024/10/31 11:00:00,0,0,5104005,0,0,2099/12/31 23:59:59,0,0,20,0
5104007,0,31037,部落精神　\n高举之剑与荣耀之桥 终章,1,0,0,敞开的沉重大门,2,0,1,91002,8,5104,2024/10/31 11:00:00,0,0,5104006,0,0,2099/12/31 23:59:59,0,0,20,0
5106000,0,31047,快乐进行时　\n幸福的双子天使与圣诞夜礼物 序章,1,0,0,被囚禁的天使,2,0,1,91002,8,5106,2024/11/29 11:00:00,0,0,0,0,0,2099/12/31 23:59:59,0,0,20,0
5106001,0,31241,快乐进行时　\n幸福的双子天使与圣诞夜礼物 第1话,1,0,0,天使晋升考试,2,0,1,91002,8,5106,2024/11/29 11:00:00,0,0,5106000,0,0,2099/12/31 23:59:59,0,0,20,0
5106002,0,31047,快乐进行时　\n幸福的双子天使与圣诞夜礼物 第2话,1,0,0,无能的姐姐与有能的妹妹,2,0,1,91002,8,5106,2024/11/29 11:00:00,0,0,5106001,0,0,2099/12/31 23:59:59,0,0,20,0
5106003,0,31241,快乐进行时　\n幸福的双子天使与圣诞夜礼物 第3话,1,0,0,姐姐们VS妹妹们,2,0,1,91002,8,5106,2024/11/29 11:00:00,0,0,5106002,0,0,2099/12/31 23:59:59,0,0,20,0
5106004,0,31047,快乐进行时　\n幸福的双子天使与圣诞夜礼物 第4话,1,0,0,姐姐们的奋斗,2,0,1,91002,8,5106,2024/11/29 11:00:00,0,0,5106003,0,0,2099/12/31 23:59:59,0,0,20,0
5106005,0,31241,快乐进行时　\n幸福的双子天使与圣诞夜礼物 第5话,1,0,0,妹妹们的担忧,2,0,1,91002,8,5106,2024/11/29 11:00:00,0,0,5106004,0,0,2099/12/31 23:59:59,0,0,20,0
5106006,0,31047,快乐进行时　\n幸福的双子天使与圣诞夜礼物 第6话,1,0,0,实现超级无敌快乐,2,0,1,91002,8,5106,2024/11/29 11:00:00,0,0,5106005,0,0,2099/12/31 23:59:59,0,0,20,0
5106007,0,31241,快乐进行时　\n幸福的双子天使与圣诞夜礼物 终章,1,0,0,双子天使的礼物,2,0,1,91002,8,5106,2024/11/29 11:00:00,0,0,5106006,0,0,2099/12/31 23:59:59,0,0,20,0
5106601,0,0,特别章节,0,0,0,羊毛与旅行编织的故事,0,0,0,0,0,5106,2024/11/29 11:00:00,8,0,0,0,0,2099/12/31 23:59:59,0,0,0,0
5108000,0,31066,温泉忘年奇谭　为新年的日出干杯​ 序章,1,0,0,温泉忘年奇谭,2,0,1,91002,8,5108,2024/12/31 11:00:00,0,0,0,0,0,2099/12/31 23:59:59,0,0,20,0
5108001,0,31247,温泉忘年奇谭　为新年的日出干杯​ 第1话,1,0,0,非同凡响的女招待们,2,0,1,91002,8,5108,2024/12/31 11:00:00,0,0,5108000,0,0,2099/12/31 23:59:59,0,0,20,0
5108002,0,31066,温泉忘年奇谭　为新年的日出干杯​ 第2话,1,0,0,背负罪孽的客人们,2,0,1,91002,8,5108,2024/12/31 11:00:00,0,0,5108001,0,0,2099/12/31 23:59:59,0,0,20,0
5108003,0,31247,温泉忘年奇谭　为新年的日出干杯​ 第3话,1,0,0,尽情享受服务,2,0,1,91002,8,5108,2024/12/31 11:00:00,0,0,5108002,0,0,2099/12/31 23:59:59,0,0,20,0
5108004,0,31066,温泉忘年奇谭　为新年的日出干杯​ 第4话,1,0,0,将真心寄托于那一杯,2,0,1,91002,8,5108,2024/12/31 11:00:00,0,0,5108003,0,0,2099/12/31 23:59:59,0,0,20,0
5108005,0,31247,温泉忘年奇谭　为新年的日出干杯​ 第5话,1,0,0,举办阳卵旅馆大型年会！,2,0,1,91002,8,5108,2024/12/31 11:00:00,0,0,5108004,0,0,2099/12/31 23:59:59,0,0,20,0
5108006,0,31066,温泉忘年奇谭　为新年的日出干杯​ 第6话,1,0,0,成年人的年会,2,0,1,91002,8,5108,2024/12/31 11:00:00,0,0,5108005,0,0,2099/12/31 23:59:59,0,0,20,0
5108007,0,31247,温泉忘年奇谭　为新年的日出干杯​ 终章,1,0,0,为新年的日出干杯,2,0,1,91002,8,5108,2024/12/31 11:00:00,0,0,5108006,0,0,2099/12/31 23:59:59,0,0,20,0
5108501,0,0,新年动画,1,0,0,新年动画,0,0,0,91002,8,5108,2024/12/31 11:00:00,8,0,0,0,0,2099/12/31 23:59:59,0,0,100,0
5110000,0,31249,解放伊甸园　\n在终将再会的未来 前篇　序章,1,0,0,不安的征兆,2,0,1,91002,8,5110,2025/01/27 11:00:00,0,0,0,0,0,2099/12/31 23:59:59,0,0,20,0
5110001,0,31029,解放伊甸园　\n在终将再会的未来 前篇　第1话,1,0,0,被夺走的情谊之证,2,0,1,91002,8,5110,2025/01/27 11:00:00,0,0,5110000,0,0,2099/12/31 23:59:59,0,0,20,0
5110002,0,31249,解放伊甸园　\n在终将再会的未来 前篇　第2话,1,0,0,幸存者们的晚宴,2,0,1,91002,8,5110,2025/01/27 11:00:00,0,0,5110001,0,0,2099/12/31 23:59:59,0,0,20,0
5110003,0,31029,解放伊甸园　\n在终将再会的未来 前篇　第3话,1,0,0,深夜的铤而走险,2,0,1,91002,8,5110,2025/01/27 11:00:00,0,0,5110002,0,0,2099/12/31 23:59:59,0,0,20,0
5110004,0,31249,解放伊甸园　\n在终将再会的未来 前篇　第4话,1,0,0,反抗乐园的金色解放者,2,0,1,91002,8,5110,2025/01/27 11:00:00,0,0,5110003,0,0,2099/12/31 23:59:59,0,0,20,0
5110005,0,31029,解放伊甸园　\n在终将再会的未来 前篇　第5话,1,0,0,创造乐园,2,0,1,91002,8,5110,2025/01/27 11:00:00,0,0,5110004,0,0,2099/12/31 23:59:59,0,0,20,0
5111001,0,31249,解放伊甸园　\n在终将再会的未来 后篇　第1话,1,0,0,解放者的责任,2,0,1,91002,8,5111,2025/02/03 11:00:00,0,0,5110005,0,0,2099/12/31 23:59:59,0,0,20,0
5111002,0,31042,解放伊甸园　\n在终将再会的未来 后篇　第2话,1,0,0,动摇的引导者,2,0,1,91002,8,5111,2025/02/03 11:00:00,0,0,5111001,0,0,2099/12/31 23:59:59,0,0,20,0
5111003,0,31249,解放伊甸园　\n在终将再会的未来 后篇　第3话,1,0,0,回忆归于虚无,2,0,1,91002,8,5111,2025/02/03 11:00:00,0,0,5111002,0,0,2099/12/31 23:59:59,0,0,20,0
5111004,0,31042,解放伊甸园　\n在终将再会的未来 后篇　第4话,1,0,0,大恶徒的复活,2,0,1,91002,8,5111,2025/02/03 11:00:00,0,0,5111003,0,0,2099/12/31 23:59:59,0,0,20,0
5111005,0,31249,解放伊甸园　\n在终将再会的未来 后篇　终章,1,0,0,在空白的未来画上金色,2,0,1,91002,8,5111,2025/02/03 11:00:00,0,0,5111004,0,0,2099/12/31 23:59:59,0,0,20,0
5111201,0,0,解放伊甸园　\n在终将再会的未来 后篇　Logo,1,0,0,,0,0,0,0,0,5111,2025/02/03 11:00:00,11,0,0,0,0,2099/12/31 23:59:59,0,0,0,0
5114000,0,31046,猫与粗点心咖啡厅 \n欢迎来到甜食党咖啡店 序章,1,0,0,要守护的地方就在这里,2,0,1,91002,8,5114,2025/02/26 11:00:00,0,0,0,0,0,2099/12/31 23:59:59,0,0,20,0
5114001,0,31053,猫与粗点心咖啡厅 \n欢迎来到甜食党咖啡店 第1话,1,0,0,猫商人与革新军人,2,0,1,91002,8,5114,2025/02/26 11:00:00,0,0,5114000,0,0,2099/12/31 23:59:59,0,0,20,0
5114002,0,31046,猫与粗点心咖啡厅 \n欢迎来到甜食党咖啡店 第2话,1,0,0,借助猫手重振旗鼓！,2,0,1,91002,8,5114,2025/02/26 11:00:00,0,0,5114001,0,0,2099/12/31 23:59:59,0,0,20,0
5114003,0,31053,猫与粗点心咖啡厅 \n欢迎来到甜食党咖啡店 第3话,1,0,0,我们的目标是客似云来！,2,0,1,91002,8,5114,2025/02/26 11:00:00,0,0,5114002,0,0,2099/12/31 23:59:59,0,0,20,0
5114004,0,31046,猫与粗点心咖啡厅 \n欢迎来到甜食党咖啡店 第4话,1,0,0,热闹的咖啡厅日常,2,0,1,91002,8,5114,2025/02/26 11:00:00,0,0,5114003,0,0,2099/12/31 23:59:59,0,0,20,0
5114005,0,31053,猫与粗点心咖啡厅 \n欢迎来到甜食党咖啡店 第5话,1,0,0,可不是忙碌那么简单,2,0,1,91002,8,5114,2025/02/26 11:00:00,0,0,5114004,0,0,2099/12/31 23:59:59,0,0,20,0
5114006,0,31046,猫与粗点心咖啡厅 \n欢迎来到甜食党咖啡店 第6话,1,0,0,用物理手段培训员工的结果,2,0,1,91002,8,5114,2025/02/26 11:00:00,0,0,5114005,0,0,2099/12/31 23:59:59,0,0,20,0
5114007,0,31053,猫与粗点心咖啡厅 \n欢迎来到甜食党咖啡店 终章,1,0,0,猫与粗点心的咖啡店重新开业,2,0,1,91002,8,5114,2025/02/26 11:00:00,0,0,5114006,0,0,2099/12/31 23:59:59,0,0,20,0
5114601,0,0,特别章节,1,0,0,某只招财猫的幸福一天,0,0,0,2833,7,5114,2025/02/26 11:00:00,8,0,0,0,0,2099/12/31 23:59:59,0,0,1,0
5116000,0,31038,Dears　欢迎回来与我回来了的约定 序章,1,0,0,叩响起始的门扉,2,0,1,91002,8,5116,2025/03/31 11:00:00,0,0,0,0,0,2099/12/31 23:59:59,0,0,20,0
5116001,0,31012,Dears　欢迎回来与我回来了的约定 第1话,1,0,0,成为游骑兵的第一步,2,0,1,91002,8,5116,2025/03/31 11:00:00,0,0,5116000,0,0,2099/12/31 23:59:59,0,0,20,0
5116002,0,31038,Dears　欢迎回来与我回来了的约定 第2话,1,0,0,摇篮曲与烦恼咨询,2,0,1,91002,8,5116,2025/03/31 11:00:00,0,0,5116001,0,0,2099/12/31 23:59:59,0,0,20,0
5116003,0,31012,Dears　欢迎回来与我回来了的约定 第3话,1,0,0,临时参加的风波,2,0,1,91002,8,5116,2025/03/31 11:00:00,0,0,5116002,0,0,2099/12/31 23:59:59,0,0,20,0
5116004,0,31038,Dears　欢迎回来与我回来了的约定 第4话,1,0,0,密林中喧闹而平静的一天,2,0,1,91002,8,5116,2025/03/31 11:00:00,0,0,5116003,0,0,2099/12/31 23:59:59,0,0,20,0
5116005,0,31012,Dears　欢迎回来与我回来了的约定 第5话,1,0,0,密林之夜结束,2,0,1,91002,8,5116,2025/03/31 11:00:00,0,0,5116004,0,0,2099/12/31 23:59:59,0,0,20,0
5116006,0,31038,Dears　欢迎回来与我回来了的约定 第6话,1,0,0,为了成为一名游骑兵,2,0,1,91002,8,5116,2025/03/31 11:00:00,0,0,5116005,0,0,2099/12/31 23:59:59,0,0,20,0
5116007,0,31012,Dears　欢迎回来与我回来了的约定 终章,1,0,0,“欢迎回来”的等待之丘,2,0,1,91002,8,5116,2025/03/31 11:00:00,0,0,5116006,0,0,2099/12/31 23:59:59,0,0,20,0
5118000,0,31057,连结・这片・碧蓝　直至少女到达天际 序章,1,0,0,蓝天下的问候,2,0,1,91002,8,5118,2025/04/15 11:00:00,0,0,0,0,0,2099/12/31 23:59:59,0,0,20,0
5118001,0,31257,连结・这片・碧蓝　直至少女到达天际 第1话,1,0,0,鼠耳不见了,2,0,1,91002,8,5118,2025/04/15 11:00:00,0,0,5118000,0,0,2099/12/31 23:59:59,0,0,20,0
5118002,0,31057,连结・这片・碧蓝　直至少女到达天际 第2话,1,0,0,机缘巧合的旅行,2,0,1,91002,8,5118,2025/04/15 11:00:00,0,0,5118001,0,0,2099/12/31 23:59:59,0,0,20,0
5118003,0,31257,连结・这片・碧蓝　直至少女到达天际 第3话,1,0,0,居住在睿智之森的人,2,0,1,91002,8,5118,2025/04/15 11:00:00,0,0,5118002,0,0,2099/12/31 23:59:59,0,0,20,0
5118004,0,31057,连结・这片・碧蓝　直至少女到达天际 第4话,1,0,0,新的转职,2,0,1,91002,8,5118,2025/04/15 11:00:00,0,0,5118003,0,0,2099/12/31 23:59:59,0,0,20,0
5118005,0,31257,连结・这片・碧蓝　直至少女到达天际 第5话,1,0,0,拂晓之翼,2,0,1,91002,8,5118,2025/04/15 11:00:00,0,0,5118004,0,0,2099/12/31 23:59:59,0,0,20,0
5118006,0,31057,连结・这片・碧蓝　直至少女到达天际 第6话,1,0,0,直至某日到达那里,2,0,1,91002,8,5118,2025/04/15 11:00:00,0,0,5118005,0,0,2099/12/31 23:59:59,0,0,20,0
5118007,0,31257,连结・这片・碧蓝　直至少女到达天际 终章,1,0,0,无尽的梦与蔚蓝的天空,2,0,1,91002,8,5118,2025/04/15 11:00:00,0,0,5118006,0,0,2099/12/31 23:59:59,0,0,20,0
5120000,0,31008,吸血鬼传闻　夜与美的盛宴 序章,1,0,0,追逐传奇之人,2,0,1,91002,8,5120,2025/04/30 11:00:00,0,0,0,0,0,2099/12/31 23:59:59,0,0,20,0
5120001,0,31044,吸血鬼传闻　夜与美的盛宴 第1话,1,0,0,隐藏在黑暗中的城市,2,0,1,91002,8,5120,2025/04/30 11:00:00,0,0,5120000,0,0,2099/12/31 23:59:59,0,0,20,0
5120002,0,31008,吸血鬼传闻　夜与美的盛宴 第2话,1,0,0,传奇再临,2,0,1,91002,8,5120,2025/04/30 11:00:00,0,0,5120001,0,0,2099/12/31 23:59:59,0,0,20,0
5120003,0,31044,吸血鬼传闻　夜与美的盛宴 第3话,1,0,0,美丽乐园计划,2,0,1,91002,8,5120,2025/04/30 11:00:00,0,0,5120002,0,0,2099/12/31 23:59:59,0,0,20,0
5120004,0,31008,吸血鬼传闻　夜与美的盛宴 第4话,1,0,0,潜藏在黑暗中的过去,2,0,1,91002,8,5120,2025/04/30 11:00:00,0,0,5120003,0,0,2099/12/31 23:59:59,0,0,20,0
5120005,0,31044,吸血鬼传闻　夜与美的盛宴 第5话,1,0,0,改变黑夜的仪式,2,0,1,91002,8,5120,2025/04/30 11:00:00,0,0,5120004,0,0,2099/12/31 23:59:59,0,0,20,0
5120006,0,31008,吸血鬼传闻　夜与美的盛宴 第6话,1,0,0,超越传奇的光辉,2,0,1,91002,8,5120,2025/04/30 11:00:00,0,0,5120005,0,0,2099/12/31 23:59:59,0,0,20,0
5120007,0,31044,吸血鬼传闻　夜与美的盛宴 终章,1,0,0,统率黑夜与美丽之主们,2,0,1,91002,8,5120,2025/04/30 11:00:00,0,0,5120006,0,0,2099/12/31 23:59:59,0,0,20,0
5122000,0,31048,排干大间海水大作战　秘密主义者与禁断之海 序章,1,0,0,暧昧的异变,2,0,1,91002,8,5122,2025/05/15 11:00:00,0,0,0,0,0,2099/12/31 23:59:59,0,0,20,0
5122001,0,31267,排干大间海水大作战　秘密主义者与禁断之海 第1话,1,0,0,废秘服务,2,0,1,91002,8,5122,2025/05/15 11:00:00,0,0,5122000,0,0,2099/12/31 23:59:59,0,0,20,0
5122002,0,31048,排干大间海水大作战　秘密主义者与禁断之海 第2话,1,0,0,前所未有的海洋工程,2,0,1,91002,8,5122,2025/05/15 11:00:00,0,0,5122001,0,0,2099/12/31 23:59:59,0,0,20,0
5122003,0,31267,排干大间海水大作战　秘密主义者与禁断之海 第3话,1,0,0,禁断的少女心,2,0,1,91002,8,5122,2025/05/15 11:00:00,0,0,5122002,0,0,2099/12/31 23:59:59,0,0,20,0
5122004,0,31048,排干大间海水大作战　秘密主义者与禁断之海 第4话,1,0,0,被抬起的王座,2,0,1,91002,8,5122,2025/05/15 11:00:00,0,0,5122003,0,0,2099/12/31 23:59:59,0,0,20,0
5122005,0,31267,排干大间海水大作战　秘密主义者与禁断之海 第5话,1,0,0,名为秘密的毒药,2,0,1,91002,8,5122,2025/05/15 11:00:00,0,0,5122004,0,0,2099/12/31 23:59:59,0,0,20,0
5122006,0,31048,排干大间海水大作战　秘密主义者与禁断之海 第6话,1,0,0,只要共同承担,2,0,1,91002,8,5122,2025/05/15 11:00:00,0,0,5122005,0,0,2099/12/31 23:59:59,0,0,20,0
5122007,0,31267,排干大间海水大作战　秘密主义者与禁断之海 终章,1,0,0,碧蓝的秘密,2,0,1,91002,8,5122,2025/05/15 11:00:00,0,0,5122006,0,0,2099/12/31 23:59:59,0,0,20,0
5124000,0,31031,战栗幽奇海岸　～夏日度假村惊悚怪谈～ 序章,1,0,0,海滩度假村的恐怖,2,0,1,91002,8,5124,2025/05/30 11:00:00,0,0,0,0,0,2099/12/31 23:59:59,0,0,20,0
5124001,0,31270,战栗幽奇海岸　～夏日度假村惊悚怪谈～ 第1话,1,0,0,恶灵的作祟,2,0,1,91002,8,5124,2025/05/30 11:00:00,0,0,5124000,0,0,2099/12/31 23:59:59,0,0,20,0
5124002,0,31031,战栗幽奇海岸　～夏日度假村惊悚怪谈～ 第2话,1,0,0,自海底……,2,0,1,91002,8,5124,2025/05/30 11:00:00,0,0,5124001,0,0,2099/12/31 23:59:59,0,0,20,0
5124003,0,31270,战栗幽奇海岸　～夏日度假村惊悚怪谈～ 第3话,1,0,0,盘踞于洞窟之物,2,0,1,91002,8,5124,2025/05/30 11:00:00,0,0,5124002,0,0,2099/12/31 23:59:59,0,0,20,0
5124004,0,31031,战栗幽奇海岸　～夏日度假村惊悚怪谈～ 第2（里）话,1,0,0,濒死初体验♡　～升天篇～,2,0,1,91002,8,5124,2025/05/30 11:00:00,13,0,5124003,0,0,2099/12/31 23:59:59,0,0,20,0
5124005,0,31270,战栗幽奇海岸　～夏日度假村惊悚怪谈～ 第3（里）话,1,0,0,濒死初体验♡　～超度篇～,2,0,1,91002,8,5124,2025/05/30 11:00:00,13,0,5124004,0,0,2099/12/31 23:59:59,0,0,20,0
5124006,0,31031,战栗幽奇海岸　～夏日度假村惊悚怪谈～ 第4话,1,5124003,0,恶灵的啜泣,2,0,1,91002,8,5124,2025/05/30 11:00:00,14,0,5124005,0,0,2099/12/31 23:59:59,0,0,20,0
5124007,0,31270,战栗幽奇海岸　～夏日度假村惊悚怪谈～ 终章,1,0,0,结下情谊的夏日乐园,2,0,1,91002,8,5124,2025/05/30 11:00:00,0,0,5124006,0,0,2099/12/31 23:59:59,0,0,20,0
5126000,0,31060,魔法师的青春日常　\n魔法学院与奇迹之钟 序章,1,0,0,追求青春！,2,0,1,91002,8,5126,2025/06/30 11:00:00,0,0,0,0,0,2099/12/31 23:59:59,0,0,20,0
5126001,0,31011,魔法师的青春日常　\n魔法学院与奇迹之钟 第1话,1,0,0,心跳加速的转学第一天,2,0,1,91002,8,5126,2025/06/30 11:00:00,0,0,5126000,0,0,2099/12/31 23:59:59,0,0,20,0
5126002,0,31060,魔法师的青春日常　\n魔法学院与奇迹之钟 第2话,1,0,0,令人在意的情书,2,0,1,91002,8,5126,2025/06/30 11:00:00,0,0,5126001,0,0,2099/12/31 23:59:59,0,0,20,0
5126003,0,31011,魔法师的青春日常　\n魔法学院与奇迹之钟 第3话,1,0,0,战胜期末考试！,2,0,1,91002,8,5126,2025/06/30 11:00:00,0,0,5126002,0,0,2099/12/31 23:59:59,0,0,20,0
5126004,0,31060,魔法师的青春日常　\n魔法学院与奇迹之钟 第4话,1,0,0,手忙脚乱的修学旅行！,2,0,1,91002,8,5126,2025/06/30 11:00:00,0,0,5126003,0,0,2099/12/31 23:59:59,0,0,20,0
5126005,0,31011,魔法师的青春日常　\n魔法学院与奇迹之钟 第5话,1,0,0,挑战传说！,2,0,1,91002,8,5126,2025/06/30 11:00:00,0,0,5126004,0,0,2099/12/31 23:59:59,0,0,20,0
5126006,0,31060,魔法师的青春日常　\n魔法学院与奇迹之钟 第6话,1,0,0,毕业典礼与古代魔物,2,0,1,91002,8,5126,2025/06/30 11:00:00,0,0,5126005,0,0,2099/12/31 23:59:59,0,0,20,0
5126007,0,31011,魔法师的青春日常　\n魔法学院与奇迹之钟 终章,1,0,0,凯露的青春,2,0,1,91002,8,5126,2025/06/30 11:00:00,0,0,5126006,0,0,2099/12/31 23:59:59,0,0,20,0
5128000,0,31042,浪漫萨拉萨利亚　\n～沙漠的新娘和不可思议的神灯～ 序章,1,0,0,踏上穿越沙漠之旅,2,0,1,91002,8,5128,2025/07/15 11:00:00,0,0,0,0,0,2099/12/31 23:59:59,0,0,20,0
5128001,0,31056,浪漫萨拉萨利亚　\n～沙漠的新娘和不可思议的神灯～ 第1话,1,0,0,左拥右抱是波澜的预兆,2,0,1,91002,8,5128,2025/07/15 11:00:00,0,0,5128000,0,0,2099/12/31 23:59:59,0,0,20,0
5128002,0,31042,浪漫萨拉萨利亚　\n～沙漠的新娘和不可思议的神灯～ 第2话,1,0,0,沉眠在沙海里的传说,2,0,1,91002,8,5128,2025/07/15 11:00:00,0,0,5128001,0,0,2099/12/31 23:59:59,0,0,20,0
5128003,0,31056,浪漫萨拉萨利亚　\n～沙漠的新娘和不可思议的神灯～ 第3话,1,0,0,抓住命运的红线,2,0,1,91002,8,5128,2025/07/15 11:00:00,0,0,5128002,0,0,2099/12/31 23:59:59,0,0,20,0
5128004,0,31042,浪漫萨拉萨利亚　\n～沙漠的新娘和不可思议的神灯～ 第4话,1,0,0,夺回绿洲的作战计划,2,0,1,91002,8,5128,2025/07/15 11:00:00,0,0,5128003,0,0,2099/12/31 23:59:59,0,0,20,0
5128005,0,31056,浪漫萨拉萨利亚　\n～沙漠的新娘和不可思议的神灯～ 第5话,1,0,0,满足愿望的器皿,2,0,1,91002,8,5128,2025/07/15 11:00:00,0,0,5128004,0,0,2099/12/31 23:59:59,0,0,20,0
5128006,0,31042,浪漫萨拉萨利亚　\n～沙漠的新娘和不可思议的神灯～ 第6话,1,0,0,水与火的圆舞,2,0,1,91002,8,5128,2025/07/15 11:00:00,0,0,5128005,0,0,2099/12/31 23:59:59,0,0,20,0
5128007,0,31056,浪漫萨拉萨利亚　\n～沙漠的新娘和不可思议的神灯～ 终章,1,0,0,望着沙漠澄澈的天空,2,0,1,91002,8,5128,2025/07/15 11:00:00,0,0,5128006,0,0,2099/12/31 23:59:59,0,0,20,0
5130000,0,31054,Criminal Rookie　\n天使们的悖论 序章,1,0,0,天使们的十字架,2,0,1,91002,8,5130,2025/07/30 11:00:00,0,0,0,0,0,2099/12/31 23:59:59,0,0,20,0
5130001,0,31018,Criminal Rookie　\n天使们的悖论 第1话,1,0,0,养牛的大小姐们,2,0,1,91002,8,5130,2025/07/30 11:00:00,0,0,5130000,0,0,2099/12/31 23:59:59,0,0,20,0
5130002,0,31054,Criminal Rookie　\n天使们的悖论 第2话,1,0,0,温室里的伴舞者,2,0,1,91002,8,5130,2025/07/30 11:00:00,0,0,5130001,0,0,2099/12/31 23:59:59,0,0,20,0
5130003,0,31018,Criminal Rookie　\n天使们的悖论 第3话,1,0,0,无可替代的朋友,2,0,1,91002,8,5130,2025/07/30 11:00:00,0,0,5130002,0,0,2099/12/31 23:59:59,0,0,20,0
5130004,0,31054,Criminal Rookie　\n天使们的悖论 第4话,1,0,0,发布命令，美空的任务,2,0,1,91002,8,5130,2025/07/30 11:00:00,0,0,5130003,0,0,2099/12/31 23:59:59,0,0,20,0
5130005,0,31018,Criminal Rookie　\n天使们的悖论 第5话,1,0,0,膨胀的恐惧,2,0,1,91002,8,5130,2025/07/30 11:00:00,0,0,5130004,0,0,2099/12/31 23:59:59,0,0,20,0
5130006,0,31054,Criminal Rookie　\n天使们的悖论 第6话,1,0,0,美空vs幻变少女,2,0,1,91002,8,5130,2025/07/30 11:00:00,0,0,5130005,0,0,2099/12/31 23:59:59,0,0,20,0
5130007,0,31018,Criminal Rookie　\n天使们的悖论 终章,1,0,0,冒险者的宝物,2,0,1,91002,8,5130,2025/07/30 11:00:00,0,0,5130006,0,0,2099/12/31 23:59:59,0,0,20,0
5132000,0,31058,Cry・Baby・Christmas　为谁存在的幸福之日 序章,1,0,0,巷子里的邂逅,2,0,1,91002,8,5132,2025/08/14 11:00:00,0,0,0,0,0,2099/12/31 23:59:59,0,0,20,0
5132001,0,31028,Cry・Baby・Christmas　为谁存在的幸福之日 第1话,1,0,0,肚子饱饱，谜团重重,2,0,1,91002,8,5132,2025/08/14 11:00:00,0,0,5132000,0,0,2099/12/31 23:59:59,0,0,20,0
5132002,0,31058,Cry・Baby・Christmas　为谁存在的幸福之日 第2话,1,0,0,香格里拉重现,2,0,1,91002,8,5132,2025/08/14 11:00:00,0,0,5132001,0,0,2099/12/31 23:59:59,0,0,20,0
5132003,0,31028,Cry・Baby・Christmas　为谁存在的幸福之日 第3话,1,0,0,混沌＆失落圣诞节,2,0,1,91002,8,5132,2025/08/14 11:00:00,0,0,5132002,0,0,2099/12/31 23:59:59,0,0,20,0
5132004,0,31058,Cry・Baby・Christmas　为谁存在的幸福之日 第4话,1,0,0,小理的真相,2,0,1,91002,8,5132,2025/08/14 11:00:00,0,0,5132003,0,0,2099/12/31 23:59:59,0,0,20,0
5132005,0,31028,Cry・Baby・Christmas　为谁存在的幸福之日 第5话,1,0,0,去捕捉星星吧！,2,0,1,91002,8,5132,2025/08/14 11:00:00,0,0,5132004,0,0,2099/12/31 23:59:59,0,0,20,0
5132006,0,31058,Cry・Baby・Christmas　为谁存在的幸福之日 第6话,1,0,0,通向幸福的最后一块拼图,2,0,1,91002,8,5132,2025/08/14 11:00:00,0,0,5132005,0,0,2099/12/31 23:59:59,0,0,20,0
5132007,0,31028,Cry・Baby・Christmas　为谁存在的幸福之日 终章,1,0,0,庆典之后,2,0,1,91002,8,5132,2025/08/14 11:00:00,0,0,5132006,0,0,2099/12/31 23:59:59,0,0,20,0
5134000,0,31014,迎春梦想家们！　\n新年陨石碎碎平安！？ 序章,1,0,0,新年未到，灭亡将至！？,2,0,1,91002,8,5134,2025/08/29 11:00:00,0,0,0,0,0,2099/12/31 23:59:59,0,0,20,0
5134001,0,31283,迎春梦想家们！　\n新年陨石碎碎平安！？ 第1话,1,0,0,陨石迎击队，组成！？,2,0,1,91002,8,5134,2025/08/29 11:00:00,0,0,5134000,0,0,2099/12/31 23:59:59,0,0,20,0
5134002,0,31014,迎春梦想家们！　\n新年陨石碎碎平安！？ 第2话,1,0,0,压岁钱和压碎,2,0,1,91002,8,5134,2025/08/29 11:00:00,0,0,5134001,0,0,2099/12/31 23:59:59,0,0,20,0
5134003,0,31283,迎春梦想家们！　\n新年陨石碎碎平安！？ 第3话,1,0,0,无情无义的新年游戏,2,0,1,91002,8,5134,2025/08/29 11:00:00,0,0,5134002,0,0,2099/12/31 23:59:59,0,0,20,0
5134004,0,31014,迎春梦想家们！　\n新年陨石碎碎平安！？ 第4话,1,0,0,遍寻预知梦，未来亦轮转,2,0,1,91002,8,5134,2025/08/29 11:00:00,0,0,5134003,0,0,2099/12/31 23:59:59,0,0,20,0
5134005,0,31283,迎春梦想家们！　\n新年陨石碎碎平安！？ 第5话,1,0,0,最后的预知梦，所下的决定,2,0,1,91002,8,5134,2025/08/29 11:00:00,0,0,5134004,0,0,2099/12/31 23:59:59,0,0,20,0
5134006,0,31014,迎春梦想家们！　\n新年陨石碎碎平安！？ 第6话,1,0,0,大家一起享受新年！,2,0,1,91002,8,5134,2025/08/29 11:00:00,0,0,5134005,0,0,2099/12/31 23:59:59,0,0,20,0
5134007,0,31283,迎春梦想家们！　\n新年陨石碎碎平安！？ 终章,1,0,0,梦寐以求的新年,2,0,1,91002,8,5134,2025/08/29 11:00:00,0,0,5134006,0,0,2099/12/31 23:59:59,0,0,20,0
5134501,0,0,新年动画,1,0,0,新年动画,0,0,0,91002,8,5134,2025/08/29 11:00:00,8,0,0,0,0,2099/12/31 23:59:59,0,0,100,0
5136000,0,31288,I Wish　紧紧握住这双手 前篇　序章,1,0,0,“在那之后”的她们,2,0,1,91002,8,5136,2025/09/15 11:00:00,0,0,0,0,0,2099/12/31 23:59:59,0,0,20,0
5136001,0,31002,I Wish　紧紧握住这双手 前篇　第1话,1,0,0,红色夜空预示的异变,2,0,1,91002,8,5136,2025/09/15 11:00:00,0,0,5136000,0,0,2099/12/31 23:59:59,0,0,20,0
5136002,0,31288,I Wish　紧紧握住这双手 前篇　第2话,1,0,0,交错的分界线,2,0,1,91002,8,5136,2025/09/15 11:00:00,0,0,5136001,0,0,2099/12/31 23:59:59,0,0,20,0
5136003,0,31002,I Wish　紧紧握住这双手 前篇　第3话,1,0,0,“警告”的意义,2,0,1,91002,8,5136,2025/09/15 11:00:00,0,0,5136002,0,0,2099/12/31 23:59:59,0,0,20,0
5136004,0,31288,I Wish　紧紧握住这双手 前篇　第4话,1,0,0,各自的邂逅,2,0,1,91002,8,5136,2025/09/15 11:00:00,0,0,5136003,0,0,2099/12/31 23:59:59,0,0,20,0
5136005,0,31002,I Wish　紧紧握住这双手 前篇　第5话,1,0,0,构成世界的力量,2,0,1,91002,8,5136,2025/09/15 11:00:00,0,0,5136004,0,0,2099/12/31 23:59:59,0,0,20,0
5137001,0,31288,I Wish　紧紧握住这双手 后篇　第1话,1,0,0,前往黑玫瑰绽放的地方,2,0,1,91002,8,5137,2025/09/22 12:00:00,0,0,5136005,0,0,2099/12/31 23:59:59,0,0,20,0
5137002,0,31001,I Wish　紧紧握住这双手 后篇　第2话,1,0,0,续写当时的故事,2,0,1,91002,8,5137,2025/09/22 12:00:00,0,0,5137001,0,0,2099/12/31 23:59:59,0,0,20,0
5137003,0,31288,I Wish　紧紧握住这双手 后篇　第3话,1,0,0,无法消散的思绪,2,0,1,91002,8,5137,2025/09/22 12:00:00,0,0,5137002,0,0,2099/12/31 23:59:59,0,0,20,0
5137004,0,31001,I Wish　紧紧握住这双手 后篇　第4话,1,0,0,名为“自己”的人,2,0,1,91002,8,5137,2025/09/22 12:00:00,0,0,5137003,0,0,2099/12/31 23:59:59,0,0,20,0
5137005,0,31288,I Wish　紧紧握住这双手 后篇　终章,1,0,0,为了再次相逢,2,0,1,91002,8,5137,2025/09/22 12:00:00,0,0,5137004,0,0,2099/12/31 23:59:59,0,0,20,0
5137201,0,0,I Wish　紧紧握住这双手 后篇　Logo,1,0,0,,0,0,0,0,0,5137,2025/09/22 12:00:00,11,0,0,0,0,2099/12/31 23:59:59,0,0,0,0
5140000,0,31034,寒冬的盛夏与神圣学院的问题儿童 序章,1,0,0,地狱神话与天使的足音,2,0,1,91002,8,5140,2025/10/13 11:00:00,0,0,0,0,0,2099/12/31 23:59:59,0,0,20,0
5140001,0,31110,寒冬的盛夏与神圣学院的问题儿童 第1话,1,0,0,特别讲座与特赦的实情,2,0,1,91002,8,5140,2025/10/13 11:00:00,0,0,5140000,0,0,2099/12/31 23:59:59,0,0,20,0
5140002,0,31034,寒冬的盛夏与神圣学院的问题儿童 第2话,1,0,0,白银航路与盛夏的乐园,2,0,1,91002,8,5140,2025/10/13 11:00:00,0,0,5140001,0,0,2099/12/31 23:59:59,0,0,20,0
5140003,0,31110,寒冬的盛夏与神圣学院的问题儿童 第3话,1,0,0,活动照片与圣女的受难,2,0,1,91002,8,5140,2025/10/13 11:00:00,0,0,5140002,0,0,2099/12/31 23:59:59,0,0,20,0
5140004,0,31034,寒冬的盛夏与神圣学院的问题儿童 第4话,1,0,0,迷茫的演技与乐园的心脏,2,0,1,91002,8,5140,2025/10/13 11:00:00,0,0,5140003,0,0,2099/12/31 23:59:59,0,0,20,0
5140005,0,31110,寒冬的盛夏与神圣学院的问题儿童 第5话,1,0,0,试验及格与因果的列车,2,0,1,91002,8,5140,2025/10/13 11:00:00,0,0,5140004,0,0,2099/12/31 23:59:59,0,0,20,0
5140006,0,31034,寒冬的盛夏与神圣学院的问题儿童 第6话,1,0,0,卷土重来与看守的狂信,2,0,1,91002,8,5140,2025/10/13 11:00:00,0,0,5140005,0,0,2099/12/31 23:59:59,0,0,20,0
5140007,0,31110,寒冬的盛夏与神圣学院的问题儿童 终章,1,0,0,幸福结局与流转的青春,2,0,1,91002,8,5140,2025/10/13 11:00:00,0,0,5140006,0,0,2099/12/31 23:59:59,0,0,20,0
5142000,0,31027,冷酷·火爆·新兵训练营　\n魔鬼教官与鞭子与……糖果？ 序章,1,0,0,史上最大规模礼物作战,2,0,1,91002,8,5142,2025/10/30 11:00:00,0,0,0,0,0,2099/12/31 23:59:59,0,0,20,0
5142001,0,31043,冷酷·火爆·新兵训练营　\n魔鬼教官与鞭子与……糖果？ 第1话,1,0,0,惠理子流·最强极速练兵,2,0,1,91002,8,5142,2025/10/30 11:00:00,0,0,5142000,0,0,2099/12/31 23:59:59,0,0,20,0
5142002,0,31027,冷酷·火爆·新兵训练营　\n魔鬼教官与鞭子与……糖果？ 第2话,1,0,0,基础训练、糖果与那个东西,2,0,1,91002,8,5142,2025/10/30 11:00:00,0,0,5142001,0,0,2099/12/31 23:59:59,0,0,20,0
5142003,0,31043,冷酷·火爆·新兵训练营　\n魔鬼教官与鞭子与……糖果？ 第3话,1,0,0,力量才是实力,2,0,1,91002,8,5142,2025/10/30 11:00:00,0,0,5142002,0,0,2099/12/31 23:59:59,0,0,20,0
5142004,0,31027,冷酷·火爆·新兵训练营　\n魔鬼教官与鞭子与……糖果？ 第4话,1,0,0,严格？温柔？,2,0,1,91002,8,5142,2025/10/30 11:00:00,0,0,5142003,0,0,2099/12/31 23:59:59,0,0,20,0
5142005,0,31043,冷酷·火爆·新兵训练营　\n魔鬼教官与鞭子与……糖果？ 第5话,1,0,0,足以胜任伴侣的教官,2,0,1,91002,8,5142,2025/10/30 11:00:00,0,0,5142004,0,0,2099/12/31 23:59:59,0,0,20,0
5142006,0,31027,冷酷·火爆·新兵训练营　\n魔鬼教官与鞭子与……糖果？ 第6话,1,0,0,以多敌少的真正价值,2,0,1,91002,8,5142,2025/10/30 11:00:00,0,0,5142005,0,0,2099/12/31 23:59:59,0,0,20,0
5142007,0,31043,冷酷·火爆·新兵训练营　\n魔鬼教官与鞭子与……糖果？ 终章,1,0,0,将这份回忆化为勋章,2,0,1,91002,8,5142,2025/10/30 11:00:00,0,0,5142006,0,0,2099/12/31 23:59:59,0,0,20,0
5144000,0,31025,花开时节的真挚情谊 序章,1,0,0,为庆典收集的鲜花,2,0,1,91002,8,5144,2025/11/14 11:00:00,0,0,0,0,0,2099/12/31 23:59:59,0,0,20,0
5144001,0,31036,花开时节的真挚情谊 第1话,1,0,0,花季服装，首次亮相♪,2,0,1,91002,8,5144,2025/11/14 11:00:00,0,0,5144000,0,0,2099/12/31 23:59:59,0,0,20,0
5144002,0,31025,花开时节的真挚情谊 第2话,1,0,0,龙二的过去,2,0,1,91002,8,5144,2025/11/14 11:00:00,0,0,5144001,0,0,2099/12/31 23:59:59,0,0,20,0
5144003,0,31036,花开时节的真挚情谊 第3话,1,0,0,别让铃莓丢掉工作！,2,0,1,91002,8,5144,2025/11/14 11:00:00,0,0,5144002,0,0,2099/12/31 23:59:59,0,0,20,0
5144004,0,31025,花开时节的真挚情谊 第4话,1,0,0,“进攻”的迷糊运用！？,2,0,1,91002,8,5144,2025/11/14 11:00:00,0,0,5144003,0,0,2099/12/31 23:59:59,0,0,20,0
5144005,0,31036,花开时节的真挚情谊 第5话,1,0,0,给迷失的心一点温柔,2,0,1,91002,8,5144,2025/11/14 11:00:00,0,0,5144004,0,0,2099/12/31 23:59:59,0,0,20,0
5144006,0,31025,花开时节的真挚情谊 第6话,1,0,0,决战魔物植物！,2,0,1,91002,8,5144,2025/11/14 11:00:00,0,0,5144005,0,0,2099/12/31 23:59:59,0,0,20,0
5144007,0,31036,花开时节的真挚情谊 终章,1,0,0,从过错中汲取养分，花儿绽放,2,0,1,91002,8,5144,2025/11/14 11:00:00,0,0,5144006,0,0,2099/12/31 23:59:59,0,0,20,0
5146000,0,31021,奇幻梦想大游行　\n宝石兔与秘密的伙伴们 序章,1,0,0,欢迎来到游乐园！,2,0,1,91002,8,5146,2025/11/29 11:00:00,0,0,0,0,0,2099/12/31 23:59:59,0,0,20,0
5146001,0,31010,奇幻梦想大游行　\n宝石兔与秘密的伙伴们 第1话,1,0,0,童话伙伴,2,0,1,91002,8,5146,2025/11/29 11:00:00,0,0,5146000,0,0,2099/12/31 23:59:59,0,0,20,0
5146002,0,31021,奇幻梦想大游行　\n宝石兔与秘密的伙伴们 第2话,1,0,0,梦幻冒险,2,0,1,91002,8,5146,2025/11/29 11:00:00,0,0,5146001,0,0,2099/12/31 23:59:59,0,0,20,0
5146003,0,31010,奇幻梦想大游行　\n宝石兔与秘密的伙伴们 第3话,1,0,0,迸发！两人的友情,2,0,1,91002,8,5146,2025/11/29 11:00:00,0,0,5146002,0,0,2099/12/31 23:59:59,0,0,20,0
5146004,0,31021,奇幻梦想大游行　\n宝石兔与秘密的伙伴们 第4话,1,0,0,来约会吗！？,2,0,1,91002,8,5146,2025/11/29 11:00:00,0,0,5146003,0,0,2099/12/31 23:59:59,0,0,20,0
5146005,0,31010,奇幻梦想大游行　\n宝石兔与秘密的伙伴们 第5话,1,0,0,∞克拉的心意,2,0,1,91002,8,5146,2025/11/29 11:00:00,0,0,5146004,0,0,2099/12/31 23:59:59,0,0,20,0
5146006,0,31021,奇幻梦想大游行　\n宝石兔与秘密的伙伴们 第6话,1,0,0,魔物大恐慌！？,2,0,1,91002,8,5146,2025/11/29 11:00:00,0,0,5146005,0,0,2099/12/31 23:59:59,0,0,20,0
5146007,0,31010,奇幻梦想大游行　\n宝石兔与秘密的伙伴们 终章,1,0,0,来吧，梦想乐园等着你♪,2,0,1,91002,8,5146,2025/11/29 11:00:00,0,0,5146006,0,0,2099/12/31 23:59:59,0,0,20,0
5148000,0,31042,集合吧做好事俱乐部！\n美空的愉快暑假 序章,1,0,0,做好事俱乐部，组建！,2,0,1,91002,8,5148,2025/12/15 11:00:00,0,0,0,0,0,2099/12/31 23:59:59,0,0,20,0
5148001,0,31029,集合吧做好事俱乐部！\n美空的愉快暑假 第1话,1,0,0,做好事俱乐部，招人！,2,0,1,91002,8,5148,2025/12/15 11:00:00,0,0,5148000,0,0,2099/12/31 23:59:59,0,0,20,0
5148002,0,31042,集合吧做好事俱乐部！\n美空的愉快暑假 第2话,1,0,0,做好事俱乐部，问答！,2,0,1,91002,8,5148,2025/12/15 11:00:00,0,0,5148001,0,0,2099/12/31 23:59:59,0,0,20,0
5148003,0,31029,集合吧做好事俱乐部！\n美空的愉快暑假 第3话,1,0,0,做好事俱乐部，暂停活动！,2,0,1,91002,8,5148,2025/12/15 11:00:00,0,0,5148002,0,0,2099/12/31 23:59:59,0,0,20,0
5148004,0,31042,集合吧做好事俱乐部！\n美空的愉快暑假 第4话,1,0,0,夜晚被染红的海,2,0,1,91002,8,5148,2025/12/15 11:00:00,0,0,5148003,0,0,2099/12/31 23:59:59,0,0,20,0
5148005,0,31029,集合吧做好事俱乐部！\n美空的愉快暑假 第5话,1,0,0,前奏　～夏天之前的夜晚～,2,0,1,91002,8,5148,2025/12/15 11:00:00,0,0,5148004,0,0,2099/12/31 23:59:59,0,0,20,0
5148006,0,31042,集合吧做好事俱乐部！\n美空的愉快暑假 第6话,1,0,0,以命相搏的破坏对决,2,0,1,91002,8,5148,2025/12/15 11:00:00,0,0,5148005,0,0,2099/12/31 23:59:59,0,0,20,0
5148007,0,31029,集合吧做好事俱乐部！\n美空的愉快暑假 终章,1,0,0,做好事的结局,2,0,1,91002,8,5148,2025/12/15 11:00:00,0,0,5148006,0,0,2099/12/31 23:59:59,0,0,20,0
5150000,0,31058,幻惑的妖精　‐盛夏乐园中舞动的身影‐ 序章,1,0,0,夏日的妖精们,2,0,1,91002,8,5150,2025/12/30 11:00:00,0,0,0,0,0,2099/12/31 23:59:59,0,0,20,0
5150001,0,31047,幻惑的妖精　‐盛夏乐园中舞动的身影‐ 第1话,1,0,0,乐园夏日模式,2,0,1,91002,8,5150,2025/12/30 11:00:00,0,0,5150000,0,0,2099/12/31 23:59:59,0,0,20,0
5150002,0,31058,幻惑的妖精　‐盛夏乐园中舞动的身影‐ 第2话,1,0,0,街角的钓鱼人,2,0,1,91002,8,5150,2025/12/30 11:00:00,0,0,5150001,0,0,2099/12/31 23:59:59,0,0,20,0
5150003,0,31047,幻惑的妖精　‐盛夏乐园中舞动的身影‐ 第3话,1,0,0,恶作剧拍卖会,2,0,1,91002,8,5150,2025/12/30 11:00:00,0,0,5150002,0,0,2099/12/31 23:59:59,0,0,20,0
5150004,0,31058,幻惑的妖精　‐盛夏乐园中舞动的身影‐ 第4话,1,0,0,最后期限的致命武器,2,0,1,91002,8,5150,2025/12/30 11:00:00,0,0,5150003,0,0,2099/12/31 23:59:59,0,0,20,0
5150005,0,31047,幻惑的妖精　‐盛夏乐园中舞动的身影‐ 第5话,1,0,0,告白记忆,2,0,1,91002,8,5150,2025/12/30 11:00:00,0,0,5150004,0,0,2099/12/31 23:59:59,0,0,20,0
5150006,0,31058,幻惑的妖精　‐盛夏乐园中舞动的身影‐ 第6话,1,0,0,失控的生成器,2,0,1,91002,8,5150,2025/12/30 11:00:00,0,0,5150005,0,0,2099/12/31 23:59:59,0,0,20,0
5150007,0,31047,幻惑的妖精　‐盛夏乐园中舞动的身影‐ 终章,1,0,0,妖精向导姐妹,2,0,1,91002,8,5150,2025/12/30 11:00:00,0,0,5150006,0,0,2099/12/31 23:59:59,0,0,20,0
5152000,0,31059,Re: 从零开始的畅游异世界夏日 序章,1,0,0,异世界夏季假日,2,0,1,91002,8,5152,2026/04/30 11:00:00,0,0,0,0,0,2099/12/31 23:59:59,0,0,20,0
5152001,0,31319,Re: 从零开始的畅游异世界夏日 第1话,1,0,0,联手对抗白岛鲸！,2,0,1,91002,8,5152,2026/04/30 11:00:00,0,0,5152000,0,0,2099/12/31 23:59:59,0,0,20,0
5152002,0,31059,Re: 从零开始的畅游异世界夏日 第2话,1,0,0,异世界日常,2,0,1,91002,8,5152,2026/04/30 11:00:00,0,0,5152001,0,0,2099/12/31 23:59:59,0,0,20,0
5152003,0,31319,Re: 从零开始的畅游异世界夏日 第3话,1,0,0,和各具特色的三位妈妈一起,2,0,1,91002,8,5152,2026/04/30 11:00:00,0,0,5152002,0,0,2099/12/31 23:59:59,0,0,20,0
5152004,0,31059,Re: 从零开始的畅游异世界夏日 第4话,1,0,0,悄然逼近的魔女之影,2,0,1,91002,8,5152,2026/04/30 11:00:00,0,0,5152003,0,0,2099/12/31 23:59:59,0,0,20,0
5152005,0,31319,Re: 从零开始的畅游异世界夏日 第5话,1,0,0,与异世界的融合,2,0,1,91002,8,5152,2026/04/30 11:00:00,0,0,5152004,0,0,2099/12/31 23:59:59,0,0,20,0
5152006,0,31059,Re: 从零开始的畅游异世界夏日 第6话,1,0,0,白岛鲸攻略战,2,0,1,91002,8,5152,2026/04/30 11:00:00,0,0,5152005,0,0,2099/12/31 23:59:59,0,0,20,0
5152007,0,31319,Re: 从零开始的畅游异世界夏日 终章,1,0,0,异世界夏季假日,2,0,1,91002,8,5152,2026/04/30 11:00:00,0,0,5152006,0,0,2099/12/31 23:59:59,0,0,20,0
5154000,0,31007,望的一日店长记　这里是阿尔凯斯炼金堂 序章,1,0,0,小巷里的炼金术师,2,0,1,91002,8,5154,2026/01/29 09:00:00,0,0,0,0,0,2099/12/31 23:59:59,0,0,20,0
5154001,0,31012,望的一日店长记　这里是阿尔凯斯炼金堂 第1话,1,0,0,望的秘密,2,0,1,91002,8,5154,2026/01/29 09:00:00,0,0,5154000,0,0,2099/12/31 23:59:59,0,0,20,0
5154002,0,31007,望的一日店长记　这里是阿尔凯斯炼金堂 第2话,1,0,0,无所不有的店铺,2,0,1,91002,8,5154,2026/01/29 09:00:00,0,0,5154001,0,0,2099/12/31 23:59:59,0,0,20,0
5154003,0,31012,望的一日店长记　这里是阿尔凯斯炼金堂 第3话,1,0,0,偶像和炼金术,2,0,1,91002,8,5154,2026/01/29 09:00:00,0,0,5154002,0,0,2099/12/31 23:59:59,0,0,20,0
5154004,0,31007,望的一日店长记　这里是阿尔凯斯炼金堂 第4话,1,0,0,两人的秘密,2,0,1,91002,8,5154,2026/01/29 09:00:00,0,0,5154003,0,0,2099/12/31 23:59:59,0,0,20,0
5154005,0,31012,望的一日店长记　这里是阿尔凯斯炼金堂 第5话,1,0,0,不应该留在这里的人,2,0,1,91002,8,5154,2026/01/29 09:00:00,0,0,5154004,0,0,2099/12/31 23:59:59,0,0,20,0
5154006,0,31007,望的一日店长记　这里是阿尔凯斯炼金堂 第6话,1,0,0,最后的炼金术,2,0,1,91002,8,5154,2026/01/29 09:00:00,0,0,5154005,0,0,2099/12/31 23:59:59,0,0,20,0
5154007,0,31012,望的一日店长记　这里是阿尔凯斯炼金堂 终章,1,0,0,你的芬芳,2,0,1,91002,8,5154,2026/01/29 09:00:00,0,0,5154006,0,0,2099/12/31 23:59:59,0,0,20,0
5156000,0,31038,Bandit Returns　炎国的不法姐妹 序章,1,0,0,可可爱爱元气比心,2,0,1,91002,8,5156,2026/02/13 11:00:00,0,0,0,0,0,2099/12/31 23:59:59,0,0,20,0
5156001,0,31049,Bandit Returns　炎国的不法姐妹 第1话,1,0,0,炎国的飞车党,2,0,1,91002,8,5156,2026/02/13 11:00:00,0,0,5156000,0,0,2099/12/31 23:59:59,0,0,20,0
5156002,0,31038,Bandit Returns　炎国的不法姐妹 第2话,1,0,0,带爱心标记的设计图♡,2,0,1,91002,8,5156,2026/02/13 11:00:00,0,0,5156001,0,0,2099/12/31 23:59:59,0,0,20,0
5156003,0,31049,Bandit Returns　炎国的不法姐妹 第3话,1,0,0,国王游戏揭露的事,2,0,1,91002,8,5156,2026/02/13 11:00:00,0,0,5156002,0,0,2099/12/31 23:59:59,0,0,20,0
5156004,0,31038,Bandit Returns　炎国的不法姐妹 第4话,1,0,0,并肩同行,2,0,1,91002,8,5156,2026/02/13 11:00:00,0,0,5156003,0,0,2099/12/31 23:59:59,0,0,20,0
5156005,0,31049,Bandit Returns　炎国的不法姐妹 第5话,1,0,0,狂飙&急刹,2,0,1,91002,8,5156,2026/02/13 11:00:00,0,0,5156004,0,0,2099/12/31 23:59:59,0,0,20,0
5156006,0,31038,Bandit Returns　炎国的不法姐妹 第6话,1,0,0,骰子滚向何方,2,0,1,91002,8,5156,2026/02/13 11:00:00,0,0,5156005,0,0,2099/12/31 23:59:59,0,0,20,0
5156007,0,31049,Bandit Returns　炎国的不法姐妹 终章,1,0,0,流星永不停歇,2,0,1,91002,8,5156,2026/02/13 11:00:00,0,0,5156006,0,0,2099/12/31 23:59:59,0,0,20,0
5158000,0,31050,Love & Punishment　恶魔献上的圣诞节 序章,1,0,0,本该是圣诞考察的……,2,0,1,91002,8,5158,2026/02/28 11:00:00,0,0,0,0,0,2099/12/31 23:59:59,0,0,20,0
5158001,0,31016,Love & Punishment　恶魔献上的圣诞节 第1话,1,0,0,爱的课堂开始了哦～,2,0,1,91002,8,5158,2026/02/28 11:00:00,0,0,5158000,0,0,2099/12/31 23:59:59,0,0,20,0
5158002,0,31050,Love & Punishment　恶魔献上的圣诞节 第2话,1,0,0,喂，圣诞老人！,2,0,1,91002,8,5158,2026/02/28 11:00:00,0,0,5158001,0,0,2099/12/31 23:59:59,0,0,20,0
5158003,0,31016,Love & Punishment　恶魔献上的圣诞节 第3话,1,0,0,讨厌过于美丽的自己,2,0,1,91002,8,5158,2026/02/28 11:00:00,0,0,5158002,0,0,2099/12/31 23:59:59,0,0,20,0
5158004,0,31050,Love & Punishment　恶魔献上的圣诞节 第4话,1,0,0,来场圣诞约会吧,2,0,1,91002,8,5158,2026/02/28 11:00:00,0,0,5158003,0,0,2099/12/31 23:59:59,0,0,20,0
5158005,0,31016,Love & Punishment　恶魔献上的圣诞节 第5话,1,0,0,表里如一,2,0,1,91002,8,5158,2026/02/28 11:00:00,0,0,5158004,0,0,2099/12/31 23:59:59,0,0,20,0
5158006,0,31050,Love & Punishment　恶魔献上的圣诞节 第6话,1,0,0,最高级别的示爱！,2,0,1,91002,8,5158,2026/02/28 11:00:00,0,0,5158005,0,0,2099/12/31 23:59:59,0,0,20,0
5158007,0,31016,Love & Punishment　恶魔献上的圣诞节 终章,1,0,0,Frohe Weihnachten（圣诞快乐）,2,0,1,91002,8,5158,2026/02/28 11:00:00,0,0,5158006,0,0,2099/12/31 23:59:59,0,0,20,0
5158611,0,0,特别章节,0,0,0,心跳不已的圣夜惊喜,0,0,0,0,0,5158,2026/02/28 11:00:00,15,0,5158007,0,0,2099/12/31 23:59:59,0,0,0,0
5160000,0,31028,迎春吉奥·矶汉拿　蛇少女与双丽剑士 序章,1,0,0,庆典前的宁静,2,0,1,91002,8,5160,2026/03/16 11:00:00,0,0,0,0,0,2099/12/31 23:59:59,0,0,20,0
5160001,0,31332,迎春吉奥·矶汉拿　蛇少女与双丽剑士 第1话,1,0,0,蛇少女，降临！,2,0,1,91002,8,5160,2026/03/16 11:00:00,0,0,5160000,0,0,2099/12/31 23:59:59,0,0,20,0
5160002,0,31028,迎春吉奥·矶汉拿　蛇少女与双丽剑士 第2话,1,0,0,少女们的文化交流节,2,0,1,91002,8,5160,2026/03/16 11:00:00,0,0,5160001,0,0,2099/12/31 23:59:59,0,0,20,0
5160003,0,31332,迎春吉奥·矶汉拿　蛇少女与双丽剑士 第3话,1,0,0,危险的邂逅,2,0,1,91002,8,5160,2026/03/16 11:00:00,0,0,5160002,0,0,2099/12/31 23:59:59,0,0,20,0
5160004,0,31028,迎春吉奥·矶汉拿　蛇少女与双丽剑士 第4话,1,0,0,失踪之蛇,2,0,1,91002,8,5160,2026/03/16 11:00:00,0,0,5160003,0,0,2099/12/31 23:59:59,0,0,20,0
5160005,0,31332,迎春吉奥·矶汉拿　蛇少女与双丽剑士 第5话,1,0,0,在大蛇体内的黑暗中,2,0,1,91002,8,5160,2026/03/16 11:00:00,0,0,5160004,0,0,2099/12/31 23:59:59,0,0,20,0
5160006,0,31028,迎春吉奥·矶汉拿　蛇少女与双丽剑士 第6话,1,0,0,决战的结果，或是终幕,2,0,1,91002,8,5160,2026/03/16 11:00:00,0,0,5160005,0,0,2099/12/31 23:59:59,0,0,20,0
5160007,0,31332,迎春吉奥·矶汉拿　蛇少女与双丽剑士 终章,1,0,0,蛇少女的启程,2,0,1,91002,8,5160,2026/03/16 11:00:00,0,0,5160006,0,0,2099/12/31 23:59:59,0,0,20,0
5160501,0,0,新年动画,1,0,0,新年动画,0,0,0,91002,8,5160,2026/03/16 11:00:00,8,0,0,0,0,2099/12/31 23:59:59,0,0,100,0
5160611,0,0,特别章节,0,0,0,美杜莎向十二生肖提出异议,0,0,0,91002,8,5160,2026/03/16 11:00:00,15,0,5160007,0,0,2099/12/31 23:59:59,0,0,60,0
5160612,0,0,特别章节,0,0,0,寄托乡愁的超辣咖喱,0,0,0,91002,8,5160,2026/03/16 11:00:00,15,0,5160007,0,0,2099/12/31 23:59:59,0,0,60,0
5160613,0,0,特别章节,0,0,0,令人困惑的压岁钱,0,0,0,91002,8,5160,2026/03/16 11:00:00,15,0,5160007,0,0,2099/12/31 23:59:59,0,0,60,0
5160614,0,0,特别章节,0,0,0,蛇少女与真祖的邂逅,0,0,0,91002,8,5160,2026/03/16 11:00:00,15,0,5160007,0,0,2099/12/31 23:59:59,0,0,60,0
5160615,0,0,特别章节,0,0,0,初次品尝的火锅滋味,0,0,0,91002,8,5160,2026/03/16 11:00:00,15,0,5160007,0,0,2099/12/31 23:59:59,0,0,60,0
