start_time,end_time,disp_order,title,value,story_group_id,story_type,thumbnail_id
2020/05/11 13:00:00,2099/12/31 23:59:59,1,初音的礼物大作战,20001,5001,5,0
2020/06/03 15:00:00,2099/12/31 23:59:59,1,小小甜心冒险家,20002,5002,5,0
2020/07/02 15:00:00,2099/12/31 23:59:59,1,吸血鬼猎人\nwith 伊莉亚,20003,5003,5,0
2020/07/30 15:00:00,2099/12/31 23:59:59,1,危险假日！\n海边的美食家公主,20004,5004,5,0
2020/08/27 15:00:00,2099/12/31 23:59:59,1,珠希和美冬的\n无人岛0金币生活,20005,5005,5,0
2020/09/24 15:00:00,2099/12/31 23:59:59,1,黑铁的亡灵（梦魇）,20006,5006,5,0
2020/10/22 15:00:00,2099/12/31 23:59:59,1,不给布丁就捣蛋！\n约定的万圣节派对,20007,5007,5,0
2020/11/19 15:00:00,2099/12/31 23:59:59,1,暮光破坏者,20008,5008,5,0
2020/12/17 15:00:00,2099/12/31 23:59:59,1,忘却的圣歌,20009,5009,5,0
2021/01/14 15:00:00,2099/12/31 23:59:59,1,新春破晓之星\n大危机！,20010,5010,5,0
2022/02/10 15:00:00,2099/12/31 23:59:59,1,情人节之战！　\n正中红心的甜蜜战斗,20011,5011,5,0
2021/03/11 15:00:00,2099/12/31 23:59:59,1,王都的名侦探　\n叹息的追缉者（STALKER）,20012,5012,5,0
2021/05/13 15:00:00,2099/12/31 23:59:59,1,盛开在阿斯特莱亚的双轮之花,20013,5013,5,0
2021/06/07 15:00:00,2099/12/31 23:59:59,1,将军道中记　白翼的武士,20014,5015,5,0
2021/04/14 15:00:00,2099/12/31 23:59:59,1,Re: 从零开始的收集异世界餐桌,10153,5017,5,0
2021/07/09 15:00:00,2099/12/31 23:59:59,1,铃奈的\nRAINBOW STAGE！,20015,5019,5,0
2021/08/06 15:00:00,2099/12/31 23:59:59,1,盛夏的真步真步王国　\n海滩上的灵魂之夏！,20016,5021,5,0
2021/09/01 15:00:00,2099/12/31 23:59:59,1,森林里的胆小鬼与神圣学院的问题儿童,20017,5023,5,0
2021/09/30 15:00:00,2099/12/31 23:59:59,1,小小的勇气·万圣节之夜！,20018,5025,5,0
2021/10/28 15:00:00,2099/12/31 23:59:59,1,龙之探索者,20019,5027,5,0
2021/11/25 15:00:00,2099/12/31 23:59:59,1,礼物大恐慌！　兰德索尔的圣诞老人们,20020,5029,5,0
2021/12/26 15:00:00,2099/12/31 23:59:59,1,狂奔！　兰德索尔公会竞速赛,20021,5031,5,0
2022/01/24 15:00:00,2099/12/31 23:59:59,1,魔法少女　二人是Misty＆Purely,20022,5033,5,0
2022/02/25 15:00:00,2099/12/31 23:59:59,1,星光公主　Re:M@STER！,10062,5035,5,0
2022/02/25 15:00:00,2099/12/31 23:59:59,1,星光公主　Re:M@STER！,10063,5036,5,0
2022/03/26 15:00:00,2099/12/31 23:59:59,1,恩赐的财团与神圣学院的问题儿童,20023,5038,5,0
2022/04/24 15:00:00,2099/12/31 23:59:59,1,牧场里的四农士　贫穷农场奋斗记！,20024,5040,5,0
2022/05/26 15:00:00,2099/12/31 23:59:59,1,不可思议之国的璃乃　小小爱丽丝与希望的绘本,20025,5042,5,0
2022/06/24 15:00:00,2099/12/31 23:59:59,1,七夕剑客旅情谭　天际川流夏之恋,20026,5044,5,0
2022/07/26 15:00:00,2099/12/31 23:59:59,1,美里的夏日应援！　追梦的盛夏棒球队,20027,5046,5,0
2022/08/25 15:00:00,2099/12/31 23:59:59,1,快乐变身 双生天使,20028,5048,5,0
2022/09/23 15:00:00,2099/12/31 23:59:59,1,尖叫！连连！万圣鬼怪狂欢节,20029,5050,5,0
2022/10/25 15:00:00,2099/12/31 23:59:59,1,魔法提督Lovely★莫妮卡　\nLet's Go！魔法的四重奏！,20030,5052,5,0
2022/11/25 15:00:00,2099/12/31 23:59:59,1,初次登场·香格里拉　圣夜的爱情游戏,20031,5054,5,0
2022/12/26 15:00:00,2099/12/31 23:59:59,1,新春美食公主！　孤注一掷的少女们,20032,5056,5,0
2024/02/05 15:00:00,2099/12/31 23:59:59,1,情相连。心相系。,20033,5058,5,0
2024/02/05 15:00:00,2099/12/31 23:59:59,1,情相连。心相系。,20034,5059,5,0
2023/02/24 15:00:00,2099/12/31 23:59:59,1,灰姑娘课程　璀璨的日子是苹果的滋味,20035,5061,5,0
2023/03/27 15:00:00,2099/12/31 23:59:59,1,钢铁圣女与神圣学院的问题儿童,20036,5064,5,0
2023/04/25 15:00:00,2099/12/31 23:59:59,1,祈梨SOS！！　时间旅行的龙族们,20037,5066,5,0
2023/05/25 15:00:00,2099/12/31 23:59:59,1,心电感应！\n碧与她的玩具朋友,20038,5068,5,0
2023/06/26 15:00:00,2099/12/31 23:59:59,1,无限夏日计划　\n两人独占的盛夏乐园,20039,5070,5,0
2023/07/26 15:00:00,2099/12/31 23:59:59,1,慈乐之音的夏日演唱会　\n转瞬即逝的时光！,20040,5072,5,0
2023/08/26 15:00:00,2099/12/31 23:59:59,1,大江户的非法病历　\nDr.深月的诊疗室,20041,5074,5,0
2023/09/25 15:00:00,2099/12/31 23:59:59,1,万圣节救援队·紧急出动！　捕获毛茸茸大作战,20042,5076,5,0
2023/10/26 15:00:00,2099/12/31 23:59:59,1,魔法少女外传　\n黑暗魔法★三人组！,20043,5078,5,0
2023/11/26 15:00:00,2099/12/31 23:59:59,1,圣诞布丁快乐！　\n飞舞的少女与饱含真情的点心,20044,5080,5,0
2023/12/25 15:00:00,2099/12/31 23:59:59,1,新春美食回忆录　\n雪菲的跑腿大作战！,20045,5082,5,0
2024/01/26 15:00:00,2099/12/31 23:59:59,1,Re:member　我的愿望所编织的未来,20046,5084,5,0
2024/01/26 15:00:00,2099/12/31 23:59:59,1,Re:member　我的愿望所编织的未来,20047,5085,5,0
2024/02/26 15:00:00,2099/12/31 23:59:59,1,Sweet tiny stage！　\n新人女演员与小小淑女,20048,5088,5,0
2024/3/24 15:00:00,2099/12/31 23:59:59,1,交出宝物！　神出鬼没的怪盗,20049,5090,5,0
2024/4/26 15:00:00,2099/12/31 23:59:59,1,海盗逸话　\n海盗岛被诅咒的遗宝,20050,5092,5,0
2024/5/24 15:00:00,2099/12/31 23:59:59,1,Enjoy&Refresh！性格迥异的女子露营,20051,5094,5,0
2024/6/24 15:00:00,2099/12/31 23:59:59,1,破晓之星夏日游戏　\n闪耀于夏天海边的三份思念,20052,5096,5,0
2024/7/26 15:00:00,2099/12/31 23:59:59,1,点滴夏日回忆　\n在海边发现的小小幸福,20053,5098,5,0
2024/8/26 15:00:00,2099/12/31 23:59:59,1,真步真步奇妙之旅！\n旅行的少女与世界尽头的大树,20054,5100,5,0
2024/9/25 15:00:00,2099/12/31 23:59:59,1,点赞！收藏！大集合！　\n至高的庆典与少女隐藏的爱好,20055,5102,5,0
2024/10/25 15:00:00,2099/12/31 23:59:59,1,部落精神　\n高举之剑与荣耀之桥,20056,5104,5,0
2024/11/25 15:00:00,2099/12/31 23:59:59,1,快乐进行时　\n幸福的双子天使与圣诞夜礼物,20057,5106,5,0
2024/12/24 15:00:00,2099/12/31 23:59:59,1,温泉忘年奇谭　\n为新年的日出干杯,20058,5108,5,0
2025/01/24 15:00:00,2099/12/31 23:59:59,1,解放伊甸园　\n在终将再会的未来,20059,5110,5,0
2025/01/24 15:00:00,2099/12/31 23:59:59,1,解放伊甸园　\n在终将再会的未来,20060,5111,5,0
2025/02/21 15:00:00,2099/12/31 23:59:59,1,猫与粗点心咖啡厅　\n欢迎来到甜食党咖啡店,20061,5114,5,0
2025/03/27 15:00:00,2099/12/31 23:59:59,1,Dears　\n欢迎回来与我回来了的约定,20062,5116,5,0
2025/04/11 15:00:00,2099/12/31 23:59:59,1,连结・这片・碧蓝　\n直至少女到达天际,20063,5118,5,0
2025/04/26 15:00:00,2099/12/31 23:59:59,1,吸血鬼传闻　\n夜与美的盛宴,20064,5120,5,0
2025/05/11 15:00:00,2099/12/31 23:59:59,1,排干大间海水大作战　秘密主义者与禁断之海,10149,5122,5,0
2025/05/26 15:00:00,2099/12/31 23:59:59,1,战栗幽奇海岸　\n～夏日度假村惊悚怪谈～,10151,5124,5,0
2025/06/26 15:00:00,2099/12/31 23:59:59,1,魔法师的青春日常　魔法学院与奇迹之钟,10155,5126,5,0
2025/07/12 15:00:00,2099/12/31 23:59:59,1,浪漫萨拉萨利亚　\n～沙漠的新娘和不可思议的神灯～,10157,5128,5,0
2025/07/27 15:00:00,2099/12/31 23:59:59,1,Criminal Rookie　\n天使们的悖论,10159,5130,5,0
2025/08/11 15:00:00,2099/12/31 23:59:59,1,Cry・Baby・Christmas　为谁存在的幸福之日,10161,5132,5,0
2025/08/25 15:00:00,2099/12/31 23:59:59,1,迎春梦想家们！　新年陨石碎碎平安！？,10163,5134,5,0
2025/09/11 15:00:00,2099/12/31 23:59:59,1,I Wish　\n紧紧握住这双手,10164,5136,5,0
2025/09/11 15:00:00,2099/12/31 23:59:59,1,I Wish　\n紧紧握住这双手,10165,5137,5,0
2025/10/09 15:00:00,2099/12/31 23:59:59,1,寒冬的盛夏与神圣学院的问题儿童,10166,5140,5,0
2025/10/16 15:00:00,2099/12/31 23:59:59,1,冷酷·火爆·新兵训练营　魔鬼教官与鞭子与……糖果？,10167,5142,5,0
2025/11/10 15:00:00,2099/12/31 23:59:59,1,花开时节的真挚情谊,10168,5144,5,0
2025/11/25 15:00:00,2099/12/31 23:59:59,1,奇幻梦想大游行\n宝石兔与秘密的伙伴们,10146,5146,5,0
2025/12/11 15:00:00,2099/12/31 23:59:59,1,集合吧做好事俱乐部！　\n美空的愉快暑假,10148,5148,5,0
2025/12/26 15:00:00,2099/12/31 23:59:59,1,幻惑的妖精　\n‐盛夏乐园中舞动的身影‐,10150,5150,5,0
2026/04/26 15:00:00,2099/12/31 23:59:59,1,Re: 从零开始的畅游异世界夏日,10152,5152,5,0
2026/01/25 15:00:00,2099/12/31 23:59:59,1,望的一日店长记　\n这里是阿尔凯斯炼金堂,10154,5154,5,0
2026/02/09 15:00:00,2099/12/31 23:59:59,1,Bandit Returns\n炎国的不法姐妹,10156,5156,5,0
2026/02/24 15:00:00,2099/12/31 23:59:59,1,Love & Punishment\n恶魔献上的圣诞节,10158,5158,5,0
2026/03/12 15:00:00,2099/12/31 23:59:59,1,迎春吉奥·矶汉拿　\n蛇少女与双丽剑士,10160,5160,5,0
