id,count,bg_id,character_id,voice_id,description,character_name,login_bonus_id,reward_type,reward_num,reward_id
1,1,0,0,0,,,20000,8,100,91002
2,1,0,0,0,,,20000,2,20,23001
3,2,0,0,0,,,20000,8,100,91002
4,2,0,0,0,,,20000,2,20,23001
5,3,0,0,0,,,20000,8,100,91002
6,3,0,0,0,,,20000,2,20,23001
7,4,0,0,0,,,20000,8,100,91002
8,4,0,0,0,,,20000,2,20,23001
9,5,0,0,0,,,20000,8,200,91002
10,5,0,0,0,,,20000,2,20,23001
11,6,0,0,0,,,20000,8,100,91002
12,6,0,0,0,,,20000,2,20,23001
13,7,0,0,0,,,20000,8,100,91002
14,7,0,0,0,,,20000,2,20,23001
15,8,0,0,0,,,20000,8,100,91002
16,8,0,0,0,,,20000,2,20,23001
17,9,0,0,0,,,20000,8,100,91002
18,9,0,0,0,,,20000,2,20,23001
19,10,0,0,0,,,20000,8,300,91002
20,10,0,0,0,,,20000,2,20,23001
21,1,0,0,0,,,30000,2,10000,25011
22,2,0,0,0,,,30000,2,10000,25012
23,3,0,0,0,,,30000,2,5000,25021
24,4,0,0,0,,,30000,8,50,91002
25,5,0,0,0,,,30000,2,10000,25013
26,6,0,0,0,,,30000,8,50,91002
27,7,0,0,0,,,30000,2,10000,25014
28,8,0,0,0,,,30000,2,5000,25021
29,9,0,0,0,,,30000,8,80,91002
30,10,0,0,0,,,30000,2,1,24001
31,11,0,0,0,,,30000,8,80,91002
32,12,0,0,0,,,30000,2,10000,25015
33,13,0,0,0,,,30000,2,5000,25021
34,14,0,0,0,,,30000,8,100,91002
35,15,0,0,0,,,30000,2,1,24001
36,1,0,0,0,,,40000,8,100,91002
37,1,0,107501,1,今天是纪念日，所以要庆祝！\n烤肉、寿司、比萨、蛋糕～☆\n能和你一起享受派对，\n好幸福～♪,佩可莉姆,40001,8,150,91002
38,2,0,107601,1,得益于主人的聪明才智，\n我们才能迎来这个纪念日\n真不愧是主人\n了不起，了不起♪,可可萝,40001,8,150,91002
39,3,0,107801,1,你干得不错嘛！\n让我有点……稍微……还、还是\n对你刮目相看了\n表扬你一下♪,凯露,40001,8,150,91002
40,4,0,107701,1,对于你我来说，\n今天是个特别的日子\n因为有你的支持，\n我才能努力下去！,铃莓,40001,8,150,91002
41,5,0,107901,1,今天对你来说\n是特别的纪念日喵\n一直很感谢\n你的努力喵～♪,珠希,40001,8,150,91002
42,6,0,107501,2,呜～刨冰吃太多，\n身体好冷……\n用你的体温来温暖我吧！\n抱紧——♪,佩可莉姆,40001,8,150,91002
43,7,0,107601,2,都说夏季充满了危险……\n可是，我会好好\n守护主人的,可可萝,40001,8,150,91002
44,8,0,107801,2,嗯～为什么会变成要和你\n度过一整个夏天呢……\n不过，还挺开心的，就这样吧！\n走，接下来去哪儿玩呢！,凯露,40001,8,150,91002
45,9,0,107701,2,和你度过的第一个夏天……\n我现在好期待啊\n快乐又美好的回忆，\n又要增加一个了呢♪,铃莓,40001,8,150,91002
46,10,0,107901,2,本来夏天是最能赚钱的时期，\n但是今年我想和你一起度过喵\n你愿意和我一起\n增加快乐的回忆吗喵？,珠希,40001,8,150,91002
57,1,0,0,0,,,40003,8,150,91002
58,2,0,0,0,,,40003,8,150,91002
59,3,0,0,0,,,40003,8,150,91002
60,4,0,0,0,,,40003,8,150,91002
61,5,0,0,0,,,40003,8,150,91002
62,6,0,0,0,,,40003,8,150,91002
63,7,0,0,0,,,40003,8,150,91002
64,8,0,0,0,,,40003,8,150,91002
65,9,0,0,0,,,40003,8,150,91002
66,10,0,0,0,,,40003,8,150,91002
67,1,0,0,0,,,40004,8,150,91002
68,2,0,0,0,,,40004,8,150,91002
69,3,0,0,0,,,40004,8,150,91002
70,4,0,0,0,,,40004,8,150,91002
71,5,0,0,0,,,40004,8,150,91002
72,6,0,0,0,,,40004,8,150,91002
73,7,0,0,0,,,40004,8,150,91002
74,8,0,0,0,,,40004,8,150,91002
75,9,0,0,0,,,40004,8,150,91002
76,10,0,0,0,,,40004,8,150,91002
87,1,0,0,0,,,70000,8,500,91002
88,2,0,0,0,,,70000,8,500,91002
89,1,0,0,0,,,70001,8,300,91002
90,2,0,0,0,,,70001,8,300,91002
91,3,0,0,0,,,70001,8,300,91002
92,1,500213,101201,1,,初音,80001,8,100,91002
93,2,500193,103601,1,,镜华,80001,8,100,91002
94,3,500263,101001,1,,真步,80001,8,100,91002
95,4,500164,102501,1,,铃莓,80001,8,100,91002
96,5,500284,104601,1,,珠希,80001,8,100,91002
97,6,500070,103201,1,,秋乃,80001,8,100,91002
98,7,500096,107101,1,,克莉丝提娜,80001,8,100,91002
99,8,500096,103701,1,,智,80001,8,100,91002
100,9,500264,100701,1,,宫子,80001,8,100,91002
101,10,500143,100901,1,,杏奈,80001,8,100,91002
102,11,500143,105601,1,,流夏,80001,8,100,91002
103,12,500114,102101,1,,胡桃,80001,8,100,91002
104,13,500600,101101,1,,璃乃,80001,8,100,91002
105,14,500040,100201,1,,优衣,80001,8,100,91002
106,15,500033,105801,1,,佩可莉姆,80001,8,100,91002
107,1,0,0,0,,,70002,8,500,91002
108,2,0,0,0,,,70002,8,500,91002
109,1,0,0,0,,,70003,8,300,91002
110,2,0,0,0,,,70003,8,300,91002
111,3,0,0,0,,,70003,8,300,91002
112,1,0,0,0,,,80002,8,100,91002
113,2,0,0,0,,,80002,8,100,91002
114,3,0,0,0,,,80002,8,100,91002
115,4,0,0,0,,,80002,8,100,91002
116,5,0,0,0,,,80002,8,100,91002
117,6,0,0,0,,,80002,8,100,91002
118,7,0,0,0,,,80002,8,100,91002
119,8,0,0,0,,,80002,8,100,91002
120,9,0,0,0,,,80002,8,100,91002
121,10,0,0,0,,,80002,8,100,91002
122,11,0,0,0,,,80002,8,100,91002
123,12,0,0,0,,,80002,8,100,91002
124,13,0,0,0,,,80002,8,100,91002
125,14,0,0,0,,,80002,8,100,91002
126,15,0,0,0,,,80002,8,100,91002
137,1,0,0,0,,,40007,8,150,91002
138,2,0,0,0,,,40007,8,150,91002
139,3,0,0,0,,,40007,8,150,91002
140,4,0,0,0,,,40007,8,150,91002
141,5,0,0,0,,,40007,8,150,91002
142,6,0,0,0,,,40007,8,150,91002
143,7,0,0,0,,,40007,8,150,91002
144,8,0,0,0,,,40007,8,150,91002
145,9,0,0,0,,,40007,8,150,91002
146,10,0,0,0,,,40007,8,150,91002
157,1,500371,0,1,,,80003,8,100,91002
158,2,500371,0,1,,,80003,8,100,91002
159,3,500033,0,1,,,80003,8,100,91002
160,4,500371,0,1,,,80003,8,100,91002
161,5,500033,0,1,,,80003,8,100,91002
162,6,500371,0,1,,,80003,8,100,91002
163,7,500367,0,1,,,80003,8,100,91002
164,8,500367,0,1,,,80003,8,100,91002
165,9,500367,0,1,,,80003,8,100,91002
166,10,500033,0,1,,,80003,8,100,91002
167,11,500033,0,1,,,80003,8,100,91002
168,12,500033,0,1,,,80003,8,100,91002
169,13,509020,0,1,,,80003,8,100,91002
170,14,500371,0,1,,,80003,8,100,91002
171,15,500033,0,1,,,80003,8,100,91002
183,1,0,0,0,,,70004,8,500,91002
184,2,0,0,0,,,70004,8,500,91002
185,1,0,0,0,,,70005,8,300,91002
186,2,0,0,0,,,70005,8,300,91002
187,3,0,0,0,,,70005,8,300,91002
188,1,530101,0,0,,,80004,8,100,91002
189,2,530102,0,0,,,80004,8,100,91002
190,3,530103,0,0,,,80004,8,100,91002
191,4,530104,0,0,,,80004,8,100,91002
192,5,530105,0,0,,,80004,8,100,91002
193,6,530106,0,0,,,80004,8,100,91002
194,7,530107,0,0,,,80004,8,100,91002
195,8,530108,0,0,,,80004,8,100,91002
196,9,530109,0,0,,,80004,8,100,91002
197,10,530110,0,0,,,80004,8,100,91002
198,11,530111,0,0,,,80004,8,100,91002
199,12,530112,0,0,,,80004,8,100,91002
200,13,530113,0,0,,,80004,8,100,91002
201,14,530114,0,0,,,80004,8,100,91002
202,15,530115,0,0,,,80004,8,100,91002
203,16,530116,0,0,,,80004,8,100,91002
204,17,530117,0,0,,,80004,8,100,91002
205,17,530117,0,0,,,80004,7,1,2805
206,1,0,0,0,,,40009,8,150,91002
207,2,0,0,0,,,40009,8,150,91002
208,3,0,0,0,,,40009,8,150,91002
209,4,0,0,0,,,40009,8,150,91002
210,5,0,0,0,,,40009,8,150,91002
211,6,0,0,0,,,40009,8,150,91002
212,7,0,0,0,,,40009,8,150,91002
213,8,0,0,0,,,40009,8,150,91002
214,9,0,0,0,,,40009,8,150,91002
215,10,0,0,0,,,40009,8,150,91002
216,1,500367,0,0,,,80005,8,100,91002
217,2,500367,0,0,,,80005,8,100,91002
218,3,500367,0,0,,,80005,8,100,91002
219,4,500367,0,0,,,80005,8,100,91002
220,5,500367,0,0,,,80005,8,100,91002
221,6,500367,0,0,,,80005,8,100,91002
222,7,500367,0,0,,,80005,8,100,91002
223,8,500367,0,0,,,80005,8,100,91002
224,9,500367,0,0,,,80005,8,100,91002
225,10,500367,0,0,,,80005,8,100,91002
226,11,500367,0,0,,,80005,8,100,91002
227,12,500367,0,0,,,80005,8,100,91002
228,13,500367,0,0,,,80005,8,100,91002
229,14,500367,0,0,,,80005,8,100,91002
230,15,500367,0,0,,,80005,8,100,91002
231,1,0,0,0,,,70006,8,500,91002
232,2,0,0,0,,,70006,8,500,91002
233,1,0,0,0,,,70007,8,300,91002
234,2,0,0,0,,,70007,8,300,91002
235,3,0,0,0,,,70007,8,300,91002
236,1,0,0,0,,,40010,8,150,91002
237,2,0,0,0,,,40010,8,150,91002
238,3,0,0,0,,,40010,8,150,91002
239,4,0,0,0,,,40010,8,150,91002
240,5,0,0,0,,,40010,8,150,91002
241,6,0,0,0,,,40010,8,150,91002
242,7,0,0,0,,,40010,8,150,91002
243,8,0,0,0,,,40010,8,150,91002
244,9,0,0,0,,,40010,8,150,91002
245,10,0,0,0,,,40010,8,150,91002
246,1,530121,0,0,,,80006,8,100,91002
247,2,530122,0,0,,,80006,8,100,91002
248,3,530123,0,0,,,80006,8,100,91002
249,4,530124,0,0,,,80006,8,100,91002
250,5,530125,0,0,,,80006,8,100,91002
251,6,530126,0,0,,,80006,8,100,91002
252,7,530127,0,0,,,80006,8,100,91002
253,8,530128,0,0,,,80006,8,100,91002
254,9,530129,0,0,,,80006,8,100,91002
255,10,530130,0,0,,,80006,8,100,91002
256,11,530131,0,0,,,80006,8,100,91002
257,12,530132,0,0,,,80006,8,100,91002
258,13,530133,0,0,,,80006,8,100,91002
259,14,530134,0,0,,,80006,8,100,91002
260,15,530135,0,0,,,80006,8,100,91002
261,16,530136,0,0,,,80006,8,100,91002
262,17,530137,0,0,,,80006,8,100,91002
263,17,530137,0,0,,,80006,7,1,2816
264,1,530123,0,0,,,80007,8,100,91002
265,2,530124,0,0,,,80007,8,100,91002
266,3,530125,0,0,,,80007,8,100,91002
267,4,530126,0,0,,,80007,8,100,91002
268,5,530127,0,0,,,80007,8,100,91002
269,6,530128,0,0,,,80007,8,100,91002
270,7,530129,0,0,,,80007,8,100,91002
271,8,530130,0,0,,,80007,8,100,91002
272,9,530131,0,0,,,80007,8,100,91002
273,10,530132,0,0,,,80007,8,100,91002
274,11,530133,0,0,,,80007,8,100,91002
275,12,530134,0,0,,,80007,8,100,91002
276,13,530135,0,0,,,80007,8,100,91002
277,14,530136,0,0,,,80007,8,100,91002
278,15,530137,0,0,,,80007,8,100,91002
279,15,530137,0,0,,,80007,16,1,9000215
280,15,530137,0,0,,,80007,16,1,9000216
281,1,0,0,0,,,70008,8,500,91002
282,2,0,0,0,,,70008,8,500,91002
283,1,0,0,0,,,70009,8,1000,91002
284,1,530141,0,0,,,80008,8,100,91002
285,2,530142,0,0,,,80008,8,100,91002
286,3,530143,0,0,,,80008,8,100,91002
287,4,530144,0,0,,,80008,8,100,91002
288,5,530145,0,0,,,80008,8,100,91002
289,6,530146,0,0,,,80008,8,100,91002
290,7,530147,0,0,,,80008,8,100,91002
291,8,530148,0,0,,,80008,8,100,91002
292,9,530149,0,0,,,80008,8,100,91002
293,10,530150,0,0,,,80008,8,100,91002
294,11,530151,0,0,,,80008,8,100,91002
295,12,530152,0,0,,,80008,8,100,91002
296,13,530153,0,0,,,80008,8,100,91002
297,14,530154,0,0,,,80008,8,100,91002
298,15,530155,0,0,,,80008,8,100,91002
299,16,530156,0,0,,,80008,8,100,91002
300,16,530156,0,0,,,80008,7,1,2830
301,1,0,0,0,,,20001,8,100,91002
302,1,0,0,0,,,20001,2,20,23001
303,2,0,0,0,,,20001,8,100,91002
304,2,0,0,0,,,20001,2,20,23001
305,3,0,0,0,,,20001,2,1,24016
306,3,0,0,0,,,20001,2,20,23001
307,4,0,0,0,,,20001,8,100,91002
308,4,0,0,0,,,20001,2,20,23001
309,5,0,0,0,,,20001,8,300,91002
310,5,0,0,0,,,20001,2,20,23001
311,6,0,0,0,,,20001,8,100,91002
312,6,0,0,0,,,20001,2,20,23001
313,7,0,0,0,,,20001,8,100,91002
314,7,0,0,0,,,20001,2,20,23001
315,8,0,0,0,,,20001,8,200,91002
316,8,0,0,0,,,20001,2,20,23001
317,9,0,0,0,,,20001,8,300,91002
318,9,0,0,0,,,20001,2,20,23001
319,10,0,0,0,,,20001,2,1,24016
320,10,0,0,0,,,20001,2,20,23001
321,1,0,125801,1,再过不久，就可以\n和大家见面了呢。\n感觉心脏跳得好快……\n,莉莉,40011,2,1,24001
322,2,0,126001,1,初次见面，我是可璃亚♪\n我非常期待和大家\n一起冒险的时光,可璃亚,40011,2,1,24001
323,3,0,126101,1,嗯……\n这个给你。\n拿着吧,普雷西娅,40011,2,1,24001
324,4,0,125801,2,容我自我介绍一下……\n我是【幻变少女】的\n公会会长，名叫莉莉,莉莉,40011,2,1,24001
325,5,0,126001,2,你好啊，哥哥♪\n我是【幻变少女】的\n可璃亚,可璃亚,40011,2,1,24001
326,6,0,126101,2,哥哥。\n我好开心看到你来了,普雷西娅,40011,2,1,24001
327,1,532001,0,0,,,80009,8,100,91002
328,2,532002,0,0,,,80009,8,100,91002
329,3,532003,0,0,,,80009,8,100,91002
330,4,532004,0,0,,,80009,8,100,91002
331,5,532005,0,0,,,80009,8,100,91002
332,6,532006,0,0,,,80009,8,100,91002
333,7,532007,0,0,,,80009,8,100,91002
334,8,532008,0,0,,,80009,8,100,91002
335,9,532009,0,0,,,80009,8,100,91002
336,10,532010,0,0,,,80009,8,100,91002
337,11,532011,0,0,,,80009,8,100,91002
338,12,532012,0,0,,,80009,8,100,91002
339,13,532013,0,0,,,80009,8,100,91002
340,14,532014,0,0,,,80009,8,100,91002
341,15,532015,0,0,,,80009,8,100,91002
342,1,0,0,0,,,40012,8,150,91002
343,2,0,0,0,,,40012,8,150,91002
344,3,0,0,0,,,40012,18,1,4203402
345,4,0,0,0,,,40012,8,150,91002
346,5,0,0,0,,,40012,8,150,91002
347,6,0,0,0,,,40012,18,1,4201402
348,7,0,0,0,,,40012,8,150,91002
349,8,0,0,0,,,40012,8,300,91002
350,1,0,0,0,,,70010,8,500,91002
351,1,0,0,0,,,70012,2,1,41000
352,1,0,0,0,,,70011,8,1000,91002
353,1,530157,0,0,,,80010,8,100,91002
354,2,530158,0,0,,,80010,8,100,91002
355,3,530159,0,0,,,80010,8,100,91002
356,4,530160,0,0,,,80010,8,100,91002
357,5,530161,0,0,,,80010,8,100,91002
358,6,530162,0,0,,,80010,8,100,91002
359,7,530163,0,0,,,80010,8,100,91002
360,8,530164,0,0,,,80010,8,100,91002
361,9,530165,0,0,,,80010,8,100,91002
362,10,530166,0,0,,,80010,8,100,91002
363,11,530167,0,0,,,80010,8,100,91002
364,12,530168,0,0,,,80010,8,100,91002
365,12,530173,0,0,,,80010,7,1,2844
366,13,530169,0,0,,,80010,8,100,91002
367,13,530173,0,0,,,80010,7,1,2846
368,14,530170,0,0,,,80010,8,100,91002
369,14,530173,0,0,,,80010,7,1,2845
370,15,530171,0,0,,,80010,8,100,91002
371,15,530173,0,0,,,80010,7,5,2843
372,16,530172,0,0,,,80010,8,100,91002
373,16,530173,0,0,,,80010,7,1,2842
374,1,0,0,0,,,40013,16,1,9000236
375,1,0,0,0,,,40013,16,1,9000237
376,1,0,0,0,,,40013,16,1,9000238
377,1,0,0,0,,,40013,16,1,9000239
378,1,532001,0,0,,,80011,8,100,91002
379,2,532002,0,0,,,80011,8,100,91002
380,3,532003,0,0,,,80011,8,100,91002
381,4,532004,0,0,,,80011,8,100,91002
382,5,532005,0,0,,,80011,8,100,91002
383,6,532006,0,0,,,80011,8,100,91002
384,7,532007,0,0,,,80011,8,100,91002
385,8,532008,0,0,,,80011,8,100,91002
386,9,532009,0,0,,,80011,8,100,91002
387,10,532010,0,0,,,80011,8,100,91002
388,11,532011,0,0,,,80011,8,100,91002
389,12,532012,0,0,,,80011,8,100,91002
390,13,532013,0,0,,,80011,8,100,91002
391,14,532014,0,0,,,80011,8,100,91002
392,15,532015,0,0,,,80011,8,100,91002
393,1,0,0,0,,,40014,18,1,4305403
394,2,0,0,0,,,40014,16,1,9000242
400,1,0,0,0,,,70013,8,1000,91002
401,1,0,0,0,,,70014,8,500,91002
402,1,0,0,0,,,70015,2,1,41000
403,1,530208,0,0,,,80012,8,100,91002
404,2,530209,0,0,,,80012,8,100,91002
405,3,530210,0,0,,,80012,8,100,91002
406,4,530211,0,0,,,80012,8,100,91002
407,5,530212,0,0,,,80012,8,100,91002
408,6,530213,0,0,,,80012,8,100,91002
409,7,530214,0,0,,,80012,8,100,91002
410,8,530215,0,0,,,80012,8,100,91002
1001,1,0,0,0,,,48001,8,300,91002
1002,2,0,0,0,,,48001,8,100,91002
1003,3,0,0,0,,,48001,8,100,91002
1004,4,0,0,0,,,48001,8,100,91002
1005,5,0,0,0,,,48001,8,100,91002
1006,6,0,0,0,,,48001,8,100,91002
1007,7,0,0,0,,,48001,8,200,91002
1008,8,0,0,0,,,48001,8,100,91002
1009,9,0,0,0,,,48001,8,100,91002
1010,10,0,0,0,,,48001,8,300,91002
1011,1,0,0,0,,,48002,8,300,91002
1012,2,0,0,0,,,48002,8,100,91002
1013,3,0,0,0,,,48002,8,100,91002
1014,4,0,0,0,,,48002,8,200,91002
1015,5,0,0,0,,,48002,8,100,91002
1016,6,0,0,0,,,48002,8,100,91002
1017,7,0,0,0,,,48002,8,100,91002
1018,8,0,0,0,,,48002,8,100,91002
1019,9,0,0,0,,,48002,8,100,91002
1020,10,0,0,0,,,48002,8,300,91002
1021,1,0,0,0,,,48003,8,300,91002
1022,2,0,0,0,,,48003,8,100,91002
1023,3,0,0,0,,,48003,8,100,91002
1024,4,0,0,0,,,48003,8,100,91002
1025,5,0,0,0,,,48003,8,100,91002
1026,6,0,0,0,,,48003,8,100,91002
1027,7,0,0,0,,,48003,8,200,91002
1028,8,0,0,0,,,48003,8,100,91002
1029,9,0,0,0,,,48003,8,100,91002
1030,10,0,0,0,,,48003,8,300,91002
1031,1,0,0,0,,,48004,8,150,91002
1032,2,0,0,0,,,48004,8,150,91002
1033,3,0,0,0,,,48004,8,150,91002
1034,4,0,0,0,,,48004,8,150,91002
1035,5,0,0,0,,,48004,8,150,91002
1036,6,0,0,0,,,48004,8,150,91002
1037,7,0,0,0,,,48004,8,150,91002
1038,8,0,0,0,,,48004,8,150,91002
1039,9,0,0,0,,,48004,8,150,91002
1040,10,0,0,0,,,48004,8,150,91002
1041,1,0,0,0,,,48005,8,150,91002
1042,2,0,0,0,,,48005,8,150,91002
1043,3,0,0,0,,,48005,8,150,91002
1044,4,0,0,0,,,48005,8,150,91002
1045,5,0,0,0,,,48005,8,150,91002
1046,6,0,0,0,,,48005,8,150,91002
1047,7,0,0,0,,,48005,8,150,91002
1048,8,0,0,0,,,48005,8,150,91002
1049,9,0,0,0,,,48005,8,150,91002
1050,10,0,0,0,,,48005,8,150,91002
1051,1,0,0,0,,,48006,8,150,91002
1052,2,0,0,0,,,48006,8,150,91002
1053,3,0,0,0,,,48006,8,150,91002
1054,4,0,0,0,,,48006,8,150,91002
1055,5,0,0,0,,,48006,8,150,91002
1056,6,0,0,0,,,48006,8,150,91002
1057,7,0,0,0,,,48006,8,150,91002
1058,8,0,0,0,,,48006,8,150,91002
1059,9,0,0,0,,,48006,8,150,91002
1060,10,0,0,0,,,48006,8,150,91002
1061,1,0,0,0,,,48007,8,150,91002
1062,2,0,0,0,,,48007,8,150,91002
1063,3,0,0,0,,,48007,8,150,91002
1064,4,0,0,0,,,48007,8,150,91002
1065,5,0,0,0,,,48007,8,150,91002
1066,6,0,0,0,,,48007,8,150,91002
1067,7,0,0,0,,,48007,8,150,91002
1068,8,0,0,0,,,48007,8,150,91002
1069,9,0,0,0,,,48007,8,150,91002
1070,10,0,0,0,,,48007,8,150,91002
1071,1,0,0,0,,,49004,2,2,20005
1072,1,0,0,0,,,49004,6,200,93001
1073,2,0,0,0,,,49004,2,2,24001
1074,2,0,0,0,,,49004,6,200,93001
1075,3,0,0,0,,,49004,8,300,91002
1076,3,0,0,0,,,49004,6,200,93001
1077,4,0,0,0,,,49004,2,1,25001
1078,4,0,0,0,,,49004,6,200,93001
1079,5,0,0,0,,,49004,8,200,91002
1080,5,0,0,0,,,49004,6,200,93001
1081,6,0,0,0,,,49004,2,2,24001
1082,6,0,0,0,,,49004,6,200,93001
1083,7,0,0,0,,,49004,2,2,1024001
1084,7,0,0,0,,,49004,6,200,93001
1085,1,0,0,0,,,49005,2,2,20005
1086,1,0,0,0,,,49005,6,200,93001
1087,2,0,0,0,,,49005,2,2,24001
1088,2,0,0,0,,,49005,6,200,93001
1089,3,0,0,0,,,49005,8,300,91002
1090,3,0,0,0,,,49005,6,200,93001
1091,4,0,0,0,,,49005,2,1,25001
1092,4,0,0,0,,,49005,6,200,93001
1093,5,0,0,0,,,49005,8,200,91002
1094,5,0,0,0,,,49005,6,200,93001
1095,6,0,0,0,,,49005,2,2,24001
1096,6,0,0,0,,,49005,6,200,93001
1097,7,0,0,0,,,49005,2,2,1024002
1098,7,0,0,0,,,49005,6,200,93001
1099,1,0,0,0,,,49006,2,2,20005
1100,1,0,0,0,,,49006,6,200,93001
1101,2,0,0,0,,,49006,2,2,24001
1102,2,0,0,0,,,49006,6,200,93001
1103,3,0,0,0,,,49006,8,300,91002
1104,3,0,0,0,,,49006,6,200,93001
1105,4,0,0,0,,,49006,2,1,25001
1106,4,0,0,0,,,49006,6,200,93001
1107,5,0,0,0,,,49006,8,200,91002
1108,5,0,0,0,,,49006,6,200,93001
1109,6,0,0,0,,,49006,2,2,24001
1110,6,0,0,0,,,49006,6,200,93001
1111,7,0,0,0,,,49006,2,2,1024003
1112,7,0,0,0,,,49006,6,200,93001
1113,1,0,0,0,,,49007,2,2,20005
1114,1,0,0,0,,,49007,6,200,93001
1115,2,0,0,0,,,49007,2,2,24001
1116,2,0,0,0,,,49007,6,200,93001
1117,3,0,0,0,,,49007,8,300,91002
1118,3,0,0,0,,,49007,6,200,93001
1119,4,0,0,0,,,49007,2,1,25001
1120,4,0,0,0,,,49007,6,200,93001
1121,5,0,0,0,,,49007,8,200,91002
1122,5,0,0,0,,,49007,6,200,93001
1123,6,0,0,0,,,49007,2,2,24001
1124,6,0,0,0,,,49007,6,200,93001
1125,7,0,0,0,,,49007,2,2,1024004
1126,7,0,0,0,,,49007,6,200,93001
1127,1,0,0,0,,,49008,2,2,20005
1128,1,0,0,0,,,49008,6,200,93001
1129,2,0,0,0,,,49008,2,2,24001
1130,2,0,0,0,,,49008,6,200,93001
1131,3,0,0,0,,,49008,8,300,91002
1132,3,0,0,0,,,49008,6,200,93001
1133,4,0,0,0,,,49008,2,1,25001
1134,4,0,0,0,,,49008,6,200,93001
1135,5,0,0,0,,,49008,8,200,91002
1136,5,0,0,0,,,49008,6,200,93001
1137,6,0,0,0,,,49008,2,2,24001
1138,6,0,0,0,,,49008,6,200,93001
1139,7,0,0,0,,,49008,2,2,1024005
1140,7,0,0,0,,,49008,6,200,93001
1141,1,0,0,0,,,49009,2,2,20005
1142,1,0,0,0,,,49009,6,200,93001
1143,2,0,0,0,,,49009,2,2,24001
1144,2,0,0,0,,,49009,6,200,93001
1145,3,0,0,0,,,49009,8,300,91002
1146,3,0,0,0,,,49009,6,200,93001
1147,4,0,0,0,,,49009,2,1,25001
1148,4,0,0,0,,,49009,6,200,93001
1149,5,0,0,0,,,49009,8,200,91002
1150,5,0,0,0,,,49009,6,200,93001
1151,6,0,0,0,,,49009,2,2,24001
1152,6,0,0,0,,,49009,6,200,93001
1153,7,0,0,0,,,49009,2,2,1024006
1154,7,0,0,0,,,49009,6,200,93001
1155,1,0,0,0,,,49010,2,2,20005
1156,1,0,0,0,,,49010,6,200,93001
1157,2,0,0,0,,,49010,2,2,24001
1158,2,0,0,0,,,49010,6,200,93001
1159,3,0,0,0,,,49010,8,300,91002
1160,3,0,0,0,,,49010,6,200,93001
1161,4,0,0,0,,,49010,2,1,25001
1162,4,0,0,0,,,49010,6,200,93001
1163,5,0,0,0,,,49010,8,200,91002
1164,5,0,0,0,,,49010,6,200,93001
1165,6,0,0,0,,,49010,2,2,24001
1166,6,0,0,0,,,49010,6,200,93001
1167,7,0,0,0,,,49010,2,2,1024007
1168,7,0,0,0,,,49010,6,200,93001
1169,1,0,0,0,,,49011,6,200,93001
1170,2,0,0,0,,,49011,2,2,24001
1171,2,0,0,0,,,49011,6,200,93001
1172,3,0,0,0,,,49011,8,300,91002
1173,3,0,0,0,,,49011,6,200,93001
1174,4,0,0,0,,,49011,2,1,25001
1175,4,0,0,0,,,49011,6,200,93001
1176,5,0,0,0,,,49011,8,200,91002
1177,5,0,0,0,,,49011,6,200,93001
1178,6,0,0,0,,,49011,2,2,24001
1179,6,0,0,0,,,49011,6,200,93001
1180,7,0,0,0,,,49011,2,2,1024008
1181,7,0,0,0,,,49011,6,200,93001
1182,1,0,0,0,,,49012,2,2,20005
1183,1,0,0,0,,,49012,6,200,93001
1184,2,0,0,0,,,49012,2,2,24001
1185,2,0,0,0,,,49012,6,200,93001
1186,3,0,0,0,,,49012,8,300,91002
1187,3,0,0,0,,,49012,6,200,93001
1188,4,0,0,0,,,49012,2,1,25001
1189,4,0,0,0,,,49012,6,200,93001
1190,5,0,0,0,,,49012,8,200,91002
1191,5,0,0,0,,,49012,6,200,93001
1192,6,0,0,0,,,49012,2,2,24001
1193,6,0,0,0,,,49012,6,200,93001
1194,7,0,0,0,,,49012,2,2,1024009
1195,7,0,0,0,,,49012,6,200,93001
1196,1,0,0,0,,,49013,2,2,20005
1197,1,0,0,0,,,49013,6,200,93001
1198,2,0,0,0,,,49013,2,2,24001
1199,2,0,0,0,,,49013,6,200,93001
1200,3,0,0,0,,,49013,8,300,91002
1201,3,0,0,0,,,49013,6,200,93001
1202,4,0,0,0,,,49013,2,1,25001
1203,4,0,0,0,,,49013,6,200,93001
1204,5,0,0,0,,,49013,8,200,91002
1205,5,0,0,0,,,49013,6,200,93001
1206,6,0,0,0,,,49013,2,2,24001
1207,6,0,0,0,,,49013,6,200,93001
1208,7,0,0,0,,,49013,2,2,1024010
1209,7,0,0,0,,,49013,6,200,93001
1210,1,0,0,0,,,49014,2,2,20005
1211,1,0,0,0,,,49014,6,200,93001
1212,2,0,0,0,,,49014,2,2,24001
1213,2,0,0,0,,,49014,6,200,93001
1214,3,0,0,0,,,49014,8,300,91002
1215,3,0,0,0,,,49014,6,200,93001
1216,4,0,0,0,,,49014,2,1,25001
1217,4,0,0,0,,,49014,6,200,93001
1218,5,0,0,0,,,49014,8,200,91002
1219,5,0,0,0,,,49014,6,200,93001
1220,6,0,0,0,,,49014,2,2,24001
1221,6,0,0,0,,,49014,6,200,93001
1222,7,0,0,0,,,49014,2,2,1024011
1223,7,0,0,0,,,49014,6,200,93001
1224,1,0,0,0,,,49015,2,2,20005
1225,1,0,0,0,,,49015,6,200,93001
1226,2,0,0,0,,,49015,2,2,24001
1227,2,0,0,0,,,49015,6,200,93001
1228,3,0,0,0,,,49015,8,300,91002
1229,3,0,0,0,,,49015,6,200,93001
1230,4,0,0,0,,,49015,2,1,25001
1231,4,0,0,0,,,49015,6,200,93001
1232,5,0,0,0,,,49015,8,200,91002
1233,5,0,0,0,,,49015,6,200,93001
1234,6,0,0,0,,,49015,2,2,24001
1235,6,0,0,0,,,49015,6,200,93001
1236,7,0,0,0,,,49015,2,2,1024012
1237,7,0,0,0,,,49015,6,200,93001
1238,1,0,0,0,,,49016,2,2,20005
1239,1,0,0,0,,,49016,6,200,93001
1240,2,0,0,0,,,49016,2,2,24001
1241,2,0,0,0,,,49016,6,200,93001
1242,3,0,0,0,,,49016,8,300,91002
1243,3,0,0,0,,,49016,6,200,93001
1244,4,0,0,0,,,49016,2,1,25001
1245,4,0,0,0,,,49016,6,200,93001
1246,5,0,0,0,,,49016,8,200,91002
1247,5,0,0,0,,,49016,6,200,93001
1248,6,0,0,0,,,49016,2,2,24001
1249,6,0,0,0,,,49016,6,200,93001
1250,7,0,0,0,,,49016,2,2,1024013
1251,7,0,0,0,,,49016,6,200,93001
1252,1,0,0,0,,,49017,2,2,20005
1253,1,0,0,0,,,49017,6,200,93001
1254,2,0,0,0,,,49017,2,2,24001
1255,2,0,0,0,,,49017,6,200,93001
1256,3,0,0,0,,,49017,8,300,91002
1257,3,0,0,0,,,49017,6,200,93001
1258,4,0,0,0,,,49017,2,1,25001
1259,4,0,0,0,,,49017,6,200,93001
1260,5,0,0,0,,,49017,8,200,91002
1261,5,0,0,0,,,49017,6,200,93001
1262,6,0,0,0,,,49017,2,2,24001
1263,6,0,0,0,,,49017,6,200,93001
1264,7,0,0,0,,,49017,2,2,1024014
1265,7,0,0,0,,,49017,6,200,93001
1266,1,0,0,0,,,49018,2,2,20005
1267,1,0,0,0,,,49018,6,200,93001
1268,2,0,0,0,,,49018,2,2,24001
1269,2,0,0,0,,,49018,6,200,93001
1270,3,0,0,0,,,49018,8,300,91002
1271,3,0,0,0,,,49018,6,200,93001
1272,4,0,0,0,,,49018,2,1,25001
1273,4,0,0,0,,,49018,6,200,93001
1274,5,0,0,0,,,49018,8,200,91002
1275,5,0,0,0,,,49018,6,200,93001
1276,6,0,0,0,,,49018,2,2,24001
1277,6,0,0,0,,,49018,6,200,93001
1278,7,0,0,0,,,49018,2,2,1024015
1279,7,0,0,0,,,49018,6,200,93001
1280,1,0,0,0,,,49019,2,2,20005
1281,1,0,0,0,,,49019,6,200,93001
1282,2,0,0,0,,,49019,2,2,24001
1283,2,0,0,0,,,49019,6,200,93001
1284,3,0,0,0,,,49019,8,300,91002
1285,3,0,0,0,,,49019,6,200,93001
1286,4,0,0,0,,,49019,2,1,25001
1287,4,0,0,0,,,49019,6,200,93001
1288,5,0,0,0,,,49019,8,200,91002
1289,5,0,0,0,,,49019,6,200,93001
1290,6,0,0,0,,,49019,2,2,24001
1291,6,0,0,0,,,49019,6,200,93001
1292,7,0,0,0,,,49019,2,2,1024016
1293,7,0,0,0,,,49019,6,200,93001
10395,1,0,0,0,,,40015,8,500,91002
10396,1,0,0,0,,,40015,2,10000,25011
10397,1,0,0,0,,,40015,2,3000,25021
10398,2,0,0,0,,,40015,2,3000,90008
10399,2,0,0,0,,,40015,2,10000,25012
10400,2,0,0,0,,,40015,2,3000,25021
10401,3,0,0,0,,,40015,8,500,91002
10402,3,0,0,0,,,40015,2,10000,25013
10403,3,0,0,0,,,40015,2,3000,25021
10404,4,0,0,0,,,40015,2,3000,90008
10405,4,0,0,0,,,40015,2,10000,25014
10406,4,0,0,0,,,40015,2,3000,25021
10407,5,0,0,0,,,40015,8,1000,91002
10408,5,0,0,0,,,40015,2,10000,25015
10409,5,0,0,0,,,40015,2,3000,25021
