wave_energy_recovery,accuracy,magic_penetrate,life_steal,unit_id,magic_str,hp_recovery_rate,physical_critical,dodge,def,magic_critical,physical_penetrate,energy_recovery_rate,wave_hp_recovery,energy_reduce_rate,magic_def,promotion_level,atk,hp
0.0,0.0,0.0,0.0,100101,0.0,0.0,0.0,0.0,0.0,0.0,0.0,10.0,0.0,0.0,0.0,36,2700.0,0.0
0.0,0.0,0.0,0.0,100101,0.0,0.0,0.0,0.0,0.0,0.0,0.0,10.0,0.0,0.0,0.0,37,2700.0,0.0
0.0,0.0,0.0,0.0,100201,2700.0,0.0,0.0,0.0,0.0,0.0,0.0,10.0,0.0,0.0,0.0,36,0.0,0.0
0.0,0.0,0.0,0.0,100201,2700.0,0.0,0.0,0.0,0.0,0.0,0.0,10.0,0.0,0.0,0.0,37,0.0,0.0
0.0,0.0,0.0,0.0,100301,0.0,0.0,0.0,0.0,0.0,0.0,0.0,10.0,0.0,0.0,0.0,36,2700.0,0.0
0.0,0.0,0.0,0.0,100301,0.0,0.0,0.0,0.0,0.0,0.0,0.0,10.0,0.0,0.0,0.0,37,2700.0,0.0
0.0,0.0,0.0,0.0,100401,0.0,0.0,0.0,0.0,0.0,0.0,0.0,10.0,0.0,0.0,0.0,36,2700.0,0.0
0.0,0.0,0.0,0.0,100401,0.0,0.0,0.0,0.0,0.0,0.0,0.0,10.0,0.0,0.0,0.0,37,2700.0,0.0
0.0,0.0,0.0,0.0,100501,0.0,0.0,0.0,0.0,0.0,0.0,0.0,10.0,0.0,0.0,0.0,36,2700.0,0.0
0.0,0.0,0.0,0.0,100501,0.0,0.0,0.0,0.0,0.0,0.0,0.0,10.0,0.0,0.0,0.0,37,2700.0,0.0
0.0,0.0,0.0,0.0,100601,2700.0,0.0,0.0,0.0,0.0,0.0,0.0,10.0,0.0,0.0,0.0,36,0.0,0.0
0.0,0.0,0.0,0.0,100601,2700.0,0.0,0.0,0.0,0.0,0.0,0.0,10.0,0.0,0.0,0.0,37,0.0,0.0
0.0,0.0,0.0,0.0,100701,0.0,0.0,0.0,0.0,0.0,0.0,0.0,10.0,0.0,0.0,0.0,36,2700.0,0.0
0.0,0.0,0.0,0.0,100701,0.0,0.0,0.0,0.0,0.0,0.0,0.0,10.0,0.0,0.0,0.0,37,2700.0,0.0
0.0,0.0,0.0,0.0,100801,2700.0,0.0,0.0,0.0,0.0,0.0,0.0,10.0,0.0,0.0,0.0,36,0.0,0.0
0.0,0.0,0.0,0.0,100801,2700.0,0.0,0.0,0.0,0.0,0.0,0.0,10.0,0.0,0.0,0.0,37,0.0,0.0
0.0,0.0,0.0,0.0,100901,2700.0,0.0,0.0,0.0,0.0,0.0,0.0,10.0,0.0,0.0,0.0,36,0.0,0.0
0.0,0.0,0.0,0.0,100901,2700.0,0.0,0.0,0.0,0.0,0.0,0.0,10.0,0.0,0.0,0.0,37,0.0,0.0
0.0,0.0,0.0,0.0,101001,2700.0,0.0,0.0,0.0,0.0,0.0,0.0,10.0,0.0,0.0,0.0,36,0.0,0.0
0.0,0.0,0.0,0.0,101001,2700.0,0.0,0.0,0.0,0.0,0.0,0.0,10.0,0.0,0.0,0.0,37,0.0,0.0
0.0,0.0,0.0,0.0,101101,0.0,0.0,0.0,0.0,0.0,0.0,0.0,10.0,0.0,0.0,0.0,36,2700.0,0.0
0.0,0.0,0.0,0.0,101101,0.0,0.0,0.0,0.0,0.0,0.0,0.0,10.0,0.0,0.0,0.0,37,2700.0,0.0
0.0,0.0,0.0,0.0,101201,2700.0,0.0,0.0,0.0,0.0,0.0,0.0,10.0,0.0,0.0,0.0,36,0.0,0.0
0.0,0.0,0.0,0.0,101201,2700.0,0.0,0.0,0.0,0.0,0.0,0.0,10.0,0.0,0.0,0.0,37,0.0,0.0
0.0,0.0,0.0,0.0,101301,2700.0,0.0,0.0,0.0,0.0,0.0,0.0,10.0,0.0,0.0,0.0,36,0.0,0.0
0.0,0.0,0.0,0.0,101301,2700.0,0.0,0.0,0.0,0.0,0.0,0.0,10.0,0.0,0.0,0.0,37,0.0,0.0
0.0,0.0,0.0,0.0,101401,2700.0,0.0,0.0,0.0,0.0,0.0,0.0,10.0,0.0,0.0,0.0,36,0.0,0.0
0.0,0.0,0.0,0.0,101401,2700.0,0.0,0.0,0.0,0.0,0.0,0.0,10.0,0.0,0.0,0.0,37,0.0,0.0
0.0,0.0,0.0,0.0,101501,2700.0,0.0,0.0,0.0,0.0,0.0,0.0,10.0,0.0,0.0,0.0,36,0.0,0.0
0.0,0.0,0.0,0.0,101501,2700.0,0.0,0.0,0.0,0.0,0.0,0.0,10.0,0.0,0.0,0.0,37,0.0,0.0
0.0,0.0,0.0,0.0,101601,0.0,0.0,0.0,0.0,0.0,0.0,0.0,10.0,0.0,0.0,0.0,36,2700.0,0.0
0.0,0.0,0.0,0.0,101601,0.0,0.0,0.0,0.0,0.0,0.0,0.0,10.0,0.0,0.0,0.0,37,2700.0,0.0
0.0,0.0,0.0,0.0,101701,0.0,0.0,0.0,0.0,0.0,0.0,0.0,10.0,0.0,0.0,0.0,36,2700.0,0.0
0.0,0.0,0.0,0.0,101701,0.0,0.0,0.0,0.0,0.0,0.0,0.0,10.0,0.0,0.0,0.0,37,2700.0,0.0
0.0,0.0,0.0,0.0,101801,2700.0,0.0,0.0,0.0,0.0,0.0,0.0,10.0,0.0,0.0,0.0,36,0.0,0.0
0.0,0.0,0.0,0.0,101801,2700.0,0.0,0.0,0.0,0.0,0.0,0.0,10.0,0.0,0.0,0.0,37,0.0,0.0
0.0,0.0,0.0,0.0,102001,0.0,0.0,0.0,0.0,0.0,0.0,0.0,10.0,0.0,0.0,0.0,36,2700.0,0.0
0.0,0.0,0.0,0.0,102001,0.0,0.0,0.0,0.0,0.0,0.0,0.0,10.0,0.0,0.0,0.0,37,2700.0,0.0
0.0,0.0,0.0,0.0,102101,0.0,0.0,0.0,0.0,0.0,0.0,0.0,10.0,0.0,0.0,0.0,36,2700.0,0.0
0.0,0.0,0.0,0.0,102101,0.0,0.0,0.0,0.0,0.0,0.0,0.0,10.0,0.0,0.0,0.0,37,2700.0,0.0
0.0,0.0,0.0,0.0,102201,2700.0,0.0,0.0,0.0,0.0,0.0,0.0,10.0,0.0,0.0,0.0,36,0.0,0.0
0.0,0.0,0.0,0.0,102201,2700.0,0.0,0.0,0.0,0.0,0.0,0.0,10.0,0.0,0.0,0.0,37,0.0,0.0
0.0,0.0,0.0,0.0,102301,0.0,0.0,0.0,0.0,0.0,0.0,0.0,10.0,0.0,0.0,0.0,36,2700.0,0.0
0.0,0.0,0.0,0.0,102301,0.0,0.0,0.0,0.0,0.0,0.0,0.0,10.0,0.0,0.0,0.0,37,2700.0,0.0
0.0,0.0,0.0,0.0,102501,2700.0,0.0,0.0,0.0,0.0,0.0,0.0,10.0,0.0,0.0,0.0,36,0.0,0.0
0.0,0.0,0.0,0.0,102501,2700.0,0.0,0.0,0.0,0.0,0.0,0.0,10.0,0.0,0.0,0.0,37,0.0,0.0
0.0,0.0,0.0,0.0,102601,0.0,0.0,0.0,0.0,0.0,0.0,0.0,10.0,0.0,0.0,0.0,36,2700.0,0.0
0.0,0.0,0.0,0.0,102601,0.0,0.0,0.0,0.0,0.0,0.0,0.0,10.0,0.0,0.0,0.0,37,2700.0,0.0
0.0,0.0,0.0,0.0,102701,0.0,0.0,0.0,0.0,0.0,0.0,0.0,10.0,0.0,0.0,0.0,36,2700.0,0.0
0.0,0.0,0.0,0.0,102701,0.0,0.0,0.0,0.0,0.0,0.0,0.0,10.0,0.0,0.0,0.0,37,2700.0,0.0
0.0,0.0,0.0,0.0,102801,0.0,0.0,0.0,0.0,0.0,0.0,0.0,10.0,0.0,0.0,0.0,36,2700.0,0.0
0.0,0.0,0.0,0.0,102801,0.0,0.0,0.0,0.0,0.0,0.0,0.0,10.0,0.0,0.0,0.0,37,2700.0,0.0
0.0,0.0,0.0,0.0,102901,0.0,0.0,0.0,0.0,0.0,0.0,0.0,10.0,0.0,0.0,0.0,36,2700.0,0.0
0.0,0.0,0.0,0.0,102901,0.0,0.0,0.0,0.0,0.0,0.0,0.0,10.0,0.0,0.0,0.0,37,2700.0,0.0
0.0,0.0,0.0,0.0,103001,0.0,0.0,0.0,0.0,0.0,0.0,0.0,10.0,0.0,0.0,0.0,36,2700.0,0.0
0.0,0.0,0.0,0.0,103001,0.0,0.0,0.0,0.0,0.0,0.0,0.0,10.0,0.0,0.0,0.0,37,2700.0,0.0
0.0,0.0,0.0,0.0,103101,0.0,0.0,0.0,0.0,0.0,0.0,0.0,10.0,0.0,0.0,0.0,36,2700.0,0.0
0.0,0.0,0.0,0.0,103101,0.0,0.0,0.0,0.0,0.0,0.0,0.0,10.0,0.0,0.0,0.0,37,2700.0,0.0
0.0,0.0,0.0,0.0,103201,0.0,0.0,0.0,0.0,0.0,0.0,0.0,10.0,0.0,0.0,0.0,36,2700.0,0.0
0.0,0.0,0.0,0.0,103201,0.0,0.0,0.0,0.0,0.0,0.0,0.0,10.0,0.0,0.0,0.0,37,2700.0,0.0
0.0,0.0,0.0,0.0,103301,0.0,0.0,0.0,0.0,0.0,0.0,0.0,10.0,0.0,0.0,0.0,36,2700.0,0.0
0.0,0.0,0.0,0.0,103301,0.0,0.0,0.0,0.0,0.0,0.0,0.0,10.0,0.0,0.0,0.0,37,2700.0,0.0
0.0,0.0,0.0,0.0,103401,0.0,0.0,0.0,0.0,0.0,0.0,0.0,10.0,0.0,0.0,0.0,36,2700.0,0.0
0.0,0.0,0.0,0.0,103401,0.0,0.0,0.0,0.0,0.0,0.0,0.0,10.0,0.0,0.0,0.0,37,2700.0,0.0
0.0,0.0,0.0,0.0,103601,2700.0,0.0,0.0,0.0,0.0,0.0,0.0,10.0,0.0,0.0,0.0,36,0.0,0.0
0.0,0.0,0.0,0.0,103601,2700.0,0.0,0.0,0.0,0.0,0.0,0.0,10.0,0.0,0.0,0.0,37,0.0,0.0
0.0,0.0,0.0,0.0,103701,0.0,0.0,0.0,0.0,0.0,0.0,0.0,10.0,0.0,0.0,0.0,36,2700.0,0.0
0.0,0.0,0.0,0.0,103701,0.0,0.0,0.0,0.0,0.0,0.0,0.0,10.0,0.0,0.0,0.0,37,2700.0,0.0
0.0,0.0,0.0,0.0,103801,0.0,0.0,0.0,0.0,0.0,0.0,0.0,10.0,0.0,0.0,0.0,36,2700.0,0.0
0.0,0.0,0.0,0.0,103801,0.0,0.0,0.0,0.0,0.0,0.0,0.0,10.0,0.0,0.0,0.0,37,2700.0,0.0
0.0,0.0,0.0,0.0,104001,0.0,0.0,0.0,0.0,0.0,0.0,0.0,10.0,0.0,0.0,0.0,36,2700.0,0.0
0.0,0.0,0.0,0.0,104001,0.0,0.0,0.0,0.0,0.0,0.0,0.0,10.0,0.0,0.0,0.0,37,2700.0,0.0
0.0,0.0,0.0,0.0,104201,2700.0,0.0,0.0,0.0,0.0,0.0,0.0,10.0,0.0,0.0,0.0,36,0.0,0.0
0.0,0.0,0.0,0.0,104201,2700.0,0.0,0.0,0.0,0.0,0.0,0.0,10.0,0.0,0.0,0.0,37,0.0,0.0
0.0,0.0,0.0,0.0,104301,0.0,0.0,0.0,0.0,0.0,0.0,0.0,10.0,0.0,0.0,0.0,36,2700.0,0.0
0.0,0.0,0.0,0.0,104301,0.0,0.0,0.0,0.0,0.0,0.0,0.0,10.0,0.0,0.0,0.0,37,2700.0,0.0
0.0,0.0,0.0,0.0,104401,2700.0,0.0,0.0,0.0,0.0,0.0,0.0,10.0,0.0,0.0,0.0,36,0.0,0.0
0.0,0.0,0.0,0.0,104401,2700.0,0.0,0.0,0.0,0.0,0.0,0.0,10.0,0.0,0.0,0.0,37,0.0,0.0
0.0,0.0,0.0,0.0,104501,0.0,0.0,0.0,0.0,0.0,0.0,0.0,10.0,0.0,0.0,0.0,36,2700.0,0.0
0.0,0.0,0.0,0.0,104501,0.0,0.0,0.0,0.0,0.0,0.0,0.0,10.0,0.0,0.0,0.0,37,2700.0,0.0
0.0,0.0,0.0,0.0,104601,0.0,0.0,0.0,0.0,0.0,0.0,0.0,10.0,0.0,0.0,0.0,36,2700.0,0.0
0.0,0.0,0.0,0.0,104601,0.0,0.0,0.0,0.0,0.0,0.0,0.0,10.0,0.0,0.0,0.0,37,2700.0,0.0
0.0,0.0,0.0,0.0,104701,0.0,0.0,0.0,0.0,0.0,0.0,0.0,10.0,0.0,0.0,0.0,36,2700.0,0.0
0.0,0.0,0.0,0.0,104701,0.0,0.0,0.0,0.0,0.0,0.0,0.0,10.0,0.0,0.0,0.0,37,2700.0,0.0
0.0,0.0,0.0,0.0,104801,0.0,0.0,0.0,0.0,0.0,0.0,0.0,10.0,0.0,0.0,0.0,36,2700.0,0.0
0.0,0.0,0.0,0.0,104801,0.0,0.0,0.0,0.0,0.0,0.0,0.0,10.0,0.0,0.0,0.0,37,2700.0,0.0
0.0,0.0,0.0,0.0,104901,0.0,0.0,0.0,0.0,0.0,0.0,0.0,10.0,0.0,0.0,0.0,36,2700.0,0.0
0.0,0.0,0.0,0.0,104901,0.0,0.0,0.0,0.0,0.0,0.0,0.0,10.0,0.0,0.0,0.0,37,2700.0,0.0
0.0,0.0,0.0,0.0,105001,2700.0,0.0,0.0,0.0,0.0,0.0,0.0,10.0,0.0,0.0,0.0,36,0.0,0.0
0.0,0.0,0.0,0.0,105001,2700.0,0.0,0.0,0.0,0.0,0.0,0.0,10.0,0.0,0.0,0.0,37,0.0,0.0
0.0,0.0,0.0,0.0,105101,0.0,0.0,0.0,0.0,0.0,0.0,0.0,10.0,0.0,0.0,0.0,36,2700.0,0.0
0.0,0.0,0.0,0.0,105101,0.0,0.0,0.0,0.0,0.0,0.0,0.0,10.0,0.0,0.0,0.0,37,2700.0,0.0
0.0,0.0,0.0,0.0,105201,0.0,0.0,0.0,0.0,0.0,0.0,0.0,10.0,0.0,0.0,0.0,36,2700.0,0.0
0.0,0.0,0.0,0.0,105201,0.0,0.0,0.0,0.0,0.0,0.0,0.0,10.0,0.0,0.0,0.0,37,2700.0,0.0
0.0,0.0,0.0,0.0,105301,0.0,0.0,0.0,0.0,0.0,0.0,0.0,10.0,0.0,0.0,0.0,36,2700.0,0.0
0.0,0.0,0.0,0.0,105301,0.0,0.0,0.0,0.0,0.0,0.0,0.0,10.0,0.0,0.0,0.0,37,2700.0,0.0
0.0,0.0,0.0,0.0,105401,0.0,0.0,0.0,0.0,0.0,0.0,0.0,10.0,0.0,0.0,0.0,36,2700.0,0.0
0.0,0.0,0.0,0.0,105401,0.0,0.0,0.0,0.0,0.0,0.0,0.0,10.0,0.0,0.0,0.0,37,2700.0,0.0
0.0,0.0,0.0,0.0,105501,0.0,0.0,0.0,0.0,0.0,0.0,0.0,10.0,0.0,0.0,0.0,36,2700.0,0.0
0.0,0.0,0.0,0.0,105501,0.0,0.0,0.0,0.0,0.0,0.0,0.0,10.0,0.0,0.0,0.0,37,2700.0,0.0
0.0,0.0,0.0,0.0,105601,0.0,0.0,0.0,0.0,0.0,0.0,0.0,10.0,0.0,0.0,0.0,36,2700.0,0.0
0.0,0.0,0.0,0.0,105601,0.0,0.0,0.0,0.0,0.0,0.0,0.0,10.0,0.0,0.0,0.0,37,2700.0,0.0
0.0,0.0,0.0,0.0,105701,0.0,0.0,0.0,0.0,0.0,0.0,0.0,10.0,0.0,0.0,0.0,36,2700.0,0.0
0.0,0.0,0.0,0.0,105701,0.0,0.0,0.0,0.0,0.0,0.0,0.0,10.0,0.0,0.0,0.0,37,2700.0,0.0
0.0,0.0,0.0,0.0,105801,0.0,0.0,0.0,0.0,0.0,0.0,0.0,10.0,0.0,0.0,0.0,36,2700.0,0.0
0.0,0.0,0.0,0.0,105801,0.0,0.0,0.0,0.0,0.0,0.0,0.0,10.0,0.0,0.0,0.0,37,2700.0,0.0
0.0,0.0,0.0,0.0,105901,0.0,0.0,0.0,0.0,0.0,0.0,0.0,10.0,0.0,0.0,0.0,36,2700.0,0.0
0.0,0.0,0.0,0.0,105901,0.0,0.0,0.0,0.0,0.0,0.0,0.0,10.0,0.0,0.0,0.0,37,2700.0,0.0
0.0,0.0,0.0,0.0,106001,2700.0,0.0,0.0,0.0,0.0,0.0,0.0,10.0,0.0,0.0,0.0,36,0.0,0.0
0.0,0.0,0.0,0.0,106001,2700.0,0.0,0.0,0.0,0.0,0.0,0.0,10.0,0.0,0.0,0.0,37,0.0,0.0
0.0,0.0,0.0,0.0,106101,0.0,0.0,0.0,0.0,0.0,0.0,0.0,10.0,0.0,0.0,0.0,36,2700.0,0.0
0.0,0.0,0.0,0.0,106101,0.0,0.0,0.0,0.0,0.0,0.0,0.0,10.0,0.0,0.0,0.0,37,2700.0,0.0
0.0,0.0,0.0,0.0,106301,0.0,0.0,0.0,0.0,0.0,0.0,0.0,10.0,0.0,0.0,0.0,36,2700.0,0.0
0.0,0.0,0.0,0.0,106301,0.0,0.0,0.0,0.0,0.0,0.0,0.0,10.0,0.0,0.0,0.0,37,2700.0,0.0
0.0,0.0,0.0,0.0,106401,0.0,0.0,0.0,0.0,0.0,0.0,0.0,10.0,0.0,0.0,0.0,36,2700.0,0.0
0.0,0.0,0.0,0.0,106401,0.0,0.0,0.0,0.0,0.0,0.0,0.0,10.0,0.0,0.0,0.0,37,2700.0,0.0
0.0,0.0,0.0,0.0,106501,0.0,0.0,0.0,0.0,0.0,0.0,0.0,10.0,0.0,0.0,0.0,36,2700.0,0.0
0.0,0.0,0.0,0.0,106501,0.0,0.0,0.0,0.0,0.0,0.0,0.0,10.0,0.0,0.0,0.0,37,2700.0,0.0
0.0,0.0,0.0,0.0,106601,0.0,0.0,0.0,0.0,0.0,0.0,0.0,10.0,0.0,0.0,0.0,36,2700.0,0.0
0.0,0.0,0.0,0.0,106601,0.0,0.0,0.0,0.0,0.0,0.0,0.0,10.0,0.0,0.0,0.0,37,2700.0,0.0
0.0,0.0,0.0,0.0,106701,2700.0,0.0,0.0,0.0,0.0,0.0,0.0,10.0,0.0,0.0,0.0,36,0.0,0.0
0.0,0.0,0.0,0.0,106701,2700.0,0.0,0.0,0.0,0.0,0.0,0.0,10.0,0.0,0.0,0.0,37,0.0,0.0
0.0,0.0,0.0,0.0,106801,0.0,0.0,0.0,0.0,0.0,0.0,0.0,10.0,0.0,0.0,0.0,36,2700.0,0.0
0.0,0.0,0.0,0.0,106801,0.0,0.0,0.0,0.0,0.0,0.0,0.0,10.0,0.0,0.0,0.0,37,2700.0,0.0
0.0,0.0,0.0,0.0,106901,0.0,0.0,0.0,0.0,0.0,0.0,0.0,10.0,0.0,0.0,0.0,36,2700.0,0.0
0.0,0.0,0.0,0.0,106901,0.0,0.0,0.0,0.0,0.0,0.0,0.0,10.0,0.0,0.0,0.0,37,2700.0,0.0
0.0,0.0,0.0,0.0,107001,2700.0,0.0,0.0,0.0,0.0,0.0,0.0,10.0,0.0,0.0,0.0,36,0.0,0.0
0.0,0.0,0.0,0.0,107001,2700.0,0.0,0.0,0.0,0.0,0.0,0.0,10.0,0.0,0.0,0.0,37,0.0,0.0
0.0,0.0,0.0,0.0,107101,0.0,0.0,0.0,0.0,0.0,0.0,0.0,10.0,0.0,0.0,0.0,36,2700.0,0.0
0.0,0.0,0.0,0.0,107101,0.0,0.0,0.0,0.0,0.0,0.0,0.0,10.0,0.0,0.0,0.0,37,2700.0,0.0
0.0,0.0,0.0,0.0,107501,0.0,0.0,0.0,0.0,0.0,0.0,0.0,10.0,0.0,0.0,0.0,36,2700.0,0.0
0.0,0.0,0.0,0.0,107501,0.0,0.0,0.0,0.0,0.0,0.0,0.0,10.0,0.0,0.0,0.0,37,2700.0,0.0
0.0,0.0,0.0,0.0,107601,0.0,0.0,0.0,0.0,0.0,0.0,0.0,10.0,0.0,0.0,0.0,36,2700.0,0.0
0.0,0.0,0.0,0.0,107601,0.0,0.0,0.0,0.0,0.0,0.0,0.0,10.0,0.0,0.0,0.0,37,2700.0,0.0
0.0,0.0,0.0,0.0,107701,2700.0,0.0,0.0,0.0,0.0,0.0,0.0,10.0,0.0,0.0,0.0,36,0.0,0.0
0.0,0.0,0.0,0.0,107701,2700.0,0.0,0.0,0.0,0.0,0.0,0.0,10.0,0.0,0.0,0.0,37,0.0,0.0
0.0,0.0,0.0,0.0,107801,2700.0,0.0,0.0,0.0,0.0,0.0,0.0,10.0,0.0,0.0,0.0,36,0.0,0.0
0.0,0.0,0.0,0.0,107801,2700.0,0.0,0.0,0.0,0.0,0.0,0.0,10.0,0.0,0.0,0.0,37,0.0,0.0
0.0,0.0,0.0,0.0,107901,0.0,0.0,0.0,0.0,0.0,0.0,0.0,10.0,0.0,0.0,0.0,36,2700.0,0.0
0.0,0.0,0.0,0.0,107901,0.0,0.0,0.0,0.0,0.0,0.0,0.0,10.0,0.0,0.0,0.0,37,2700.0,0.0
0.0,0.0,0.0,0.0,108001,0.0,0.0,0.0,0.0,0.0,0.0,0.0,10.0,0.0,0.0,0.0,36,2700.0,0.0
0.0,0.0,0.0,0.0,108001,0.0,0.0,0.0,0.0,0.0,0.0,0.0,10.0,0.0,0.0,0.0,37,2700.0,0.0
0.0,0.0,0.0,0.0,108101,0.0,0.0,0.0,0.0,0.0,0.0,0.0,10.0,0.0,0.0,0.0,36,2700.0,0.0
0.0,0.0,0.0,0.0,108101,0.0,0.0,0.0,0.0,0.0,0.0,0.0,10.0,0.0,0.0,0.0,37,2700.0,0.0
0.0,0.0,0.0,0.0,108201,0.0,0.0,0.0,0.0,0.0,0.0,0.0,10.0,0.0,0.0,0.0,36,2700.0,0.0
0.0,0.0,0.0,0.0,108201,0.0,0.0,0.0,0.0,0.0,0.0,0.0,10.0,0.0,0.0,0.0,37,2700.0,0.0
0.0,0.0,0.0,0.0,108301,2700.0,0.0,0.0,0.0,0.0,0.0,0.0,10.0,0.0,0.0,0.0,36,0.0,0.0
0.0,0.0,0.0,0.0,108301,2700.0,0.0,0.0,0.0,0.0,0.0,0.0,10.0,0.0,0.0,0.0,37,0.0,0.0
0.0,0.0,0.0,0.0,108401,2700.0,0.0,0.0,0.0,0.0,0.0,0.0,10.0,0.0,0.0,0.0,36,0.0,0.0
0.0,0.0,0.0,0.0,108401,2700.0,0.0,0.0,0.0,0.0,0.0,0.0,10.0,0.0,0.0,0.0,37,0.0,0.0
0.0,0.0,0.0,0.0,108501,0.0,0.0,0.0,0.0,0.0,0.0,0.0,10.0,0.0,0.0,0.0,36,2700.0,0.0
0.0,0.0,0.0,0.0,108501,0.0,0.0,0.0,0.0,0.0,0.0,0.0,10.0,0.0,0.0,0.0,37,2700.0,0.0
0.0,0.0,0.0,0.0,108601,0.0,0.0,0.0,0.0,0.0,0.0,0.0,10.0,0.0,0.0,0.0,36,2700.0,0.0
0.0,0.0,0.0,0.0,108601,0.0,0.0,0.0,0.0,0.0,0.0,0.0,10.0,0.0,0.0,0.0,37,2700.0,0.0
0.0,0.0,0.0,0.0,108701,0.0,0.0,0.0,0.0,0.0,0.0,0.0,10.0,0.0,0.0,0.0,36,2700.0,0.0
0.0,0.0,0.0,0.0,108701,0.0,0.0,0.0,0.0,0.0,0.0,0.0,10.0,0.0,0.0,0.0,37,2700.0,0.0
0.0,0.0,0.0,0.0,108801,2700.0,0.0,0.0,0.0,0.0,0.0,0.0,10.0,0.0,0.0,0.0,36,0.0,0.0
0.0,0.0,0.0,0.0,108801,2700.0,0.0,0.0,0.0,0.0,0.0,0.0,10.0,0.0,0.0,0.0,37,0.0,0.0
0.0,0.0,0.0,0.0,108901,0.0,0.0,0.0,0.0,0.0,0.0,0.0,10.0,0.0,0.0,0.0,36,2700.0,0.0
0.0,0.0,0.0,0.0,108901,0.0,0.0,0.0,0.0,0.0,0.0,0.0,10.0,0.0,0.0,0.0,37,2700.0,0.0
0.0,0.0,0.0,0.0,109001,0.0,0.0,0.0,0.0,0.0,0.0,0.0,10.0,0.0,0.0,0.0,36,2700.0,0.0
0.0,0.0,0.0,0.0,109001,0.0,0.0,0.0,0.0,0.0,0.0,0.0,10.0,0.0,0.0,0.0,37,2700.0,0.0
0.0,0.0,0.0,0.0,109101,0.0,0.0,0.0,0.0,0.0,0.0,0.0,10.0,0.0,0.0,0.0,36,2700.0,0.0
0.0,0.0,0.0,0.0,109101,0.0,0.0,0.0,0.0,0.0,0.0,0.0,10.0,0.0,0.0,0.0,37,2700.0,0.0
0.0,0.0,0.0,0.0,109201,2700.0,0.0,0.0,0.0,0.0,0.0,0.0,10.0,0.0,0.0,0.0,36,0.0,0.0
0.0,0.0,0.0,0.0,109201,2700.0,0.0,0.0,0.0,0.0,0.0,0.0,10.0,0.0,0.0,0.0,37,0.0,0.0
0.0,0.0,0.0,0.0,109301,2700.0,0.0,0.0,0.0,0.0,0.0,0.0,10.0,0.0,0.0,0.0,36,0.0,0.0
0.0,0.0,0.0,0.0,109301,2700.0,0.0,0.0,0.0,0.0,0.0,0.0,10.0,0.0,0.0,0.0,37,0.0,0.0
0.0,0.0,0.0,0.0,109401,2700.0,0.0,0.0,0.0,0.0,0.0,0.0,10.0,0.0,0.0,0.0,36,0.0,0.0
0.0,0.0,0.0,0.0,109401,2700.0,0.0,0.0,0.0,0.0,0.0,0.0,10.0,0.0,0.0,0.0,37,0.0,0.0
0.0,0.0,0.0,0.0,109501,2700.0,0.0,0.0,0.0,0.0,0.0,0.0,10.0,0.0,0.0,0.0,36,0.0,0.0
0.0,0.0,0.0,0.0,109501,2700.0,0.0,0.0,0.0,0.0,0.0,0.0,10.0,0.0,0.0,0.0,37,0.0,0.0
0.0,0.0,0.0,0.0,109601,0.0,0.0,0.0,0.0,0.0,0.0,0.0,10.0,0.0,0.0,0.0,36,2700.0,0.0
0.0,0.0,0.0,0.0,109601,0.0,0.0,0.0,0.0,0.0,0.0,0.0,10.0,0.0,0.0,0.0,37,2700.0,0.0
0.0,0.0,0.0,0.0,109701,0.0,0.0,0.0,0.0,0.0,0.0,0.0,10.0,0.0,0.0,0.0,36,2700.0,0.0
0.0,0.0,0.0,0.0,109701,0.0,0.0,0.0,0.0,0.0,0.0,0.0,10.0,0.0,0.0,0.0,37,2700.0,0.0
0.0,0.0,0.0,0.0,109801,2700.0,0.0,0.0,0.0,0.0,0.0,0.0,10.0,0.0,0.0,0.0,36,0.0,0.0
0.0,0.0,0.0,0.0,109801,2700.0,0.0,0.0,0.0,0.0,0.0,0.0,10.0,0.0,0.0,0.0,37,0.0,0.0
0.0,0.0,0.0,0.0,109901,2700.0,0.0,0.0,0.0,0.0,0.0,0.0,10.0,0.0,0.0,0.0,36,0.0,0.0
0.0,0.0,0.0,0.0,109901,2700.0,0.0,0.0,0.0,0.0,0.0,0.0,10.0,0.0,0.0,0.0,37,0.0,0.0
0.0,0.0,0.0,0.0,110001,0.0,0.0,0.0,0.0,0.0,0.0,0.0,10.0,0.0,0.0,0.0,36,2700.0,0.0
0.0,0.0,0.0,0.0,110001,0.0,0.0,0.0,0.0,0.0,0.0,0.0,10.0,0.0,0.0,0.0,37,2700.0,0.0
0.0,0.0,0.0,0.0,110101,2700.0,0.0,0.0,0.0,0.0,0.0,0.0,10.0,0.0,0.0,0.0,36,0.0,0.0
0.0,0.0,0.0,0.0,110101,2700.0,0.0,0.0,0.0,0.0,0.0,0.0,10.0,0.0,0.0,0.0,37,0.0,0.0
0.0,0.0,0.0,0.0,110301,0.0,0.0,0.0,0.0,0.0,0.0,0.0,10.0,0.0,0.0,0.0,36,2700.0,0.0
0.0,0.0,0.0,0.0,110301,0.0,0.0,0.0,0.0,0.0,0.0,0.0,10.0,0.0,0.0,0.0,37,2700.0,0.0
0.0,0.0,0.0,0.0,110401,0.0,0.0,0.0,0.0,0.0,0.0,0.0,10.0,0.0,0.0,0.0,36,2700.0,0.0
0.0,0.0,0.0,0.0,110401,0.0,0.0,0.0,0.0,0.0,0.0,0.0,10.0,0.0,0.0,0.0,37,2700.0,0.0
0.0,0.0,0.0,0.0,110501,0.0,0.0,0.0,0.0,0.0,0.0,0.0,10.0,0.0,0.0,0.0,36,2700.0,0.0
0.0,0.0,0.0,0.0,110501,0.0,0.0,0.0,0.0,0.0,0.0,0.0,10.0,0.0,0.0,0.0,37,2700.0,0.0
0.0,0.0,0.0,0.0,110601,2700.0,0.0,0.0,0.0,0.0,0.0,0.0,10.0,0.0,0.0,0.0,36,0.0,0.0
0.0,0.0,0.0,0.0,110601,2700.0,0.0,0.0,0.0,0.0,0.0,0.0,10.0,0.0,0.0,0.0,37,0.0,0.0
0.0,0.0,0.0,0.0,110701,0.0,0.0,0.0,0.0,0.0,0.0,0.0,10.0,0.0,0.0,0.0,36,2700.0,0.0
0.0,0.0,0.0,0.0,110701,0.0,0.0,0.0,0.0,0.0,0.0,0.0,10.0,0.0,0.0,0.0,37,2700.0,0.0
0.0,0.0,0.0,0.0,110801,0.0,0.0,0.0,0.0,0.0,0.0,0.0,10.0,0.0,0.0,0.0,36,2700.0,0.0
0.0,0.0,0.0,0.0,110801,0.0,0.0,0.0,0.0,0.0,0.0,0.0,10.0,0.0,0.0,0.0,37,2700.0,0.0
0.0,0.0,0.0,0.0,110901,0.0,0.0,0.0,0.0,0.0,0.0,0.0,10.0,0.0,0.0,0.0,36,2700.0,0.0
0.0,0.0,0.0,0.0,110901,0.0,0.0,0.0,0.0,0.0,0.0,0.0,10.0,0.0,0.0,0.0,37,2700.0,0.0
0.0,0.0,0.0,0.0,111001,2700.0,0.0,0.0,0.0,0.0,0.0,0.0,10.0,0.0,0.0,0.0,36,0.0,0.0
0.0,0.0,0.0,0.0,111001,2700.0,0.0,0.0,0.0,0.0,0.0,0.0,10.0,0.0,0.0,0.0,37,0.0,0.0
0.0,0.0,0.0,0.0,111101,2700.0,0.0,0.0,0.0,0.0,0.0,0.0,10.0,0.0,0.0,0.0,36,0.0,0.0
0.0,0.0,0.0,0.0,111101,2700.0,0.0,0.0,0.0,0.0,0.0,0.0,10.0,0.0,0.0,0.0,37,0.0,0.0
0.0,0.0,0.0,0.0,111201,0.0,0.0,0.0,0.0,0.0,0.0,0.0,10.0,0.0,0.0,0.0,36,2700.0,0.0
0.0,0.0,0.0,0.0,111201,0.0,0.0,0.0,0.0,0.0,0.0,0.0,10.0,0.0,0.0,0.0,37,2700.0,0.0
0.0,0.0,0.0,0.0,111301,0.0,0.0,0.0,0.0,0.0,0.0,0.0,10.0,0.0,0.0,0.0,36,2700.0,0.0
0.0,0.0,0.0,0.0,111301,0.0,0.0,0.0,0.0,0.0,0.0,0.0,10.0,0.0,0.0,0.0,37,2700.0,0.0
0.0,0.0,0.0,0.0,111401,2700.0,0.0,0.0,0.0,0.0,0.0,0.0,10.0,0.0,0.0,0.0,36,0.0,0.0
0.0,0.0,0.0,0.0,111401,2700.0,0.0,0.0,0.0,0.0,0.0,0.0,10.0,0.0,0.0,0.0,37,0.0,0.0
0.0,0.0,0.0,0.0,111501,0.0,0.0,0.0,0.0,0.0,0.0,0.0,10.0,0.0,0.0,0.0,36,2700.0,0.0
0.0,0.0,0.0,0.0,111501,0.0,0.0,0.0,0.0,0.0,0.0,0.0,10.0,0.0,0.0,0.0,37,2700.0,0.0
0.0,0.0,0.0,0.0,111601,0.0,0.0,0.0,0.0,0.0,0.0,0.0,10.0,0.0,0.0,0.0,36,2700.0,0.0
0.0,0.0,0.0,0.0,111601,0.0,0.0,0.0,0.0,0.0,0.0,0.0,10.0,0.0,0.0,0.0,37,2700.0,0.0
0.0,0.0,0.0,0.0,111701,2700.0,0.0,0.0,0.0,0.0,0.0,0.0,10.0,0.0,0.0,0.0,36,0.0,0.0
0.0,0.0,0.0,0.0,111701,2700.0,0.0,0.0,0.0,0.0,0.0,0.0,10.0,0.0,0.0,0.0,37,0.0,0.0
0.0,0.0,0.0,0.0,111801,0.0,0.0,0.0,0.0,0.0,0.0,0.0,10.0,0.0,0.0,0.0,36,2700.0,0.0
0.0,0.0,0.0,0.0,111801,0.0,0.0,0.0,0.0,0.0,0.0,0.0,10.0,0.0,0.0,0.0,37,2700.0,0.0
0.0,0.0,0.0,0.0,111901,0.0,0.0,0.0,0.0,0.0,0.0,0.0,10.0,0.0,0.0,0.0,36,2700.0,0.0
0.0,0.0,0.0,0.0,111901,0.0,0.0,0.0,0.0,0.0,0.0,0.0,10.0,0.0,0.0,0.0,37,2700.0,0.0
0.0,0.0,0.0,0.0,112001,2700.0,0.0,0.0,0.0,0.0,0.0,0.0,10.0,0.0,0.0,0.0,36,0.0,0.0
0.0,0.0,0.0,0.0,112001,2700.0,0.0,0.0,0.0,0.0,0.0,0.0,10.0,0.0,0.0,0.0,37,0.0,0.0
0.0,0.0,0.0,0.0,112101,2700.0,0.0,0.0,0.0,0.0,0.0,0.0,10.0,0.0,0.0,0.0,36,0.0,0.0
0.0,0.0,0.0,0.0,112101,2700.0,0.0,0.0,0.0,0.0,0.0,0.0,10.0,0.0,0.0,0.0,37,0.0,0.0
0.0,0.0,0.0,0.0,112201,2700.0,0.0,0.0,0.0,0.0,0.0,0.0,10.0,0.0,0.0,0.0,36,0.0,0.0
0.0,0.0,0.0,0.0,112201,2700.0,0.0,0.0,0.0,0.0,0.0,0.0,10.0,0.0,0.0,0.0,37,0.0,0.0
0.0,0.0,0.0,0.0,112301,0.0,0.0,0.0,0.0,0.0,0.0,0.0,10.0,0.0,0.0,0.0,36,2700.0,0.0
0.0,0.0,0.0,0.0,112301,0.0,0.0,0.0,0.0,0.0,0.0,0.0,10.0,0.0,0.0,0.0,37,2700.0,0.0
0.0,0.0,0.0,0.0,112401,0.0,0.0,0.0,0.0,0.0,0.0,0.0,10.0,0.0,0.0,0.0,36,2700.0,0.0
0.0,0.0,0.0,0.0,112401,0.0,0.0,0.0,0.0,0.0,0.0,0.0,10.0,0.0,0.0,0.0,37,2700.0,0.0
0.0,0.0,0.0,0.0,112501,0.0,0.0,0.0,0.0,0.0,0.0,0.0,10.0,0.0,0.0,0.0,36,2700.0,0.0
0.0,0.0,0.0,0.0,112501,0.0,0.0,0.0,0.0,0.0,0.0,0.0,10.0,0.0,0.0,0.0,37,2700.0,0.0
0.0,0.0,0.0,0.0,112601,2700.0,0.0,0.0,0.0,0.0,0.0,0.0,10.0,0.0,0.0,0.0,36,0.0,0.0
0.0,0.0,0.0,0.0,112601,2700.0,0.0,0.0,0.0,0.0,0.0,0.0,10.0,0.0,0.0,0.0,37,0.0,0.0
0.0,0.0,0.0,0.0,112701,0.0,0.0,0.0,0.0,0.0,0.0,0.0,10.0,0.0,0.0,0.0,36,2700.0,0.0
0.0,0.0,0.0,0.0,112701,0.0,0.0,0.0,0.0,0.0,0.0,0.0,10.0,0.0,0.0,0.0,37,2700.0,0.0
0.0,0.0,0.0,0.0,112801,0.0,0.0,0.0,0.0,0.0,0.0,0.0,10.0,0.0,0.0,0.0,36,2700.0,0.0
0.0,0.0,0.0,0.0,112801,0.0,0.0,0.0,0.0,0.0,0.0,0.0,10.0,0.0,0.0,0.0,37,2700.0,0.0
0.0,0.0,0.0,0.0,112901,0.0,0.0,0.0,0.0,0.0,0.0,0.0,10.0,0.0,0.0,0.0,36,2700.0,0.0
0.0,0.0,0.0,0.0,112901,0.0,0.0,0.0,0.0,0.0,0.0,0.0,10.0,0.0,0.0,0.0,37,2700.0,0.0
0.0,0.0,0.0,0.0,113001,0.0,0.0,0.0,0.0,0.0,0.0,0.0,10.0,0.0,0.0,0.0,36,2700.0,0.0
0.0,0.0,0.0,0.0,113001,0.0,0.0,0.0,0.0,0.0,0.0,0.0,10.0,0.0,0.0,0.0,37,2700.0,0.0
0.0,0.0,0.0,0.0,113101,0.0,0.0,0.0,0.0,0.0,0.0,0.0,10.0,0.0,0.0,0.0,36,2700.0,0.0
0.0,0.0,0.0,0.0,113101,0.0,0.0,0.0,0.0,0.0,0.0,0.0,10.0,0.0,0.0,0.0,37,2700.0,0.0
0.0,0.0,0.0,0.0,113201,2700.0,0.0,0.0,0.0,0.0,0.0,0.0,10.0,0.0,0.0,0.0,36,0.0,0.0
0.0,0.0,0.0,0.0,113201,2700.0,0.0,0.0,0.0,0.0,0.0,0.0,10.0,0.0,0.0,0.0,37,0.0,0.0
0.0,0.0,0.0,0.0,113301,2700.0,0.0,0.0,0.0,0.0,0.0,0.0,10.0,0.0,0.0,0.0,36,0.0,0.0
0.0,0.0,0.0,0.0,113301,2700.0,0.0,0.0,0.0,0.0,0.0,0.0,10.0,0.0,0.0,0.0,37,0.0,0.0
0.0,0.0,0.0,0.0,113401,2700.0,0.0,0.0,0.0,0.0,0.0,0.0,10.0,0.0,0.0,0.0,36,0.0,0.0
0.0,0.0,0.0,0.0,113401,2700.0,0.0,0.0,0.0,0.0,0.0,0.0,10.0,0.0,0.0,0.0,37,0.0,0.0
0.0,0.0,0.0,0.0,113501,2700.0,0.0,0.0,0.0,0.0,0.0,0.0,10.0,0.0,0.0,0.0,36,0.0,0.0
0.0,0.0,0.0,0.0,113501,2700.0,0.0,0.0,0.0,0.0,0.0,0.0,10.0,0.0,0.0,0.0,37,0.0,0.0
0.0,0.0,0.0,0.0,113601,0.0,0.0,0.0,0.0,0.0,0.0,0.0,10.0,0.0,0.0,0.0,36,2700.0,0.0
0.0,0.0,0.0,0.0,113601,0.0,0.0,0.0,0.0,0.0,0.0,0.0,10.0,0.0,0.0,0.0,37,2700.0,0.0
0.0,0.0,0.0,0.0,113701,2700.0,0.0,0.0,0.0,0.0,0.0,0.0,10.0,0.0,0.0,0.0,36,0.0,0.0
0.0,0.0,0.0,0.0,113701,2700.0,0.0,0.0,0.0,0.0,0.0,0.0,10.0,0.0,0.0,0.0,37,0.0,0.0
0.0,0.0,0.0,0.0,113801,2700.0,0.0,0.0,0.0,0.0,0.0,0.0,10.0,0.0,0.0,0.0,36,0.0,0.0
0.0,0.0,0.0,0.0,113801,2700.0,0.0,0.0,0.0,0.0,0.0,0.0,10.0,0.0,0.0,0.0,37,0.0,0.0
0.0,0.0,0.0,0.0,113901,0.0,0.0,0.0,0.0,0.0,0.0,0.0,10.0,0.0,0.0,0.0,36,2700.0,0.0
0.0,0.0,0.0,0.0,113901,0.0,0.0,0.0,0.0,0.0,0.0,0.0,10.0,0.0,0.0,0.0,37,2700.0,0.0
0.0,0.0,0.0,0.0,114001,0.0,0.0,0.0,0.0,0.0,0.0,0.0,10.0,0.0,0.0,0.0,36,2700.0,0.0
0.0,0.0,0.0,0.0,114001,0.0,0.0,0.0,0.0,0.0,0.0,0.0,10.0,0.0,0.0,0.0,37,2700.0,0.0
0.0,0.0,0.0,0.0,114101,0.0,0.0,0.0,0.0,0.0,0.0,0.0,10.0,0.0,0.0,0.0,36,2700.0,0.0
0.0,0.0,0.0,0.0,114101,0.0,0.0,0.0,0.0,0.0,0.0,0.0,10.0,0.0,0.0,0.0,37,2700.0,0.0
0.0,0.0,0.0,0.0,114201,0.0,0.0,0.0,0.0,0.0,0.0,0.0,10.0,0.0,0.0,0.0,36,2700.0,0.0
0.0,0.0,0.0,0.0,114201,0.0,0.0,0.0,0.0,0.0,0.0,0.0,10.0,0.0,0.0,0.0,37,2700.0,0.0
0.0,0.0,0.0,0.0,114301,0.0,0.0,0.0,0.0,0.0,0.0,0.0,10.0,0.0,0.0,0.0,36,2700.0,0.0
0.0,0.0,0.0,0.0,114301,0.0,0.0,0.0,0.0,0.0,0.0,0.0,10.0,0.0,0.0,0.0,37,2700.0,0.0
0.0,0.0,0.0,0.0,114401,0.0,0.0,0.0,0.0,0.0,0.0,0.0,10.0,0.0,0.0,0.0,36,2700.0,0.0
0.0,0.0,0.0,0.0,114401,0.0,0.0,0.0,0.0,0.0,0.0,0.0,10.0,0.0,0.0,0.0,37,2700.0,0.0
0.0,0.0,0.0,0.0,114501,0.0,0.0,0.0,0.0,0.0,0.0,0.0,10.0,0.0,0.0,0.0,36,2700.0,0.0
0.0,0.0,0.0,0.0,114501,0.0,0.0,0.0,0.0,0.0,0.0,0.0,10.0,0.0,0.0,0.0,37,2700.0,0.0
0.0,0.0,0.0,0.0,114601,0.0,0.0,0.0,0.0,0.0,0.0,0.0,10.0,0.0,0.0,0.0,36,2700.0,0.0
0.0,0.0,0.0,0.0,114601,0.0,0.0,0.0,0.0,0.0,0.0,0.0,10.0,0.0,0.0,0.0,37,2700.0,0.0
0.0,0.0,0.0,0.0,114701,0.0,0.0,0.0,0.0,0.0,0.0,0.0,10.0,0.0,0.0,0.0,36,2700.0,0.0
0.0,0.0,0.0,0.0,114701,0.0,0.0,0.0,0.0,0.0,0.0,0.0,10.0,0.0,0.0,0.0,37,2700.0,0.0
0.0,0.0,0.0,0.0,115001,2700.0,0.0,0.0,0.0,0.0,0.0,0.0,10.0,0.0,0.0,0.0,36,0.0,0.0
0.0,0.0,0.0,0.0,115001,2700.0,0.0,0.0,0.0,0.0,0.0,0.0,10.0,0.0,0.0,0.0,37,0.0,0.0
0.0,0.0,0.0,0.0,115501,0.0,0.0,0.0,0.0,0.0,0.0,0.0,10.0,0.0,0.0,0.0,36,2700.0,0.0
0.0,0.0,0.0,0.0,115501,0.0,0.0,0.0,0.0,0.0,0.0,0.0,10.0,0.0,0.0,0.0,37,2700.0,0.0
0.0,0.0,0.0,0.0,115601,2700.0,0.0,0.0,0.0,0.0,0.0,0.0,10.0,0.0,0.0,0.0,36,0.0,0.0
0.0,0.0,0.0,0.0,115601,2700.0,0.0,0.0,0.0,0.0,0.0,0.0,10.0,0.0,0.0,0.0,37,0.0,0.0
0.0,0.0,0.0,0.0,115701,2700.0,0.0,0.0,0.0,0.0,0.0,0.0,10.0,0.0,0.0,0.0,36,0.0,0.0
0.0,0.0,0.0,0.0,115701,2700.0,0.0,0.0,0.0,0.0,0.0,0.0,10.0,0.0,0.0,0.0,37,0.0,0.0
0.0,0.0,0.0,0.0,115801,0.0,0.0,0.0,0.0,0.0,0.0,0.0,10.0,0.0,0.0,0.0,36,2700.0,0.0
0.0,0.0,0.0,0.0,115801,0.0,0.0,0.0,0.0,0.0,0.0,0.0,10.0,0.0,0.0,0.0,37,2700.0,0.0
0.0,0.0,0.0,0.0,115901,0.0,0.0,0.0,0.0,0.0,0.0,0.0,10.0,0.0,0.0,0.0,36,2700.0,0.0
0.0,0.0,0.0,0.0,115901,0.0,0.0,0.0,0.0,0.0,0.0,0.0,10.0,0.0,0.0,0.0,37,2700.0,0.0
0.0,0.0,0.0,0.0,116001,2700.0,0.0,0.0,0.0,0.0,0.0,0.0,10.0,0.0,0.0,0.0,36,0.0,0.0
0.0,0.0,0.0,0.0,116001,2700.0,0.0,0.0,0.0,0.0,0.0,0.0,10.0,0.0,0.0,0.0,37,0.0,0.0
0.0,0.0,0.0,0.0,116201,0.0,0.0,0.0,0.0,0.0,0.0,0.0,10.0,0.0,0.0,0.0,36,2700.0,0.0
0.0,0.0,0.0,0.0,116201,0.0,0.0,0.0,0.0,0.0,0.0,0.0,10.0,0.0,0.0,0.0,37,2700.0,0.0
0.0,0.0,0.0,0.0,116301,0.0,0.0,0.0,0.0,0.0,0.0,0.0,10.0,0.0,0.0,0.0,36,2700.0,0.0
0.0,0.0,0.0,0.0,116301,0.0,0.0,0.0,0.0,0.0,0.0,0.0,10.0,0.0,0.0,0.0,37,2700.0,0.0
0.0,0.0,0.0,0.0,116401,2700.0,0.0,0.0,0.0,0.0,0.0,0.0,10.0,0.0,0.0,0.0,36,0.0,0.0
0.0,0.0,0.0,0.0,116401,2700.0,0.0,0.0,0.0,0.0,0.0,0.0,10.0,0.0,0.0,0.0,37,0.0,0.0
0.0,0.0,0.0,0.0,116501,0.0,0.0,0.0,0.0,0.0,0.0,0.0,10.0,0.0,0.0,0.0,36,2700.0,0.0
0.0,0.0,0.0,0.0,116501,0.0,0.0,0.0,0.0,0.0,0.0,0.0,10.0,0.0,0.0,0.0,37,2700.0,0.0
0.0,0.0,0.0,0.0,116601,0.0,0.0,0.0,0.0,0.0,0.0,0.0,10.0,0.0,0.0,0.0,36,2700.0,0.0
0.0,0.0,0.0,0.0,116601,0.0,0.0,0.0,0.0,0.0,0.0,0.0,10.0,0.0,0.0,0.0,37,2700.0,0.0
0.0,0.0,0.0,0.0,116701,0.0,0.0,0.0,0.0,0.0,0.0,0.0,10.0,0.0,0.0,0.0,36,2700.0,0.0
0.0,0.0,0.0,0.0,116701,0.0,0.0,0.0,0.0,0.0,0.0,0.0,10.0,0.0,0.0,0.0,37,2700.0,0.0
0.0,0.0,0.0,0.0,116801,0.0,0.0,0.0,0.0,0.0,0.0,0.0,10.0,0.0,0.0,0.0,36,2700.0,0.0
0.0,0.0,0.0,0.0,116801,0.0,0.0,0.0,0.0,0.0,0.0,0.0,10.0,0.0,0.0,0.0,37,2700.0,0.0
0.0,0.0,0.0,0.0,116901,0.0,0.0,0.0,0.0,0.0,0.0,0.0,10.0,0.0,0.0,0.0,36,2700.0,0.0
0.0,0.0,0.0,0.0,116901,0.0,0.0,0.0,0.0,0.0,0.0,0.0,10.0,0.0,0.0,0.0,37,2700.0,0.0
0.0,0.0,0.0,0.0,117001,0.0,0.0,0.0,0.0,0.0,0.0,0.0,10.0,0.0,0.0,0.0,36,2700.0,0.0
0.0,0.0,0.0,0.0,117001,0.0,0.0,0.0,0.0,0.0,0.0,0.0,10.0,0.0,0.0,0.0,37,2700.0,0.0
0.0,0.0,0.0,0.0,117101,0.0,0.0,0.0,0.0,0.0,0.0,0.0,10.0,0.0,0.0,0.0,36,2700.0,0.0
0.0,0.0,0.0,0.0,117101,0.0,0.0,0.0,0.0,0.0,0.0,0.0,10.0,0.0,0.0,0.0,37,2700.0,0.0
0.0,0.0,0.0,0.0,117201,0.0,0.0,0.0,0.0,0.0,0.0,0.0,10.0,0.0,0.0,0.0,36,2700.0,0.0
0.0,0.0,0.0,0.0,117201,0.0,0.0,0.0,0.0,0.0,0.0,0.0,10.0,0.0,0.0,0.0,37,2700.0,0.0
0.0,0.0,0.0,0.0,117301,2700.0,0.0,0.0,0.0,0.0,0.0,0.0,10.0,0.0,0.0,0.0,36,0.0,0.0
0.0,0.0,0.0,0.0,117301,2700.0,0.0,0.0,0.0,0.0,0.0,0.0,10.0,0.0,0.0,0.0,37,0.0,0.0
0.0,0.0,0.0,0.0,117401,0.0,0.0,0.0,0.0,0.0,0.0,0.0,10.0,0.0,0.0,0.0,36,2700.0,0.0
0.0,0.0,0.0,0.0,117401,0.0,0.0,0.0,0.0,0.0,0.0,0.0,10.0,0.0,0.0,0.0,37,2700.0,0.0
0.0,0.0,0.0,0.0,117501,0.0,0.0,0.0,0.0,0.0,0.0,0.0,10.0,0.0,0.0,0.0,36,2700.0,0.0
0.0,0.0,0.0,0.0,117501,0.0,0.0,0.0,0.0,0.0,0.0,0.0,10.0,0.0,0.0,0.0,37,2700.0,0.0
0.0,0.0,0.0,0.0,117601,2700.0,0.0,0.0,0.0,0.0,0.0,0.0,10.0,0.0,0.0,0.0,36,0.0,0.0
0.0,0.0,0.0,0.0,117601,2700.0,0.0,0.0,0.0,0.0,0.0,0.0,10.0,0.0,0.0,0.0,37,0.0,0.0
0.0,0.0,0.0,0.0,117701,0.0,0.0,0.0,0.0,0.0,0.0,0.0,10.0,0.0,0.0,0.0,36,2700.0,0.0
0.0,0.0,0.0,0.0,117701,0.0,0.0,0.0,0.0,0.0,0.0,0.0,10.0,0.0,0.0,0.0,37,2700.0,0.0
0.0,0.0,0.0,0.0,117801,0.0,0.0,0.0,0.0,0.0,0.0,0.0,10.0,0.0,0.0,0.0,36,2700.0,0.0
0.0,0.0,0.0,0.0,117801,0.0,0.0,0.0,0.0,0.0,0.0,0.0,10.0,0.0,0.0,0.0,37,2700.0,0.0
0.0,0.0,0.0,0.0,117901,0.0,0.0,0.0,0.0,0.0,0.0,0.0,10.0,0.0,0.0,0.0,36,2700.0,0.0
0.0,0.0,0.0,0.0,117901,0.0,0.0,0.0,0.0,0.0,0.0,0.0,10.0,0.0,0.0,0.0,37,2700.0,0.0
0.0,0.0,0.0,0.0,118001,0.0,0.0,0.0,0.0,0.0,0.0,0.0,10.0,0.0,0.0,0.0,36,2700.0,0.0
0.0,0.0,0.0,0.0,118001,0.0,0.0,0.0,0.0,0.0,0.0,0.0,10.0,0.0,0.0,0.0,37,2700.0,0.0
0.0,0.0,0.0,0.0,118101,2700.0,0.0,0.0,0.0,0.0,0.0,0.0,10.0,0.0,0.0,0.0,36,0.0,0.0
0.0,0.0,0.0,0.0,118101,2700.0,0.0,0.0,0.0,0.0,0.0,0.0,10.0,0.0,0.0,0.0,37,0.0,0.0
0.0,0.0,0.0,0.0,118201,2700.0,0.0,0.0,0.0,0.0,0.0,0.0,10.0,0.0,0.0,0.0,36,0.0,0.0
0.0,0.0,0.0,0.0,118201,2700.0,0.0,0.0,0.0,0.0,0.0,0.0,10.0,0.0,0.0,0.0,37,0.0,0.0
0.0,0.0,0.0,0.0,118501,2700.0,0.0,0.0,0.0,0.0,0.0,0.0,10.0,0.0,0.0,0.0,36,0.0,0.0
0.0,0.0,0.0,0.0,118501,2700.0,0.0,0.0,0.0,0.0,0.0,0.0,10.0,0.0,0.0,0.0,37,0.0,0.0
0.0,0.0,0.0,0.0,118601,2700.0,0.0,0.0,0.0,0.0,0.0,0.0,10.0,0.0,0.0,0.0,36,0.0,0.0
0.0,0.0,0.0,0.0,118601,2700.0,0.0,0.0,0.0,0.0,0.0,0.0,10.0,0.0,0.0,0.0,37,0.0,0.0
0.0,0.0,0.0,0.0,119001,2700.0,0.0,0.0,0.0,0.0,0.0,0.0,10.0,0.0,0.0,0.0,36,0.0,0.0
0.0,0.0,0.0,0.0,119001,2700.0,0.0,0.0,0.0,0.0,0.0,0.0,10.0,0.0,0.0,0.0,37,0.0,0.0
0.0,0.0,0.0,0.0,119101,2700.0,0.0,0.0,0.0,0.0,0.0,0.0,10.0,0.0,0.0,0.0,36,0.0,0.0
0.0,0.0,0.0,0.0,119101,2700.0,0.0,0.0,0.0,0.0,0.0,0.0,10.0,0.0,0.0,0.0,37,0.0,0.0
0.0,0.0,0.0,0.0,119201,0.0,0.0,0.0,0.0,0.0,0.0,0.0,10.0,0.0,0.0,0.0,36,2700.0,0.0
0.0,0.0,0.0,0.0,119201,0.0,0.0,0.0,0.0,0.0,0.0,0.0,10.0,0.0,0.0,0.0,37,2700.0,0.0
0.0,0.0,0.0,0.0,119301,0.0,0.0,0.0,0.0,0.0,0.0,0.0,10.0,0.0,0.0,0.0,36,2700.0,0.0
0.0,0.0,0.0,0.0,119301,0.0,0.0,0.0,0.0,0.0,0.0,0.0,10.0,0.0,0.0,0.0,37,2700.0,0.0
0.0,0.0,0.0,0.0,119901,0.0,0.0,0.0,0.0,0.0,0.0,0.0,10.0,0.0,0.0,0.0,36,2700.0,0.0
0.0,0.0,0.0,0.0,119901,0.0,0.0,0.0,0.0,0.0,0.0,0.0,10.0,0.0,0.0,0.0,37,2700.0,0.0
0.0,0.0,0.0,0.0,120001,0.0,0.0,0.0,0.0,0.0,0.0,0.0,10.0,0.0,0.0,0.0,36,2700.0,0.0
0.0,0.0,0.0,0.0,120001,0.0,0.0,0.0,0.0,0.0,0.0,0.0,10.0,0.0,0.0,0.0,37,2700.0,0.0
0.0,0.0,0.0,0.0,120701,0.0,0.0,0.0,0.0,0.0,0.0,0.0,10.0,0.0,0.0,0.0,36,2700.0,0.0
0.0,0.0,0.0,0.0,120701,0.0,0.0,0.0,0.0,0.0,0.0,0.0,10.0,0.0,0.0,0.0,37,2700.0,0.0
0.0,0.0,0.0,0.0,120801,0.0,0.0,0.0,0.0,0.0,0.0,0.0,10.0,0.0,0.0,0.0,36,2700.0,0.0
0.0,0.0,0.0,0.0,120801,0.0,0.0,0.0,0.0,0.0,0.0,0.0,10.0,0.0,0.0,0.0,37,2700.0,0.0
0.0,0.0,0.0,0.0,120901,2700.0,0.0,0.0,0.0,0.0,0.0,0.0,10.0,0.0,0.0,0.0,36,0.0,0.0
0.0,0.0,0.0,0.0,120901,2700.0,0.0,0.0,0.0,0.0,0.0,0.0,10.0,0.0,0.0,0.0,37,0.0,0.0
0.0,0.0,0.0,0.0,121001,0.0,0.0,0.0,0.0,0.0,0.0,0.0,10.0,0.0,0.0,0.0,36,2700.0,0.0
0.0,0.0,0.0,0.0,121001,0.0,0.0,0.0,0.0,0.0,0.0,0.0,10.0,0.0,0.0,0.0,37,2700.0,0.0
0.0,0.0,0.0,0.0,121101,2700.0,0.0,0.0,0.0,0.0,0.0,0.0,10.0,0.0,0.0,0.0,36,0.0,0.0
0.0,0.0,0.0,0.0,121101,2700.0,0.0,0.0,0.0,0.0,0.0,0.0,10.0,0.0,0.0,0.0,37,0.0,0.0
0.0,0.0,0.0,0.0,121201,0.0,0.0,0.0,0.0,0.0,0.0,0.0,10.0,0.0,0.0,0.0,36,2700.0,0.0
0.0,0.0,0.0,0.0,121201,0.0,0.0,0.0,0.0,0.0,0.0,0.0,10.0,0.0,0.0,0.0,37,2700.0,0.0
0.0,0.0,0.0,0.0,121301,0.0,0.0,0.0,0.0,0.0,0.0,0.0,10.0,0.0,0.0,0.0,36,2700.0,0.0
0.0,0.0,0.0,0.0,121301,0.0,0.0,0.0,0.0,0.0,0.0,0.0,10.0,0.0,0.0,0.0,37,2700.0,0.0
0.0,0.0,0.0,0.0,121401,2700.0,0.0,0.0,0.0,0.0,0.0,0.0,10.0,0.0,0.0,0.0,36,0.0,0.0
0.0,0.0,0.0,0.0,121401,2700.0,0.0,0.0,0.0,0.0,0.0,0.0,10.0,0.0,0.0,0.0,37,0.0,0.0
0.0,0.0,0.0,0.0,121501,0.0,0.0,0.0,0.0,0.0,0.0,0.0,10.0,0.0,0.0,0.0,36,2700.0,0.0
0.0,0.0,0.0,0.0,121501,0.0,0.0,0.0,0.0,0.0,0.0,0.0,10.0,0.0,0.0,0.0,37,2700.0,0.0
0.0,0.0,0.0,0.0,121601,0.0,0.0,0.0,0.0,0.0,0.0,0.0,10.0,0.0,0.0,0.0,36,2700.0,0.0
0.0,0.0,0.0,0.0,121601,0.0,0.0,0.0,0.0,0.0,0.0,0.0,10.0,0.0,0.0,0.0,37,2700.0,0.0
0.0,0.0,0.0,0.0,121901,2700.0,0.0,0.0,0.0,0.0,0.0,0.0,10.0,0.0,0.0,0.0,36,0.0,0.0
0.0,0.0,0.0,0.0,121901,2700.0,0.0,0.0,0.0,0.0,0.0,0.0,10.0,0.0,0.0,0.0,37,0.0,0.0
0.0,0.0,0.0,0.0,122001,0.0,0.0,0.0,0.0,0.0,0.0,0.0,10.0,0.0,0.0,0.0,36,2700.0,0.0
0.0,0.0,0.0,0.0,122001,0.0,0.0,0.0,0.0,0.0,0.0,0.0,10.0,0.0,0.0,0.0,37,2700.0,0.0
0.0,0.0,0.0,0.0,122101,0.0,0.0,0.0,0.0,0.0,0.0,0.0,10.0,0.0,0.0,0.0,36,2700.0,0.0
0.0,0.0,0.0,0.0,122101,0.0,0.0,0.0,0.0,0.0,0.0,0.0,10.0,0.0,0.0,0.0,37,2700.0,0.0
0.0,0.0,0.0,0.0,122201,0.0,0.0,0.0,0.0,0.0,0.0,0.0,10.0,0.0,0.0,0.0,36,2700.0,0.0
0.0,0.0,0.0,0.0,122201,0.0,0.0,0.0,0.0,0.0,0.0,0.0,10.0,0.0,0.0,0.0,37,2700.0,0.0
0.0,0.0,0.0,0.0,122301,2700.0,0.0,0.0,0.0,0.0,0.0,0.0,10.0,0.0,0.0,0.0,36,0.0,0.0
0.0,0.0,0.0,0.0,122301,2700.0,0.0,0.0,0.0,0.0,0.0,0.0,10.0,0.0,0.0,0.0,37,0.0,0.0
0.0,0.0,0.0,0.0,122401,0.0,0.0,0.0,0.0,0.0,0.0,0.0,10.0,0.0,0.0,0.0,36,2700.0,0.0
0.0,0.0,0.0,0.0,122401,0.0,0.0,0.0,0.0,0.0,0.0,0.0,10.0,0.0,0.0,0.0,37,2700.0,0.0
0.0,0.0,0.0,0.0,122501,0.0,0.0,0.0,0.0,0.0,0.0,0.0,10.0,0.0,0.0,0.0,36,2700.0,0.0
0.0,0.0,0.0,0.0,122501,0.0,0.0,0.0,0.0,0.0,0.0,0.0,10.0,0.0,0.0,0.0,37,2700.0,0.0
0.0,0.0,0.0,0.0,122601,2700.0,0.0,0.0,0.0,0.0,0.0,0.0,10.0,0.0,0.0,0.0,36,0.0,0.0
0.0,0.0,0.0,0.0,122601,2700.0,0.0,0.0,0.0,0.0,0.0,0.0,10.0,0.0,0.0,0.0,37,0.0,0.0
0.0,0.0,0.0,0.0,122701,2700.0,0.0,0.0,0.0,0.0,0.0,0.0,10.0,0.0,0.0,0.0,36,0.0,0.0
0.0,0.0,0.0,0.0,122701,2700.0,0.0,0.0,0.0,0.0,0.0,0.0,10.0,0.0,0.0,0.0,37,0.0,0.0
0.0,0.0,0.0,0.0,122801,0.0,0.0,0.0,0.0,0.0,0.0,0.0,10.0,0.0,0.0,0.0,36,2700.0,0.0
0.0,0.0,0.0,0.0,122801,0.0,0.0,0.0,0.0,0.0,0.0,0.0,10.0,0.0,0.0,0.0,37,2700.0,0.0
0.0,0.0,0.0,0.0,122901,0.0,0.0,0.0,0.0,0.0,0.0,0.0,10.0,0.0,0.0,0.0,36,2700.0,0.0
0.0,0.0,0.0,0.0,122901,0.0,0.0,0.0,0.0,0.0,0.0,0.0,10.0,0.0,0.0,0.0,37,2700.0,0.0
0.0,0.0,0.0,0.0,123001,2700.0,0.0,0.0,0.0,0.0,0.0,0.0,10.0,0.0,0.0,0.0,36,0.0,0.0
0.0,0.0,0.0,0.0,123001,2700.0,0.0,0.0,0.0,0.0,0.0,0.0,10.0,0.0,0.0,0.0,37,0.0,0.0
0.0,0.0,0.0,0.0,123101,2700.0,0.0,0.0,0.0,0.0,0.0,0.0,10.0,0.0,0.0,0.0,36,0.0,0.0
0.0,0.0,0.0,0.0,123101,2700.0,0.0,0.0,0.0,0.0,0.0,0.0,10.0,0.0,0.0,0.0,37,0.0,0.0
0.0,0.0,0.0,0.0,123201,0.0,0.0,0.0,0.0,0.0,0.0,0.0,10.0,0.0,0.0,0.0,36,2700.0,0.0
0.0,0.0,0.0,0.0,123201,0.0,0.0,0.0,0.0,0.0,0.0,0.0,10.0,0.0,0.0,0.0,37,2700.0,0.0
0.0,0.0,0.0,0.0,123301,0.0,0.0,0.0,0.0,0.0,0.0,0.0,10.0,0.0,0.0,0.0,36,2700.0,0.0
0.0,0.0,0.0,0.0,123301,0.0,0.0,0.0,0.0,0.0,0.0,0.0,10.0,0.0,0.0,0.0,37,2700.0,0.0
0.0,0.0,0.0,0.0,123501,0.0,0.0,0.0,0.0,0.0,0.0,0.0,10.0,0.0,0.0,0.0,36,2700.0,0.0
0.0,0.0,0.0,0.0,123501,0.0,0.0,0.0,0.0,0.0,0.0,0.0,10.0,0.0,0.0,0.0,37,2700.0,0.0
0.0,0.0,0.0,0.0,123601,0.0,0.0,0.0,0.0,0.0,0.0,0.0,10.0,0.0,0.0,0.0,36,2700.0,0.0
0.0,0.0,0.0,0.0,123601,0.0,0.0,0.0,0.0,0.0,0.0,0.0,10.0,0.0,0.0,0.0,37,2700.0,0.0
0.0,0.0,0.0,0.0,123701,2700.0,0.0,0.0,0.0,0.0,0.0,0.0,10.0,0.0,0.0,0.0,36,0.0,0.0
0.0,0.0,0.0,0.0,123701,2700.0,0.0,0.0,0.0,0.0,0.0,0.0,10.0,0.0,0.0,0.0,37,0.0,0.0
0.0,0.0,0.0,0.0,123801,0.0,0.0,0.0,0.0,0.0,0.0,0.0,10.0,0.0,0.0,0.0,36,2700.0,0.0
0.0,0.0,0.0,0.0,123801,0.0,0.0,0.0,0.0,0.0,0.0,0.0,10.0,0.0,0.0,0.0,37,2700.0,0.0
0.0,0.0,0.0,0.0,123901,0.0,0.0,0.0,0.0,0.0,0.0,0.0,10.0,0.0,0.0,0.0,36,2700.0,0.0
0.0,0.0,0.0,0.0,123901,0.0,0.0,0.0,0.0,0.0,0.0,0.0,10.0,0.0,0.0,0.0,37,2700.0,0.0
0.0,0.0,0.0,0.0,124001,2700.0,0.0,0.0,0.0,0.0,0.0,0.0,10.0,0.0,0.0,0.0,36,0.0,0.0
0.0,0.0,0.0,0.0,124001,2700.0,0.0,0.0,0.0,0.0,0.0,0.0,10.0,0.0,0.0,0.0,37,0.0,0.0
0.0,0.0,0.0,0.0,124101,2700.0,0.0,0.0,0.0,0.0,0.0,0.0,10.0,0.0,0.0,0.0,36,0.0,0.0
0.0,0.0,0.0,0.0,124101,2700.0,0.0,0.0,0.0,0.0,0.0,0.0,10.0,0.0,0.0,0.0,37,0.0,0.0
0.0,0.0,0.0,0.0,124201,0.0,0.0,0.0,0.0,0.0,0.0,0.0,10.0,0.0,0.0,0.0,36,2700.0,0.0
0.0,0.0,0.0,0.0,124201,0.0,0.0,0.0,0.0,0.0,0.0,0.0,10.0,0.0,0.0,0.0,37,2700.0,0.0
0.0,0.0,0.0,0.0,124501,2700.0,0.0,0.0,0.0,0.0,0.0,0.0,10.0,0.0,0.0,0.0,36,0.0,0.0
0.0,0.0,0.0,0.0,124501,2700.0,0.0,0.0,0.0,0.0,0.0,0.0,10.0,0.0,0.0,0.0,37,0.0,0.0
0.0,0.0,0.0,0.0,124601,2700.0,0.0,0.0,0.0,0.0,0.0,0.0,10.0,0.0,0.0,0.0,36,0.0,0.0
0.0,0.0,0.0,0.0,124601,2700.0,0.0,0.0,0.0,0.0,0.0,0.0,10.0,0.0,0.0,0.0,37,0.0,0.0
0.0,0.0,0.0,0.0,124701,0.0,0.0,0.0,0.0,0.0,0.0,0.0,10.0,0.0,0.0,0.0,36,2700.0,0.0
0.0,0.0,0.0,0.0,124701,0.0,0.0,0.0,0.0,0.0,0.0,0.0,10.0,0.0,0.0,0.0,37,2700.0,0.0
0.0,0.0,0.0,0.0,124801,0.0,0.0,0.0,0.0,0.0,0.0,0.0,10.0,0.0,0.0,0.0,36,2700.0,0.0
0.0,0.0,0.0,0.0,124801,0.0,0.0,0.0,0.0,0.0,0.0,0.0,10.0,0.0,0.0,0.0,37,2700.0,0.0
0.0,0.0,0.0,0.0,124901,0.0,0.0,0.0,0.0,0.0,0.0,0.0,10.0,0.0,0.0,0.0,36,2700.0,0.0
0.0,0.0,0.0,0.0,124901,0.0,0.0,0.0,0.0,0.0,0.0,0.0,10.0,0.0,0.0,0.0,37,2700.0,0.0
0.0,0.0,0.0,0.0,125001,0.0,0.0,0.0,0.0,0.0,0.0,0.0,10.0,0.0,0.0,0.0,36,2700.0,0.0
0.0,0.0,0.0,0.0,125001,0.0,0.0,0.0,0.0,0.0,0.0,0.0,10.0,0.0,0.0,0.0,37,2700.0,0.0
0.0,0.0,0.0,0.0,125101,0.0,0.0,0.0,0.0,0.0,0.0,0.0,10.0,0.0,0.0,0.0,36,2700.0,0.0
0.0,0.0,0.0,0.0,125101,0.0,0.0,0.0,0.0,0.0,0.0,0.0,10.0,0.0,0.0,0.0,37,2700.0,0.0
0.0,0.0,0.0,0.0,125201,0.0,0.0,0.0,0.0,0.0,0.0,0.0,10.0,0.0,0.0,0.0,36,2700.0,0.0
0.0,0.0,0.0,0.0,125201,0.0,0.0,0.0,0.0,0.0,0.0,0.0,10.0,0.0,0.0,0.0,37,2700.0,0.0
0.0,0.0,0.0,0.0,125301,0.0,0.0,0.0,0.0,0.0,0.0,0.0,10.0,0.0,0.0,0.0,36,2700.0,0.0
0.0,0.0,0.0,0.0,125301,0.0,0.0,0.0,0.0,0.0,0.0,0.0,10.0,0.0,0.0,0.0,37,2700.0,0.0
0.0,0.0,0.0,0.0,125401,0.0,0.0,0.0,0.0,0.0,0.0,0.0,10.0,0.0,0.0,0.0,36,2700.0,0.0
0.0,0.0,0.0,0.0,125401,0.0,0.0,0.0,0.0,0.0,0.0,0.0,10.0,0.0,0.0,0.0,37,2700.0,0.0
0.0,0.0,0.0,0.0,125501,2700.0,0.0,0.0,0.0,0.0,0.0,0.0,10.0,0.0,0.0,0.0,36,0.0,0.0
0.0,0.0,0.0,0.0,125501,2700.0,0.0,0.0,0.0,0.0,0.0,0.0,10.0,0.0,0.0,0.0,37,0.0,0.0
0.0,0.0,0.0,0.0,125601,0.0,0.0,0.0,0.0,0.0,0.0,0.0,10.0,0.0,0.0,0.0,36,2700.0,0.0
0.0,0.0,0.0,0.0,125601,0.0,0.0,0.0,0.0,0.0,0.0,0.0,10.0,0.0,0.0,0.0,37,2700.0,0.0
0.0,0.0,0.0,0.0,125701,2700.0,0.0,0.0,0.0,0.0,0.0,0.0,10.0,0.0,0.0,0.0,36,0.0,0.0
0.0,0.0,0.0,0.0,125701,2700.0,0.0,0.0,0.0,0.0,0.0,0.0,10.0,0.0,0.0,0.0,37,0.0,0.0
0.0,0.0,0.0,0.0,125801,0.0,0.0,0.0,0.0,0.0,0.0,0.0,10.0,0.0,0.0,0.0,36,2700.0,0.0
0.0,0.0,0.0,0.0,125801,0.0,0.0,0.0,0.0,0.0,0.0,0.0,10.0,0.0,0.0,0.0,37,2700.0,0.0
0.0,0.0,0.0,0.0,126001,0.0,0.0,0.0,0.0,0.0,0.0,0.0,10.0,0.0,0.0,0.0,36,2700.0,0.0
0.0,0.0,0.0,0.0,126001,0.0,0.0,0.0,0.0,0.0,0.0,0.0,10.0,0.0,0.0,0.0,37,2700.0,0.0
0.0,0.0,0.0,0.0,126101,2700.0,0.0,0.0,0.0,0.0,0.0,0.0,10.0,0.0,0.0,0.0,36,0.0,0.0
0.0,0.0,0.0,0.0,126101,2700.0,0.0,0.0,0.0,0.0,0.0,0.0,10.0,0.0,0.0,0.0,37,0.0,0.0
0.0,0.0,0.0,0.0,126201,2700.0,0.0,0.0,0.0,0.0,0.0,0.0,10.0,0.0,0.0,0.0,36,0.0,0.0
0.0,0.0,0.0,0.0,126201,2700.0,0.0,0.0,0.0,0.0,0.0,0.0,10.0,0.0,0.0,0.0,37,0.0,0.0
0.0,0.0,0.0,0.0,126301,2700.0,0.0,0.0,0.0,0.0,0.0,0.0,10.0,0.0,0.0,0.0,36,0.0,0.0
0.0,0.0,0.0,0.0,126301,2700.0,0.0,0.0,0.0,0.0,0.0,0.0,10.0,0.0,0.0,0.0,37,0.0,0.0
0.0,0.0,0.0,0.0,126401,0.0,0.0,0.0,0.0,0.0,0.0,0.0,10.0,0.0,0.0,0.0,36,2700.0,0.0
0.0,0.0,0.0,0.0,126401,0.0,0.0,0.0,0.0,0.0,0.0,0.0,10.0,0.0,0.0,0.0,37,2700.0,0.0
0.0,0.0,0.0,0.0,126501,2700.0,0.0,0.0,0.0,0.0,0.0,0.0,10.0,0.0,0.0,0.0,36,0.0,0.0
0.0,0.0,0.0,0.0,126501,2700.0,0.0,0.0,0.0,0.0,0.0,0.0,10.0,0.0,0.0,0.0,37,0.0,0.0
0.0,0.0,0.0,0.0,126601,2700.0,0.0,0.0,0.0,0.0,0.0,0.0,10.0,0.0,0.0,0.0,36,0.0,0.0
0.0,0.0,0.0,0.0,126601,2700.0,0.0,0.0,0.0,0.0,0.0,0.0,10.0,0.0,0.0,0.0,37,0.0,0.0
0.0,0.0,0.0,0.0,126701,0.0,0.0,0.0,0.0,0.0,0.0,0.0,10.0,0.0,0.0,0.0,36,2700.0,0.0
0.0,0.0,0.0,0.0,126701,0.0,0.0,0.0,0.0,0.0,0.0,0.0,10.0,0.0,0.0,0.0,37,2700.0,0.0
0.0,0.0,0.0,0.0,126801,0.0,0.0,0.0,0.0,0.0,0.0,0.0,10.0,0.0,0.0,0.0,36,2700.0,0.0
0.0,0.0,0.0,0.0,126801,0.0,0.0,0.0,0.0,0.0,0.0,0.0,10.0,0.0,0.0,0.0,37,2700.0,0.0
0.0,0.0,0.0,0.0,126901,2700.0,0.0,0.0,0.0,0.0,0.0,0.0,10.0,0.0,0.0,0.0,36,0.0,0.0
0.0,0.0,0.0,0.0,126901,2700.0,0.0,0.0,0.0,0.0,0.0,0.0,10.0,0.0,0.0,0.0,37,0.0,0.0
0.0,0.0,0.0,0.0,127001,0.0,0.0,0.0,0.0,0.0,0.0,0.0,10.0,0.0,0.0,0.0,36,2700.0,0.0
0.0,0.0,0.0,0.0,127001,0.0,0.0,0.0,0.0,0.0,0.0,0.0,10.0,0.0,0.0,0.0,37,2700.0,0.0
0.0,0.0,0.0,0.0,127101,0.0,0.0,0.0,0.0,0.0,0.0,0.0,10.0,0.0,0.0,0.0,36,2700.0,0.0
0.0,0.0,0.0,0.0,127101,0.0,0.0,0.0,0.0,0.0,0.0,0.0,10.0,0.0,0.0,0.0,37,2700.0,0.0
0.0,0.0,0.0,0.0,127201,2700.0,0.0,0.0,0.0,0.0,0.0,0.0,10.0,0.0,0.0,0.0,36,0.0,0.0
0.0,0.0,0.0,0.0,127201,2700.0,0.0,0.0,0.0,0.0,0.0,0.0,10.0,0.0,0.0,0.0,37,0.0,0.0
0.0,0.0,0.0,0.0,127301,0.0,0.0,0.0,0.0,0.0,0.0,0.0,10.0,0.0,0.0,0.0,36,2700.0,0.0
0.0,0.0,0.0,0.0,127301,0.0,0.0,0.0,0.0,0.0,0.0,0.0,10.0,0.0,0.0,0.0,37,2700.0,0.0
0.0,0.0,0.0,0.0,127501,0.0,0.0,0.0,0.0,0.0,0.0,0.0,10.0,0.0,0.0,0.0,36,2700.0,0.0
0.0,0.0,0.0,0.0,127501,0.0,0.0,0.0,0.0,0.0,0.0,0.0,10.0,0.0,0.0,0.0,37,2700.0,0.0
0.0,0.0,0.0,0.0,127601,0.0,0.0,0.0,0.0,0.0,0.0,0.0,10.0,0.0,0.0,0.0,36,2700.0,0.0
0.0,0.0,0.0,0.0,127601,0.0,0.0,0.0,0.0,0.0,0.0,0.0,10.0,0.0,0.0,0.0,37,2700.0,0.0
0.0,0.0,0.0,0.0,127701,2700.0,0.0,0.0,0.0,0.0,0.0,0.0,10.0,0.0,0.0,0.0,36,0.0,0.0
0.0,0.0,0.0,0.0,127701,2700.0,0.0,0.0,0.0,0.0,0.0,0.0,10.0,0.0,0.0,0.0,37,0.0,0.0
0.0,0.0,0.0,0.0,127801,2700.0,0.0,0.0,0.0,0.0,0.0,0.0,10.0,0.0,0.0,0.0,36,0.0,0.0
0.0,0.0,0.0,0.0,127801,2700.0,0.0,0.0,0.0,0.0,0.0,0.0,10.0,0.0,0.0,0.0,37,0.0,0.0
0.0,0.0,0.0,0.0,127901,2700.0,0.0,0.0,0.0,0.0,0.0,0.0,10.0,0.0,0.0,0.0,36,0.0,0.0
0.0,0.0,0.0,0.0,127901,2700.0,0.0,0.0,0.0,0.0,0.0,0.0,10.0,0.0,0.0,0.0,37,0.0,0.0
0.0,0.0,0.0,0.0,128001,0.0,0.0,0.0,0.0,0.0,0.0,0.0,10.0,0.0,0.0,0.0,36,2700.0,0.0
0.0,0.0,0.0,0.0,128001,0.0,0.0,0.0,0.0,0.0,0.0,0.0,10.0,0.0,0.0,0.0,37,2700.0,0.0
0.0,0.0,0.0,0.0,128301,0.0,0.0,0.0,0.0,0.0,0.0,0.0,10.0,0.0,0.0,0.0,36,2700.0,0.0
0.0,0.0,0.0,0.0,128301,0.0,0.0,0.0,0.0,0.0,0.0,0.0,10.0,0.0,0.0,0.0,37,2700.0,0.0
0.0,0.0,0.0,0.0,128401,2700.0,0.0,0.0,0.0,0.0,0.0,0.0,10.0,0.0,0.0,0.0,36,0.0,0.0
0.0,0.0,0.0,0.0,128401,2700.0,0.0,0.0,0.0,0.0,0.0,0.0,10.0,0.0,0.0,0.0,37,0.0,0.0
0.0,0.0,0.0,0.0,128501,2700.0,0.0,0.0,0.0,0.0,0.0,0.0,10.0,0.0,0.0,0.0,36,0.0,0.0
0.0,0.0,0.0,0.0,128501,2700.0,0.0,0.0,0.0,0.0,0.0,0.0,10.0,0.0,0.0,0.0,37,0.0,0.0
0.0,0.0,0.0,0.0,128701,0.0,0.0,0.0,0.0,0.0,0.0,0.0,10.0,0.0,0.0,0.0,36,2700.0,0.0
0.0,0.0,0.0,0.0,128701,0.0,0.0,0.0,0.0,0.0,0.0,0.0,10.0,0.0,0.0,0.0,37,2700.0,0.0
0.0,0.0,0.0,0.0,128801,0.0,0.0,0.0,0.0,0.0,0.0,0.0,10.0,0.0,0.0,0.0,36,2700.0,0.0
0.0,0.0,0.0,0.0,128801,0.0,0.0,0.0,0.0,0.0,0.0,0.0,10.0,0.0,0.0,0.0,37,2700.0,0.0
0.0,0.0,0.0,0.0,128901,2700.0,0.0,0.0,0.0,0.0,0.0,0.0,10.0,0.0,0.0,0.0,36,0.0,0.0
0.0,0.0,0.0,0.0,128901,2700.0,0.0,0.0,0.0,0.0,0.0,0.0,10.0,0.0,0.0,0.0,37,0.0,0.0
0.0,0.0,0.0,0.0,129001,2700.0,0.0,0.0,0.0,0.0,0.0,0.0,10.0,0.0,0.0,0.0,36,0.0,0.0
0.0,0.0,0.0,0.0,129001,2700.0,0.0,0.0,0.0,0.0,0.0,0.0,10.0,0.0,0.0,0.0,37,0.0,0.0
0.0,0.0,0.0,0.0,129301,0.0,0.0,0.0,0.0,0.0,0.0,0.0,10.0,0.0,0.0,0.0,36,2700.0,0.0
0.0,0.0,0.0,0.0,129301,0.0,0.0,0.0,0.0,0.0,0.0,0.0,10.0,0.0,0.0,0.0,37,2700.0,0.0
0.0,0.0,0.0,0.0,129401,0.0,0.0,0.0,0.0,0.0,0.0,0.0,10.0,0.0,0.0,0.0,36,2700.0,0.0
0.0,0.0,0.0,0.0,129401,0.0,0.0,0.0,0.0,0.0,0.0,0.0,10.0,0.0,0.0,0.0,37,2700.0,0.0
0.0,0.0,0.0,0.0,129501,0.0,0.0,0.0,0.0,0.0,0.0,0.0,10.0,0.0,0.0,0.0,36,2700.0,0.0
0.0,0.0,0.0,0.0,129501,0.0,0.0,0.0,0.0,0.0,0.0,0.0,10.0,0.0,0.0,0.0,37,2700.0,0.0
0.0,0.0,0.0,0.0,129601,0.0,0.0,0.0,0.0,0.0,0.0,0.0,10.0,0.0,0.0,0.0,36,2700.0,0.0
0.0,0.0,0.0,0.0,129601,0.0,0.0,0.0,0.0,0.0,0.0,0.0,10.0,0.0,0.0,0.0,37,2700.0,0.0
0.0,0.0,0.0,0.0,129701,0.0,0.0,0.0,0.0,0.0,0.0,0.0,10.0,0.0,0.0,0.0,36,2700.0,0.0
0.0,0.0,0.0,0.0,129701,0.0,0.0,0.0,0.0,0.0,0.0,0.0,10.0,0.0,0.0,0.0,37,2700.0,0.0
0.0,0.0,0.0,0.0,129801,0.0,0.0,0.0,0.0,0.0,0.0,0.0,10.0,0.0,0.0,0.0,36,2700.0,0.0
0.0,0.0,0.0,0.0,129801,0.0,0.0,0.0,0.0,0.0,0.0,0.0,10.0,0.0,0.0,0.0,37,2700.0,0.0
0.0,0.0,0.0,0.0,129901,0.0,0.0,0.0,0.0,0.0,0.0,0.0,10.0,0.0,0.0,0.0,36,2700.0,0.0
0.0,0.0,0.0,0.0,129901,0.0,0.0,0.0,0.0,0.0,0.0,0.0,10.0,0.0,0.0,0.0,37,2700.0,0.0
0.0,0.0,0.0,0.0,130001,0.0,0.0,0.0,0.0,0.0,0.0,0.0,10.0,0.0,0.0,0.0,36,2700.0,0.0
0.0,0.0,0.0,0.0,130001,0.0,0.0,0.0,0.0,0.0,0.0,0.0,10.0,0.0,0.0,0.0,37,2700.0,0.0
0.0,0.0,0.0,0.0,130101,0.0,0.0,0.0,0.0,0.0,0.0,0.0,10.0,0.0,0.0,0.0,36,2700.0,0.0
0.0,0.0,0.0,0.0,130101,0.0,0.0,0.0,0.0,0.0,0.0,0.0,10.0,0.0,0.0,0.0,37,2700.0,0.0
0.0,0.0,0.0,0.0,130201,0.0,0.0,0.0,0.0,0.0,0.0,0.0,10.0,0.0,0.0,0.0,36,2700.0,0.0
0.0,0.0,0.0,0.0,130201,0.0,0.0,0.0,0.0,0.0,0.0,0.0,10.0,0.0,0.0,0.0,37,2700.0,0.0
0.0,0.0,0.0,0.0,130701,2700.0,0.0,0.0,0.0,0.0,0.0,0.0,10.0,0.0,0.0,0.0,36,0.0,0.0
0.0,0.0,0.0,0.0,130701,2700.0,0.0,0.0,0.0,0.0,0.0,0.0,10.0,0.0,0.0,0.0,37,0.0,0.0
0.0,0.0,0.0,0.0,130801,2700.0,0.0,0.0,0.0,0.0,0.0,0.0,10.0,0.0,0.0,0.0,36,0.0,0.0
0.0,0.0,0.0,0.0,130801,2700.0,0.0,0.0,0.0,0.0,0.0,0.0,10.0,0.0,0.0,0.0,37,0.0,0.0
0.0,0.0,0.0,0.0,130901,2700.0,0.0,0.0,0.0,0.0,0.0,0.0,10.0,0.0,0.0,0.0,36,0.0,0.0
0.0,0.0,0.0,0.0,130901,2700.0,0.0,0.0,0.0,0.0,0.0,0.0,10.0,0.0,0.0,0.0,37,0.0,0.0
0.0,0.0,0.0,0.0,131001,2700.0,0.0,0.0,0.0,0.0,0.0,0.0,10.0,0.0,0.0,0.0,36,0.0,0.0
0.0,0.0,0.0,0.0,131001,2700.0,0.0,0.0,0.0,0.0,0.0,0.0,10.0,0.0,0.0,0.0,37,0.0,0.0
0.0,0.0,0.0,0.0,131101,0.0,0.0,0.0,0.0,0.0,0.0,0.0,10.0,0.0,0.0,0.0,36,2700.0,0.0
0.0,0.0,0.0,0.0,131101,0.0,0.0,0.0,0.0,0.0,0.0,0.0,10.0,0.0,0.0,0.0,37,2700.0,0.0
0.0,0.0,0.0,0.0,131201,2700.0,0.0,0.0,0.0,0.0,0.0,0.0,10.0,0.0,0.0,0.0,36,0.0,0.0
0.0,0.0,0.0,0.0,131201,2700.0,0.0,0.0,0.0,0.0,0.0,0.0,10.0,0.0,0.0,0.0,37,0.0,0.0
0.0,0.0,0.0,0.0,131601,0.0,0.0,0.0,0.0,0.0,0.0,0.0,10.0,0.0,0.0,0.0,36,2700.0,0.0
0.0,0.0,0.0,0.0,131601,0.0,0.0,0.0,0.0,0.0,0.0,0.0,10.0,0.0,0.0,0.0,37,2700.0,0.0
0.0,0.0,0.0,0.0,131701,2700.0,0.0,0.0,0.0,0.0,0.0,0.0,10.0,0.0,0.0,0.0,36,0.0,0.0
0.0,0.0,0.0,0.0,131701,2700.0,0.0,0.0,0.0,0.0,0.0,0.0,10.0,0.0,0.0,0.0,37,0.0,0.0
0.0,0.0,0.0,0.0,131801,2700.0,0.0,0.0,0.0,0.0,0.0,0.0,10.0,0.0,0.0,0.0,36,0.0,0.0
0.0,0.0,0.0,0.0,131801,2700.0,0.0,0.0,0.0,0.0,0.0,0.0,10.0,0.0,0.0,0.0,37,0.0,0.0
0.0,0.0,0.0,0.0,131901,2700.0,0.0,0.0,0.0,0.0,0.0,0.0,10.0,0.0,0.0,0.0,36,0.0,0.0
0.0,0.0,0.0,0.0,131901,2700.0,0.0,0.0,0.0,0.0,0.0,0.0,10.0,0.0,0.0,0.0,37,0.0,0.0
0.0,0.0,0.0,0.0,132001,2700.0,0.0,0.0,0.0,0.0,0.0,0.0,10.0,0.0,0.0,0.0,36,0.0,0.0
0.0,0.0,0.0,0.0,132001,2700.0,0.0,0.0,0.0,0.0,0.0,0.0,10.0,0.0,0.0,0.0,37,0.0,0.0
0.0,0.0,0.0,0.0,132101,0.0,0.0,0.0,0.0,0.0,0.0,0.0,10.0,0.0,0.0,0.0,36,2700.0,0.0
0.0,0.0,0.0,0.0,132101,0.0,0.0,0.0,0.0,0.0,0.0,0.0,10.0,0.0,0.0,0.0,37,2700.0,0.0
0.0,0.0,0.0,0.0,132201,2700.0,0.0,0.0,0.0,0.0,0.0,0.0,10.0,0.0,0.0,0.0,36,0.0,0.0
0.0,0.0,0.0,0.0,132201,2700.0,0.0,0.0,0.0,0.0,0.0,0.0,10.0,0.0,0.0,0.0,37,0.0,0.0
0.0,0.0,0.0,0.0,132301,2700.0,0.0,0.0,0.0,0.0,0.0,0.0,10.0,0.0,0.0,0.0,36,0.0,0.0
0.0,0.0,0.0,0.0,132301,2700.0,0.0,0.0,0.0,0.0,0.0,0.0,10.0,0.0,0.0,0.0,37,0.0,0.0
0.0,0.0,0.0,0.0,132401,0.0,0.0,0.0,0.0,0.0,0.0,0.0,10.0,0.0,0.0,0.0,36,2700.0,0.0
0.0,0.0,0.0,0.0,132401,0.0,0.0,0.0,0.0,0.0,0.0,0.0,10.0,0.0,0.0,0.0,37,2700.0,0.0
0.0,0.0,0.0,0.0,132501,2700.0,0.0,0.0,0.0,0.0,0.0,0.0,10.0,0.0,0.0,0.0,36,0.0,0.0
0.0,0.0,0.0,0.0,132501,2700.0,0.0,0.0,0.0,0.0,0.0,0.0,10.0,0.0,0.0,0.0,37,0.0,0.0
0.0,0.0,0.0,0.0,132801,2700.0,0.0,0.0,0.0,0.0,0.0,0.0,10.0,0.0,0.0,0.0,36,0.0,0.0
0.0,0.0,0.0,0.0,132801,2700.0,0.0,0.0,0.0,0.0,0.0,0.0,10.0,0.0,0.0,0.0,37,0.0,0.0
0.0,0.0,0.0,0.0,132901,2700.0,0.0,0.0,0.0,0.0,0.0,0.0,10.0,0.0,0.0,0.0,36,0.0,0.0
0.0,0.0,0.0,0.0,132901,2700.0,0.0,0.0,0.0,0.0,0.0,0.0,10.0,0.0,0.0,0.0,37,0.0,0.0
0.0,0.0,0.0,0.0,133001,0.0,0.0,0.0,0.0,0.0,0.0,0.0,10.0,0.0,0.0,0.0,36,2700.0,0.0
0.0,0.0,0.0,0.0,133001,0.0,0.0,0.0,0.0,0.0,0.0,0.0,10.0,0.0,0.0,0.0,37,2700.0,0.0
0.0,0.0,0.0,0.0,133101,0.0,0.0,0.0,0.0,0.0,0.0,0.0,10.0,0.0,0.0,0.0,36,2700.0,0.0
0.0,0.0,0.0,0.0,133101,0.0,0.0,0.0,0.0,0.0,0.0,0.0,10.0,0.0,0.0,0.0,37,2700.0,0.0
0.0,0.0,0.0,0.0,133201,0.0,0.0,0.0,0.0,0.0,0.0,0.0,10.0,0.0,0.0,0.0,36,2700.0,0.0
0.0,0.0,0.0,0.0,133201,0.0,0.0,0.0,0.0,0.0,0.0,0.0,10.0,0.0,0.0,0.0,37,2700.0,0.0
0.0,0.0,0.0,0.0,133501,2700.0,0.0,0.0,0.0,0.0,0.0,0.0,10.0,0.0,0.0,0.0,36,0.0,0.0
0.0,0.0,0.0,0.0,133501,2700.0,0.0,0.0,0.0,0.0,0.0,0.0,10.0,0.0,0.0,0.0,37,0.0,0.0
0.0,0.0,0.0,0.0,133601,0.0,0.0,0.0,0.0,0.0,0.0,0.0,10.0,0.0,0.0,0.0,36,2700.0,0.0
0.0,0.0,0.0,0.0,133601,0.0,0.0,0.0,0.0,0.0,0.0,0.0,10.0,0.0,0.0,0.0,37,2700.0,0.0
0.0,0.0,0.0,0.0,133701,2700.0,0.0,0.0,0.0,0.0,0.0,0.0,10.0,0.0,0.0,0.0,36,0.0,0.0
0.0,0.0,0.0,0.0,133701,2700.0,0.0,0.0,0.0,0.0,0.0,0.0,10.0,0.0,0.0,0.0,37,0.0,0.0
0.0,0.0,0.0,0.0,133801,2700.0,0.0,0.0,0.0,0.0,0.0,0.0,10.0,0.0,0.0,0.0,36,0.0,0.0
0.0,0.0,0.0,0.0,133801,2700.0,0.0,0.0,0.0,0.0,0.0,0.0,10.0,0.0,0.0,0.0,37,0.0,0.0
0.0,0.0,0.0,0.0,133901,0.0,0.0,0.0,0.0,0.0,0.0,0.0,10.0,0.0,0.0,0.0,36,2700.0,0.0
0.0,0.0,0.0,0.0,133901,0.0,0.0,0.0,0.0,0.0,0.0,0.0,10.0,0.0,0.0,0.0,37,2700.0,0.0
0.0,0.0,0.0,0.0,134001,2700.0,0.0,0.0,0.0,0.0,0.0,0.0,10.0,0.0,0.0,0.0,36,0.0,0.0
0.0,0.0,0.0,0.0,134001,2700.0,0.0,0.0,0.0,0.0,0.0,0.0,10.0,0.0,0.0,0.0,37,0.0,0.0
0.0,0.0,0.0,0.0,134301,2700.0,0.0,0.0,0.0,0.0,0.0,0.0,10.0,0.0,0.0,0.0,36,0.0,0.0
0.0,0.0,0.0,0.0,134301,2700.0,0.0,0.0,0.0,0.0,0.0,0.0,10.0,0.0,0.0,0.0,37,0.0,0.0
0.0,0.0,0.0,0.0,134401,2700.0,0.0,0.0,0.0,0.0,0.0,0.0,10.0,0.0,0.0,0.0,36,0.0,0.0
0.0,0.0,0.0,0.0,134401,2700.0,0.0,0.0,0.0,0.0,0.0,0.0,10.0,0.0,0.0,0.0,37,0.0,0.0
0.0,0.0,0.0,0.0,134501,2700.0,0.0,0.0,0.0,0.0,0.0,0.0,10.0,0.0,0.0,0.0,36,0.0,0.0
0.0,0.0,0.0,0.0,134501,2700.0,0.0,0.0,0.0,0.0,0.0,0.0,10.0,0.0,0.0,0.0,37,0.0,0.0
0.0,0.0,0.0,0.0,134601,0.0,0.0,0.0,0.0,0.0,0.0,0.0,10.0,0.0,0.0,0.0,36,2700.0,0.0
0.0,0.0,0.0,0.0,134601,0.0,0.0,0.0,0.0,0.0,0.0,0.0,10.0,0.0,0.0,0.0,37,2700.0,0.0
0.0,0.0,0.0,0.0,134701,0.0,0.0,0.0,0.0,0.0,0.0,0.0,10.0,0.0,0.0,0.0,36,2700.0,0.0
0.0,0.0,0.0,0.0,134701,0.0,0.0,0.0,0.0,0.0,0.0,0.0,10.0,0.0,0.0,0.0,37,2700.0,0.0
0.0,0.0,0.0,0.0,134801,0.0,0.0,0.0,0.0,0.0,0.0,0.0,10.0,0.0,0.0,0.0,36,2700.0,0.0
0.0,0.0,0.0,0.0,134801,0.0,0.0,0.0,0.0,0.0,0.0,0.0,10.0,0.0,0.0,0.0,37,2700.0,0.0
0.0,0.0,0.0,0.0,134901,0.0,0.0,0.0,0.0,0.0,0.0,0.0,10.0,0.0,0.0,0.0,36,2700.0,0.0
0.0,0.0,0.0,0.0,134901,0.0,0.0,0.0,0.0,0.0,0.0,0.0,10.0,0.0,0.0,0.0,37,2700.0,0.0
0.0,0.0,0.0,0.0,135001,2700.0,0.0,0.0,0.0,0.0,0.0,0.0,10.0,0.0,0.0,0.0,36,0.0,0.0
0.0,0.0,0.0,0.0,135001,2700.0,0.0,0.0,0.0,0.0,0.0,0.0,10.0,0.0,0.0,0.0,37,0.0,0.0
0.0,0.0,0.0,0.0,135101,0.0,0.0,0.0,0.0,0.0,0.0,0.0,10.0,0.0,0.0,0.0,36,2700.0,0.0
0.0,0.0,0.0,0.0,135101,0.0,0.0,0.0,0.0,0.0,0.0,0.0,10.0,0.0,0.0,0.0,37,2700.0,0.0
0.0,0.0,0.0,0.0,135201,2700.0,0.0,0.0,0.0,0.0,0.0,0.0,10.0,0.0,0.0,0.0,36,0.0,0.0
0.0,0.0,0.0,0.0,135201,2700.0,0.0,0.0,0.0,0.0,0.0,0.0,10.0,0.0,0.0,0.0,37,0.0,0.0
0.0,0.0,0.0,0.0,180101,0.0,0.0,0.0,0.0,0.0,0.0,0.0,10.0,0.0,0.0,0.0,36,2700.0,0.0
0.0,0.0,0.0,0.0,180101,0.0,0.0,0.0,0.0,0.0,0.0,0.0,10.0,0.0,0.0,0.0,37,2700.0,0.0
0.0,0.0,0.0,0.0,180201,2700.0,0.0,0.0,0.0,0.0,0.0,0.0,10.0,0.0,0.0,0.0,36,0.0,0.0
0.0,0.0,0.0,0.0,180201,2700.0,0.0,0.0,0.0,0.0,0.0,0.0,10.0,0.0,0.0,0.0,37,0.0,0.0
0.0,0.0,0.0,0.0,180301,0.0,0.0,0.0,0.0,0.0,0.0,0.0,10.0,0.0,0.0,0.0,36,2700.0,0.0
0.0,0.0,0.0,0.0,180301,0.0,0.0,0.0,0.0,0.0,0.0,0.0,10.0,0.0,0.0,0.0,37,2700.0,0.0
0.0,0.0,0.0,0.0,180401,0.0,0.0,0.0,0.0,0.0,0.0,0.0,10.0,0.0,0.0,0.0,36,2700.0,0.0
0.0,0.0,0.0,0.0,180401,0.0,0.0,0.0,0.0,0.0,0.0,0.0,10.0,0.0,0.0,0.0,37,2700.0,0.0
0.0,0.0,0.0,0.0,180501,0.0,0.0,0.0,0.0,0.0,0.0,0.0,10.0,0.0,0.0,0.0,36,2700.0,0.0
0.0,0.0,0.0,0.0,180501,0.0,0.0,0.0,0.0,0.0,0.0,0.0,10.0,0.0,0.0,0.0,37,2700.0,0.0
0.0,0.0,0.0,0.0,180601,2700.0,0.0,0.0,0.0,0.0,0.0,0.0,10.0,0.0,0.0,0.0,36,0.0,0.0
0.0,0.0,0.0,0.0,180601,2700.0,0.0,0.0,0.0,0.0,0.0,0.0,10.0,0.0,0.0,0.0,37,0.0,0.0
0.0,0.0,0.0,0.0,180701,0.0,0.0,0.0,0.0,0.0,0.0,0.0,10.0,0.0,0.0,0.0,36,2700.0,0.0
0.0,0.0,0.0,0.0,180701,0.0,0.0,0.0,0.0,0.0,0.0,0.0,10.0,0.0,0.0,0.0,37,2700.0,0.0
0.0,0.0,0.0,0.0,180801,0.0,0.0,0.0,0.0,0.0,0.0,0.0,10.0,0.0,0.0,0.0,36,2700.0,0.0
0.0,0.0,0.0,0.0,180801,0.0,0.0,0.0,0.0,0.0,0.0,0.0,10.0,0.0,0.0,0.0,37,2700.0,0.0
0.0,0.0,0.0,0.0,180901,0.0,0.0,0.0,0.0,0.0,0.0,0.0,10.0,0.0,0.0,0.0,36,2700.0,0.0
0.0,0.0,0.0,0.0,180901,0.0,0.0,0.0,0.0,0.0,0.0,0.0,10.0,0.0,0.0,0.0,37,2700.0,0.0
0.0,0.0,0.0,0.0,181001,2700.0,0.0,0.0,0.0,0.0,0.0,0.0,10.0,0.0,0.0,0.0,36,0.0,0.0
0.0,0.0,0.0,0.0,181001,2700.0,0.0,0.0,0.0,0.0,0.0,0.0,10.0,0.0,0.0,0.0,37,0.0,0.0
0.0,0.0,0.0,0.0,181101,0.0,0.0,0.0,0.0,0.0,0.0,0.0,10.0,0.0,0.0,0.0,36,2700.0,0.0
0.0,0.0,0.0,0.0,181101,0.0,0.0,0.0,0.0,0.0,0.0,0.0,10.0,0.0,0.0,0.0,37,2700.0,0.0
0.0,0.0,0.0,0.0,181201,0.0,0.0,0.0,0.0,0.0,0.0,0.0,10.0,0.0,0.0,0.0,36,2700.0,0.0
0.0,0.0,0.0,0.0,181201,0.0,0.0,0.0,0.0,0.0,0.0,0.0,10.0,0.0,0.0,0.0,37,2700.0,0.0
0.0,0.0,0.0,0.0,170101,0.0,0.0,0.0,0.0,0.0,0.0,0.0,10.0,0.0,0.0,0.0,36,2700.0,0.0
0.0,0.0,0.0,0.0,170101,0.0,0.0,0.0,0.0,0.0,0.0,0.0,10.0,0.0,0.0,0.0,37,2700.0,0.0
0.0,0.0,0.0,0.0,170201,0.0,0.0,0.0,0.0,0.0,0.0,0.0,10.0,0.0,0.0,0.0,36,2700.0,0.0
0.0,0.0,0.0,0.0,170201,0.0,0.0,0.0,0.0,0.0,0.0,0.0,10.0,0.0,0.0,0.0,37,2700.0,0.0
