dodge,promotion_level,rarity,ex_skill_lv_2,main_skill_lv_3,magic_def,main_skill_lv_1,energy_reduce_rate,main_skill_lv_9,main_skill_lv_2,life_steal,union_burst_level,hp_recovery_rate,ex_skill_lv_1,main_skill_lv_10,resist_status_id,magic_critical,unique_equipment_flag_1,ex_skill_lv_4,ex_skill_lv_5,wave_hp_recovery,name,unit_id,resist_variation_id,physical_critical,atk,virtual_hp,enemy_id,energy_recovery_rate,def,accuracy,magic_penetrate,break_durability,main_skill_lv_4,main_skill_lv_5,ex_skill_lv_3,physical_penetrate,main_skill_lv_6,magic_str,wave_energy_recovery,hp,level,main_skill_lv_7,main_skill_lv_8
1,1,1,11,11,9,11,0,11,11,0,11,0,11,11,200000006,10,0,11,11,0,长耳猴,200100,0,10,82,0,600010011,30,11,0,0,0,11,11,11,0,11,0,0,598,11,11,11
1,1,1,19,19,13,19,0,19,19,0,19,0,19,19,200000006,10,0,19,19,0,长耳猴,200100,0,10,177,0,600010019,30,15,0,0,0,19,19,19,0,19,0,0,1482,19,19,19
1,1,1,21,21,15,21,0,21,21,0,21,0,21,21,200000006,10,0,21,21,0,长耳猴,200100,0,10,206,0,600010021,30,18,0,0,0,21,21,21,0,21,0,0,1784,21,21,21
1,1,1,11,11,13,11,0,11,11,0,11,0,11,11,200000001,10,0,11,11,0,气球鸟,200200,0,10,138,0,600020011,30,11,0,0,0,11,11,11,0,11,0,0,954,11,11,11
1,1,1,19,19,16,19,0,19,19,0,19,0,19,19,200000001,10,0,19,19,0,气球鸟,200200,0,10,215,0,600020019,30,14,0,0,0,19,19,19,0,19,0,0,2090,19,19,19
1,1,1,20,20,16,20,0,20,20,0,20,0,20,20,200000001,10,0,20,20,0,气球鸟,200200,0,10,223,0,600020020,30,14,0,0,0,20,20,20,0,20,0,0,2296,20,20,20
1,1,1,11,11,13,11,0,11,11,0,11,0,11,11,200000008,10,0,11,11,0,魔界守门人,200300,0,10,0,0,600030011,30,22,0,0,0,11,11,11,0,11,123,0,1076,11,11,11
1,1,1,19,19,18,19,0,19,19,0,19,0,19,19,200000008,10,0,19,19,0,魔界守门人,200300,0,10,0,0,600030019,30,27,0,0,0,19,19,19,0,19,200,0,2828,19,19,19
1,1,1,20,20,18,20,0,20,20,0,20,0,20,20,200000008,10,0,20,20,0,魔界守门人,200300,0,10,0,0,600030020,30,27,0,0,0,20,20,20,0,20,203,0,2939,20,20,20
1,1,1,10,10,6,10,0,10,10,0,10,0,10,10,200000001,10,0,10,10,0,狼人,200400,0,10,247,0,600040010,30,8,0,0,0,10,10,10,0,10,0,0,1702,10,10,10
1,1,1,18,18,11,18,0,18,18,0,18,0,18,18,200000001,10,0,18,18,0,狼人,200400,0,10,426,0,600040018,30,14,0,0,0,18,18,18,0,18,0,0,3229,18,18,18
1,1,1,20,20,13,20,0,20,20,0,20,0,20,20,200000001,10,0,20,20,0,狼人,200400,0,10,490,0,600040020,30,16,0,0,0,20,20,20,0,20,0,0,3804,20,20,20
1,1,1,1,1,2,1,0,1,1,0,1,0,1,1,200000001,10,0,1,1,0,野性角鹿,200500,0,10,40,0,600050001,30,3,0,0,0,1,1,1,0,1,0,0,320,1,1,1
1,1,1,9,9,8,9,0,9,9,0,9,0,9,9,200000001,10,0,9,9,0,野性角鹿,200500,0,10,194,0,600050009,30,10,0,0,0,9,9,9,0,9,0,0,1634,9,9,9
1,1,1,12,12,10,12,0,12,12,0,12,0,12,12,200000001,10,0,12,12,0,野性角鹿,200500,0,10,231,0,600050012,30,13,0,0,0,12,12,12,0,12,0,0,1711,12,12,12
1,1,1,16,16,12,16,0,16,16,0,16,0,16,16,200000001,10,0,16,16,0,野性角鹿,200500,0,10,301,0,600050016,30,16,0,0,0,16,16,16,0,16,0,0,2290,16,16,16
1,1,1,20,20,13,20,0,20,20,0,20,0,20,20,200000001,10,0,20,20,0,野性角鹿,200500,0,10,446,0,600050020,30,18,0,0,0,20,20,20,0,20,0,0,3871,20,20,20
1,1,1,1,1,2,1,0,1,1,0,1,0,1,1,200000001,10,0,1,1,0,敏捷鼠妖,200600,0,10,28,0,600060001,30,3,0,0,0,1,1,1,0,1,0,0,154,1,1,1
1,1,1,4,4,4,4,0,4,4,0,4,0,4,4,200000001,10,0,4,4,0,敏捷鼠妖,200600,0,10,49,0,600060004,30,5,0,0,0,4,4,4,0,4,0,0,297,4,4,4
1,1,1,13,13,10,13,0,13,13,0,13,0,13,13,200000001,10,0,13,13,0,敏捷鼠妖,200600,0,10,203,0,600060013,30,11,0,0,0,13,13,13,0,13,0,0,699,13,13,13
1,1,1,16,16,12,16,0,16,16,0,16,0,16,16,200000001,10,0,16,16,0,敏捷鼠妖,200600,0,10,260,0,600060016,30,13,0,0,0,16,16,16,0,16,0,0,1026,16,16,16
1,1,1,20,20,15,20,0,20,20,0,20,0,20,20,200000001,10,0,20,20,0,敏捷鼠妖,200600,0,10,335,0,600060020,30,16,0,0,0,20,20,20,0,20,0,0,1462,20,20,20
1,1,1,1,1,2,1,0,1,1,0,1,0,1,1,200000006,10,0,1,1,0,木魂,200700,0,10,0,0,600070001,30,3,0,0,0,1,1,1,0,1,23,0,356,1,1,1
1,1,1,13,13,14,13,0,13,13,0,13,0,13,13,200000006,10,0,13,13,0,木魂,200700,0,10,0,0,600070013,30,12,0,0,0,13,13,13,0,13,235,0,1229,13,13,13
1,1,1,22,22,17,22,0,22,22,0,22,0,22,22,200000006,10,0,22,22,0,木魂,200700,0,10,0,0,600070022,30,14,0,0,0,22,22,22,0,22,358,0,2081,22,22,22
1,1,1,4,4,4,4,0,4,4,0,4,0,4,4,200000006,10,0,4,4,0,食岩精灵,200800,0,10,43,0,600080004,30,6,0,0,0,4,4,4,0,4,0,0,409,4,4,4
1,1,1,16,16,12,16,0,16,16,0,16,0,16,16,200000006,10,0,16,16,0,食岩精灵,200800,0,10,163,0,600080016,30,18,0,0,0,16,16,16,0,16,0,0,1003,16,16,16
1,1,1,1,1,2,1,0,1,1,0,1,0,1,1,200000001,10,0,1,1,0,树妖,200900,0,10,28,0,600090001,30,3,0,0,0,1,1,1,0,1,0,0,301,1,1,1
1,1,1,13,13,14,13,0,13,13,0,13,0,13,13,200000001,10,0,13,13,0,树妖,200900,0,10,170,0,600090013,30,15,0,0,0,13,13,13,0,13,0,0,1182,13,13,13
1,1,1,22,22,21,22,0,22,22,0,22,0,22,22,200000001,10,0,22,22,0,树妖,200900,0,10,298,0,600090022,30,22,0,0,0,22,22,22,0,22,0,0,2743,22,22,22
1,1,1,23,23,21,23,0,23,23,0,23,0,23,23,200000001,10,0,23,23,0,树妖,200900,0,10,307,0,600090023,30,22,0,0,0,23,23,23,0,23,0,0,2878,23,23,23
1,1,1,3,3,5,3,0,3,3,0,3,0,3,3,200000001,10,0,3,3,0,蜷旋金合欢,200901,0,10,44,0,600090103,30,6,0,0,0,3,3,3,0,3,0,0,665,3,3,3
1,1,1,14,14,12,14,0,14,14,0,14,0,14,14,200000001,10,0,14,14,0,蜷旋金合欢,200901,0,10,284,0,600090114,30,14,0,0,0,14,14,14,0,14,0,0,1594,14,14,14
1,1,1,22,22,17,22,0,22,22,0,22,0,22,22,200000001,10,0,22,22,0,蜷旋金合欢,200901,0,10,455,0,600090122,30,20,0,0,0,22,22,22,0,22,0,0,3199,22,22,22
1,1,1,11,11,12,11,0,11,11,0,11,0,11,11,200000010,10,0,11,11,0,狱火骷髅,201000,0,10,0,0,600100011,30,10,0,0,0,11,11,11,0,11,165,0,769,11,11,11
1,1,1,19,19,19,19,0,19,19,0,19,0,19,19,200000010,10,0,19,19,0,狱火骷髅,201000,0,10,0,0,600100019,30,16,0,0,0,19,19,19,0,19,285,0,1944,19,19,19
1,1,1,3,3,4,3,0,3,3,0,3,0,3,3,200000001,10,0,3,3,0,狗头人,201100,0,10,29,0,600110003,30,5,0,0,0,3,3,3,0,3,0,0,463,3,3,3
1,1,1,14,14,11,14,0,14,14,0,14,0,14,14,200000001,10,0,14,14,0,狗头人,201100,0,10,162,0,600110014,30,12,0,0,0,14,14,14,0,14,0,0,1265,14,14,14
1,1,1,22,22,14,22,0,22,22,0,22,0,22,22,200000001,10,0,22,22,0,狗头人,201100,0,10,251,0,600110022,30,16,0,0,0,22,22,22,0,22,0,0,2079,22,22,22
1,1,1,23,23,21,23,0,23,23,0,23,0,23,23,200000001,10,0,23,23,0,狗头人,201100,0,10,266,0,600110023,30,23,0,0,0,23,23,23,0,23,0,0,2091,23,23,23
1,1,1,1,1,3,1,0,1,1,0,1,0,1,1,200000001,10,0,1,1,0,魔像,201200,0,10,52,0,600120001,30,102,0,0,0,1,1,1,0,1,0,0,231,1,1,1
1,1,1,12,12,18,12,0,12,12,0,12,0,12,12,200000003,10,0,12,12,0,魔像,201200,0,10,192,0,600120012,30,273,0,0,0,12,12,12,0,12,0,0,878,12,12,12
1,1,1,22,22,33,22,0,22,22,0,22,0,22,22,200000003,10,0,22,22,0,魔像,201200,0,10,413,0,600120022,30,300,0,0,0,22,22,22,0,22,0,0,2461,22,22,22
1,1,1,1,1,4,1,0,1,1,0,1,0,1,1,200000003,10,0,1,1,0,岩之花,201300,0,10,31,0,600130001,30,5,0,0,0,1,1,1,0,1,0,0,479,1,1,1
1,1,1,13,13,13,13,0,13,13,0,13,0,13,13,200000003,10,0,13,13,0,岩之花,201300,0,10,137,0,600130013,30,17,0,0,0,13,13,13,0,13,0,0,1088,13,13,13
1,1,1,10,10,9,10,0,10,10,0,10,0,10,10,200000009,10,0,10,10,0,狂乱花,201301,0,10,83,0,600130110,30,10,0,0,0,10,10,10,0,10,0,0,1033,10,10,10
1,1,1,17,17,14,17,0,17,17,0,17,0,17,17,200000009,10,0,17,17,0,狂乱花,201301,0,10,155,0,600130117,30,16,0,0,0,17,17,17,0,17,0,0,2063,17,17,17
1,1,1,20,20,15,20,0,20,20,0,20,0,20,20,200000009,10,0,20,20,0,狂乱花,201301,0,10,166,0,600130120,30,18,0,0,0,20,20,20,0,20,0,0,2504,20,20,20
1,1,1,10,10,10,10,0,10,10,0,10,0,10,10,200000001,10,0,10,10,0,雷云长老,201400,0,10,0,0,600140010,30,14,0,0,0,10,10,10,0,10,114,0,579,10,10,10
1,1,1,17,17,14,17,0,17,17,0,17,0,17,17,200000001,10,0,17,17,0,雷云长老,201400,0,10,0,0,600140017,30,20,0,0,0,17,17,17,0,17,227,0,965,17,17,17
1,1,1,22,22,19,22,0,22,22,0,22,0,22,22,200000001,10,0,22,22,0,雷云长老,201400,0,10,0,0,600140022,30,27,0,0,0,22,22,22,0,22,414,0,2106,22,22,22
1,1,1,23,23,17,23,0,23,23,0,23,0,23,23,200000001,10,0,23,23,0,潜水水母,201500,0,10,0,0,600150023,30,14,0,0,0,23,23,23,0,23,196,0,2420,23,23,23
1,1,1,3,3,3,3,0,3,3,0,3,0,3,3,200000001,10,0,3,3,0,森林妖精,201600,0,10,0,0,600160003,30,6,0,0,0,3,3,3,0,3,17,0,520,3,3,3
1,1,1,4,4,4,4,0,4,4,0,4,0,4,4,200000001,10,0,4,4,0,森林妖精,201600,0,10,0,0,600160004,30,6,0,0,0,4,4,4,0,4,36,0,579,4,4,4
1,1,1,14,14,11,14,0,14,14,0,14,0,14,14,200000001,10,0,14,14,0,森林妖精,201600,0,10,0,0,600160014,30,10,0,0,0,14,14,14,0,14,198,0,2305,14,14,14
1,1,1,16,16,13,16,0,16,16,0,16,0,16,16,200000001,10,0,16,16,0,森林妖精,201600,0,10,0,0,600160016,30,11,0,0,0,16,16,16,0,16,232,0,2723,16,16,16
1,1,1,4,4,3,4,0,4,4,0,4,0,4,4,200000001,10,0,4,4,0,红菇,202101,0,10,50,0,600210104,30,5,0,0,0,4,4,4,0,4,0,0,473,4,4,4
1,1,1,11,11,9,11,0,11,11,0,11,0,11,11,200000001,10,0,11,11,0,红菇,202101,0,10,183,0,600210111,30,10,0,0,0,11,11,11,0,11,0,0,1101,11,11,11
1,1,1,16,16,13,16,0,16,16,0,16,0,16,16,200000001,10,0,16,16,0,红菇,202101,0,10,262,0,600210116,30,15,0,0,0,16,16,16,0,16,0,0,1670,16,16,16
1,1,1,19,19,13,19,0,19,19,0,19,0,19,19,200000001,10,0,19,19,0,红菇,202101,0,10,295,0,600210119,30,16,0,0,0,19,19,19,0,19,0,0,2023,19,19,19
1,1,1,23,23,29,23,0,23,23,0,23,0,23,23,200000001,10,0,23,23,0,垂耳翼兔,202200,0,10,0,0,600220023,30,21,0,0,0,23,23,23,0,23,409,0,2807,23,23,23
1,1,1,1,1,6,1,0,1,1,0,1,0,1,1,200000006,10,0,1,1,0,火焰法师,202300,0,10,0,0,600230001,30,5,0,0,0,1,1,1,0,1,55,0,210,1,1,1
1,1,1,13,13,16,13,0,13,13,0,13,0,13,13,200000006,10,0,13,13,0,火焰法师,202300,0,10,0,0,600230013,30,13,0,0,0,13,13,13,0,13,171,0,981,13,13,13
1,1,1,18,18,17,18,0,18,18,0,18,0,18,18,200000006,10,0,18,18,0,火焰法师,202300,0,10,0,0,600230018,30,13,0,0,0,18,18,18,0,18,252,0,1681,18,18,18
1,1,1,23,23,18,23,0,23,23,0,23,0,23,23,200000001,10,0,23,23,0,洞穴猿人,202400,0,10,578,0,600240023,30,33,0,0,0,23,23,23,0,23,0,0,3490,23,23,23
1,1,1,10,10,14,10,0,10,10,0,10,0,10,10,200000001,10,0,10,10,0,洞穴蝙蝠,202500,0,10,0,0,600250010,30,11,0,0,0,10,10,10,0,10,129,0,965,10,10,10
1,1,1,17,17,23,17,0,17,17,0,17,0,17,17,200000001,10,0,17,17,0,洞穴蝙蝠,202500,0,10,0,0,600250017,30,17,0,0,0,17,17,17,0,17,233,0,1658,17,17,17
1,1,1,4,4,5,4,0,4,4,0,4,0,4,4,200000001,10,0,4,4,0,寄居蟹骑士,202700,0,10,61,0,600270004,30,8,0,0,0,4,4,4,0,4,0,0,503,4,4,4
1,1,1,16,16,16,16,0,16,16,0,16,0,16,16,200000001,10,0,16,16,0,寄居蟹骑士,202700,0,10,323,0,600270016,30,20,0,0,0,16,16,16,0,16,0,0,1736,16,16,16
1,1,1,23,23,19,23,0,23,23,0,23,0,23,23,200000001,10,0,23,23,0,寄居蟹骑士,202700,0,10,455,0,600270023,30,26,0,0,0,23,23,23,0,23,0,0,2881,23,23,23
1,1,1,11,11,8,11,0,11,11,0,11,0,11,11,200000006,10,0,11,11,0,流浪乌鸦,202800,0,10,310,0,600280011,30,9,0,0,0,11,11,11,0,11,0,0,4614,11,11,11
1,1,1,19,19,12,19,0,19,19,0,19,0,19,19,200000006,10,0,19,19,0,流浪乌鸦,202800,0,10,486,0,600280019,30,15,0,0,0,19,19,19,0,19,0,0,5818,19,19,19
1,1,1,22,22,14,22,0,22,22,0,22,0,22,22,200000006,10,0,22,22,0,流浪乌鸦,202800,0,10,552,0,600280022,30,19,0,0,0,22,22,22,0,22,0,0,6270,22,22,22
1,1,1,3,3,5,3,0,3,3,0,3,0,3,3,200000003,10,0,3,3,0,岩盔蜥蜴,202901,0,10,37,0,600290103,30,8,0,0,0,3,3,3,0,3,0,0,615,3,3,3
1,1,1,14,14,12,14,0,14,14,0,14,0,14,14,200000003,10,0,14,14,0,岩盔蜥蜴,202901,0,10,222,0,600290114,30,18,0,0,0,14,14,14,0,14,0,0,1276,14,14,14
1,1,1,20,20,13,20,0,20,20,0,20,0,20,20,200000003,10,0,20,20,0,岩盔蜥蜴,202901,0,10,366,0,600290120,30,21,0,0,0,20,20,20,0,20,0,0,2932,20,20,20
1,1,1,10,10,11,10,0,10,10,0,10,0,10,10,200000001,10,0,10,10,0,时髦草蜥,202902,0,10,174,0,600290210,30,12,0,0,0,10,10,10,0,10,0,0,1294,10,10,10
1,1,1,17,17,16,17,0,17,17,0,17,0,17,17,200000001,10,0,17,17,0,时髦草蜥,202902,0,10,296,0,600290217,30,16,0,0,0,17,17,17,0,17,0,0,2625,17,17,17
1,1,1,3,3,4,3,0,3,3,0,3,0,3,3,200000001,10,0,3,3,0,啫喱怪,203000,0,10,0,0,600300003,30,6,0,0,0,3,3,3,0,3,45,0,372,3,3,3
1,1,1,10,10,11,10,0,10,10,0,10,0,10,10,200000001,10,0,10,10,0,啫喱怪,203000,0,10,0,0,600300010,30,14,0,0,0,10,10,10,0,10,209,0,626,10,10,10
1,1,1,14,14,13,14,0,14,14,0,14,0,14,14,200000001,10,0,14,14,0,啫喱怪,203000,0,10,0,0,600300014,30,16,0,0,0,14,14,14,0,14,240,0,904,14,14,14
1,1,1,17,17,15,17,0,17,17,0,17,0,17,17,200000001,10,0,17,17,0,啫喱怪,203000,0,10,0,0,600300017,30,16,0,0,0,17,17,17,0,17,304,0,1348,17,17,17
1,1,1,1,1,2,1,0,1,1,0,1,0,1,1,200000001,10,0,1,1,0,火焰啫喱怪,203001,0,10,0,0,600300101,30,4,0,0,0,1,1,1,0,1,16,0,383,1,1,1
1,1,1,13,13,11,13,0,13,13,0,13,0,13,13,200000005,10,0,13,13,0,火焰啫喱怪,203001,0,10,0,0,600300113,30,20,0,0,0,13,13,13,0,13,141,0,1314,13,13,13
1,1,1,20,20,15,20,0,20,20,0,20,0,20,20,200000005,10,0,20,20,0,火焰啫喱怪,203001,0,10,0,0,600300120,30,22,0,0,0,20,20,20,0,20,215,0,2952,20,20,20
1,1,1,10,10,11,10,0,10,10,0,10,0,10,10,200000001,10,0,10,10,0,淘气恶魔,203200,0,10,0,0,600320010,30,8,0,0,0,10,10,10,0,10,148,0,1128,10,10,10
1,1,1,17,17,18,17,0,17,17,0,17,0,17,17,200000001,10,0,17,17,0,淘气恶魔,203200,0,10,0,0,600320017,30,13,0,0,0,17,17,17,0,17,268,0,1938,17,17,17
1,1,1,2,2,28,2,0,2,2,0,2,0,2,2,200000001,10,0,2,2,0,持盾哥布林,203300,0,10,17,0,600330002,30,150,0,0,0,2,2,2,0,2,0,0,414,2,2,2
1,1,1,8,8,8,8,0,8,8,0,8,0,8,8,200000001,10,0,8,8,0,持盾哥布林,203300,0,10,136,0,600330008,30,221,0,0,0,8,8,8,0,8,0,0,934,8,8,8
1,1,1,14,14,14,14,0,14,14,0,14,0,14,14,200000001,10,0,14,14,0,持盾哥布林,203300,0,10,240,0,600330014,30,300,0,0,0,14,14,14,0,14,0,0,1341,14,14,14
1,1,1,15,15,14,15,0,15,15,0,15,0,15,15,200000001,10,0,15,15,0,持盾哥布林,203300,0,10,249,0,600330015,30,300,0,0,0,15,15,15,0,15,0,0,1539,15,15,15
1,1,1,3,3,10,3,0,3,3,0,3,0,3,3,200000001,10,0,3,3,0,鬼灯草虫,203400,0,10,0,0,600340003,30,8,0,0,0,3,3,3,0,3,126,0,844,3,3,3
1,1,1,10,10,13,10,0,10,10,0,10,0,10,10,200000001,10,0,10,10,0,鬼灯草虫,203400,0,10,0,0,600340010,30,10,0,0,0,10,10,10,0,10,151,0,863,10,10,10
1,1,1,14,14,14,14,0,14,14,0,14,0,14,14,200000001,10,0,14,14,0,鬼灯草虫,203400,0,10,0,0,600340014,30,12,0,0,0,14,14,14,0,14,165,0,874,14,14,14
1,1,1,17,17,15,17,0,17,17,0,17,0,17,17,200000001,10,0,17,17,0,鬼灯草虫,203400,0,10,0,0,600340017,30,13,0,0,0,17,17,17,0,17,220,0,1522,17,17,17
1,1,1,4,4,4,4,0,4,4,0,4,0,4,4,200000006,10,0,4,4,0,坚果射手,203700,0,10,52,0,600370004,30,5,0,0,0,4,4,4,0,4,0,0,633,4,4,4
1,1,1,16,16,10,16,0,16,16,0,16,0,16,16,200000006,10,0,16,16,0,坚果射手,203700,0,10,272,0,600370016,30,13,0,0,0,16,16,16,0,16,0,0,2185,16,16,16
1,1,1,1,1,2,1,0,1,1,0,1,0,1,1,200000001,10,0,1,1,0,兽人,203800,0,10,36,0,600380001,30,5,0,0,0,1,1,1,0,1,0,0,370,1,1,1
1,1,1,9,9,8,9,0,9,9,0,9,0,9,9,200000001,10,0,9,9,0,兽人,203800,0,10,195,0,600380009,30,14,0,0,0,9,9,9,0,9,0,0,1306,9,9,9
1,1,1,12,12,9,12,0,12,12,0,12,0,12,12,200000001,10,0,12,12,0,兽人,203800,0,10,234,0,600380012,30,15,0,0,0,12,12,12,0,12,0,0,1416,12,12,12
1,1,1,16,16,12,16,0,16,16,0,16,0,16,16,200000001,10,0,16,16,0,兽人,203800,0,10,331,0,600380016,30,18,0,0,0,16,16,16,0,16,0,0,2463,16,16,16
1,1,1,2,2,3,2,0,2,2,0,2,0,2,2,200000001,10,0,2,2,0,上位兽人,203801,0,10,44,0,600380102,30,5,0,0,0,2,2,2,0,2,0,0,539,2,2,2
1,1,1,3,3,4,3,0,3,3,0,3,0,3,3,200000001,10,0,3,3,0,上位兽人,203801,0,10,48,0,600380103,30,6,0,0,0,3,3,3,0,3,0,0,899,3,3,3
1,1,1,13,13,9,13,0,13,13,0,13,0,13,13,200000001,10,0,13,13,0,上位兽人,203801,0,10,289,0,600380113,30,14,0,0,0,13,13,13,0,13,0,0,1865,13,13,13
1,1,1,15,15,10,15,0,15,15,0,15,0,15,15,200000001,10,0,15,15,0,上位兽人,203801,0,10,344,0,600380115,30,15,0,0,0,15,15,15,0,15,0,0,2447,15,15,15
1,1,1,22,22,13,22,0,22,22,0,22,0,22,22,200000001,10,0,22,22,0,上位兽人,203801,0,10,508,0,600380122,30,20,0,0,0,22,22,22,0,22,0,0,4328,22,22,22
1,1,1,23,23,13,23,0,23,23,0,23,0,23,23,200000001,10,0,23,23,0,上位兽人,203801,0,10,522,0,600380123,30,20,0,0,0,23,23,23,0,23,0,0,4542,23,23,23
1,1,1,3,3,5,3,0,3,3,0,3,0,3,3,200000006,10,0,3,3,0,恶魔加农炮,203900,0,10,96,0,600390003,30,5,0,0,0,3,3,3,0,3,0,0,349,3,3,3
1,1,1,14,14,13,14,0,14,14,0,14,0,14,14,200000006,10,0,14,14,0,恶魔加农炮,203900,0,10,304,0,600390014,30,14,0,0,0,14,14,14,0,14,0,0,740,14,14,14
1,1,1,20,20,16,20,0,20,20,0,20,0,20,20,200000006,10,0,20,20,0,恶魔加农炮,203900,0,10,554,0,600390020,30,17,0,0,0,20,20,20,0,20,0,0,1572,20,20,20
1,1,1,22,22,17,22,0,22,22,0,22,0,22,22,200000001,10,0,22,22,0,小型狮鹫,204000,0,10,469,0,600400022,30,24,0,0,0,22,22,22,0,22,0,0,2724,22,22,22
1,1,1,23,23,21,23,0,23,23,0,23,0,23,23,200000001,10,0,23,23,0,小型狮鹫,204000,0,10,521,0,600400023,30,28,0,0,0,23,23,23,0,23,0,0,2788,23,23,23
1,1,1,1,1,2,1,0,1,1,0,1,0,1,1,200000001,10,0,1,1,0,女低音鸟,204200,0,10,0,0,600420001,30,3,0,0,0,1,1,1,0,1,17,0,368,1,1,1
1,1,1,4,4,5,4,0,4,4,0,4,0,4,4,200000001,10,0,4,4,0,女低音鸟,204200,0,10,0,0,600420004,30,4,0,0,0,4,4,4,0,4,22,0,420,4,4,4
1,1,1,13,13,15,13,0,13,13,0,13,0,13,13,200000001,10,0,13,13,0,女低音鸟,204200,0,10,0,0,600420013,30,11,0,0,0,13,13,13,0,13,175,0,1269,13,13,13
1,1,1,16,16,16,16,0,16,16,0,16,0,16,16,200000001,10,0,16,16,0,女低音鸟,204200,0,10,0,0,600420016,30,11,0,0,0,16,16,16,0,16,206,0,1562,16,16,16
1,1,1,22,22,18,22,0,22,22,0,22,0,22,22,200000001,10,0,22,22,0,女低音鸟,204200,0,10,0,0,600420022,30,12,0,0,0,22,22,22,0,22,267,0,2149,22,22,22
1,1,1,22,22,15,22,0,22,22,0,22,0,22,22,200000009,10,0,22,22,0,毒食花,204300,0,10,202,0,600430022,30,11,0,0,0,22,22,22,0,22,0,0,1676,22,22,22
1,1,1,4,4,7,4,0,4,4,0,4,0,4,4,200000006,10,0,4,4,0,小恶魔,204400,0,10,0,0,600440004,30,5,0,0,0,4,4,4,0,4,43,0,399,4,4,4
1,1,1,16,16,16,16,0,16,16,0,16,0,16,16,200000006,10,0,16,16,0,小恶魔,204400,0,10,0,0,600440016,30,10,0,0,0,16,16,16,0,16,110,0,1875,16,16,16
0,1,1,0,0,350,5000,0,0,5000,0,5000,0,0,0,300000022,0,0,0,0,0,四色妖狐·始原,322500,0,0,3000,0,610201101,130,350,50,0,0,0,0,0,0,0,3000,0,50000000,200,0,0
0,1,1,0,200,9999,0,0,0,200,0,0,0,0,0,300000001,0,0,0,0,0,士气敌人,216902,0,0,0,0,610201102,0,9999,300,0,0,50,0,0,0,0,0,0,99999999,200,0,0
0,1,1,0,12,150,5000,0,0,3000,0,5000,0,0,0,300000022,0,0,0,0,0,阿尔法·雷亚吉斯,322600,0,0,10000,0,610201151,90,150,50,0,0,12,0,0,0,0,10000,0,60000000,200,0,0
0,1,1,0,200,9999,0,0,0,200,0,0,0,0,0,300000001,0,0,0,0,0,士气敌人,216902,0,0,0,0,610201152,0,9999,300,0,0,50,0,0,0,0,0,0,99999999,200,0,0
0,1,1,0,0,150,0,0,0,0,0,0,0,0,0,300000022,0,0,0,0,0,四色妖狐·始原,322501,0,0,10000,0,610201201,0,150,50,0,0,1000,2000,0,0,10000,10000,0,300000000,300,10000,0
0,1,1,0,10000,99999,10000,0,0,0,0,10000,0,0,0,300000033,0,0,0,0,0,四色妖狐·始原,322502,0,0,10000,0,610201202,180,99999,50,0,0,0,0,0,0,0,10000,0,300000000,300,0,0
0,1,1,0,0,350,10000,0,0,10000,0,10000,0,0,0,300000022,0,0,0,0,0,四色妖狐·始原,322503,0,0,10000,0,610201203,130,350,50,0,0,0,0,0,0,0,10000,0,300000000,300,0,0
0,1,1,0,200,9999,0,0,0,200,0,0,0,0,0,300000001,0,0,0,0,0,士气敌人,216902,0,0,0,0,610201204,0,9999,300,0,0,0,0,0,0,0,0,0,99999999,300,0,0
0,1,1,0,200,9999,0,0,0,200,0,0,0,0,0,300000001,0,0,0,0,0,士气敌人,216902,0,0,0,0,610201205,0,9999,300,0,0,50,0,0,0,0,0,0,99999999,300,0,0
0,1,1,0,200,9999,0,0,0,200,0,0,0,0,0,300000001,0,0,0,0,0,士气敌人,216902,0,0,0,0,610201206,0,9999,300,0,0,50,0,0,0,0,0,0,99999999,300,0,0
0,1,1,0,0,99999,20000,0,0,0,0,0,0,0,0,300000033,0,0,0,0,0,阿尔法·雷亚吉斯,322601,0,0,50000,0,610201251,0,99999,50,0,0,0,0,0,0,0,50000,0,300000000,300,0,0
0,1,1,0,0,500,20000,0,0,6000,0,10000,0,0,0,300000022,0,0,0,0,0,阿尔法·雷亚吉斯,322602,0,0,50000,0,610201252,130,500,50,0,0,0,50000,0,0,0,50000,0,300000000,300,0,0
0,1,1,0,18,150,20000,0,0,6000,0,20000,0,0,0,300000022,0,0,0,0,0,阿尔法·雷亚吉斯,322603,0,0,50000,0,610201253,90,150,50,0,0,18,0,0,0,0,50000,0,300000000,300,0,0
0,1,1,0,200,9999,0,0,0,200,0,0,0,0,0,300000001,0,0,0,0,0,士气敌人,216902,0,0,0,0,610201254,0,9999,300,0,0,0,0,0,0,0,0,0,99999999,300,0,0
0,1,1,0,200,9999,0,0,0,200,0,0,0,0,0,300000001,0,0,0,0,0,士气敌人,216902,0,0,0,0,610201255,0,9999,300,0,0,50,0,0,0,0,0,0,99999999,300,0,0
0,1,1,0,200,9999,0,0,0,200,0,0,0,0,0,300000001,0,0,0,0,0,士气敌人,216902,0,0,0,0,610201256,0,9999,300,0,0,50,0,0,0,0,0,0,99999999,300,0,0
0,1,1,0,0,300,0,0,0,0,0,0,0,0,0,300000022,0,0,0,0,0,四色妖狐·始原,322504,0,0,30000,0,610201301,0,300,50,0,0,5000,10000,0,0,50000,30000,0,1000000000,440,50000,0
0,1,1,0,50000,99999,50000,0,0,0,0,50000,0,0,0,300000033,0,0,0,0,0,四色妖狐·始原,322505,0,0,30000,0,610201302,180,99999,50,0,0,0,0,0,0,0,30000,0,1000000000,440,0,0
0,1,1,0,0,700,50000,0,0,50000,0,50000,0,0,0,300000022,0,0,0,0,0,四色妖狐·始原,322506,0,0,30000,0,610201303,130,700,50,0,0,0,0,0,0,0,30000,0,1000000000,440,0,0
0,1,1,0,200,9999,0,0,0,200,0,0,0,0,0,300000001,0,0,0,0,0,士气敌人,216902,0,0,0,0,610201304,0,9999,300,0,0,0,400,0,0,400,0,0,99999999,440,400,400
0,1,1,0,200,9999,0,0,0,200,0,0,0,0,0,300000001,0,0,0,0,0,士气敌人,216902,0,0,0,0,610201305,0,9999,300,0,0,50,400,0,0,400,0,0,99999999,440,400,400
0,1,1,0,200,9999,0,0,0,200,0,0,0,0,0,300000001,0,0,0,0,0,士气敌人,216902,0,0,0,0,610201306,0,9999,300,0,0,50,400,0,0,400,0,0,99999999,440,400,400
0,1,1,0,0,99999,50000,0,0,0,0,0,0,0,0,300000033,0,0,0,0,0,阿尔法·雷亚吉斯,322604,0,0,100000,0,610201351,0,99999,50,0,0,0,0,0,0,0,100000,0,800000000,440,0,0
0,1,1,0,0,1000,50000,0,0,9000,0,20000,0,0,0,300000022,0,0,0,0,0,阿尔法·雷亚吉斯,322605,0,0,100000,0,610201352,130,1000,50,0,0,0,50000,0,0,0,100000,0,800000000,440,0,0
0,1,1,0,18,300,50000,0,0,9000,0,50000,0,0,0,300000022,0,0,0,0,0,阿尔法·雷亚吉斯,322606,0,0,100000,0,610201353,90,300,50,0,0,18,0,0,0,0,100000,0,800000000,440,0,0
0,1,1,0,200,9999,0,0,0,200,0,0,0,0,0,300000001,0,0,0,0,0,士气敌人,216902,0,0,0,0,610201354,0,9999,300,0,0,0,400,0,0,400,0,0,99999999,440,400,400
0,1,1,0,200,9999,0,0,0,200,0,0,0,0,0,300000001,0,0,0,0,0,士气敌人,216902,0,0,0,0,610201355,0,9999,300,0,0,50,400,0,0,400,0,0,99999999,440,400,400
0,1,1,0,200,9999,0,0,0,200,0,0,0,0,0,300000001,0,0,0,0,0,士气敌人,216902,0,0,0,0,610201356,0,9999,300,0,0,50,400,0,0,400,0,0,99999999,440,400,400
0,1,1,0,10000,300,10000,0,0,10000,0,0,0,0,0,200000011,0,0,0,0,0,妖狐_式神1,215903,0,0,5000,0,610201401,0,300,50,0,0,10000,10000,0,0,10000,5000,0,6000000,300,0,0
0,1,1,0,10000,300,10000,0,0,10000,0,0,0,0,0,200000011,0,0,0,0,0,妖狐_式神2,215904,0,0,5000,0,610201402,0,300,50,0,0,10000,10000,0,0,10000,5000,0,3000000,300,0,0
0,1,1,0,10000,300,10000,0,0,10000,0,0,0,0,0,200000011,0,0,0,0,0,妖狐_式神3,215905,0,0,5000,0,610201403,0,300,50,0,0,10000,10000,0,0,10000,5000,0,1500000,300,0,0
3,27,6,0,255,655,255,0,0,255,0,255,30,0,0,200000011,0,1,0,0,0,克莉丝提娜的暗影,607101,0,1729,38908,0,610201451,37,875,44,0,0,255,255,0,0,0,0,0,35100761,255,0,0
7,27,1,0,255,890,255,0,0,255,0,255,40,0,0,200000011,0,0,0,0,0,霸瞳皇帝的暗影,606901,0,1365,31761,0,610201452,34,983,41,0,0,255,255,0,0,0,0,0,29668894,255,0,0
0,27,1,0,255,752,255,17,0,255,0,255,45,0,0,200000011,2144,1,0,0,0,似似花的暗影,607001,0,0,0,0,610201453,33,627,41,0,0,255,255,0,0,0,36637,0,21234405,255,0,0
0,1,1,0,50000,300,50000,0,0,50000,0,0,0,0,0,200000011,0,0,0,0,0,妖狐_式神1,215903,0,0,30000,0,610201501,0,300,50,0,0,50000,50000,0,0,50000,30000,0,30000000,440,0,0
0,1,1,0,50000,300,50000,0,0,50000,0,0,0,0,0,200000011,0,0,0,0,0,妖狐_式神2,215904,0,0,30000,0,610201502,0,300,50,0,0,50000,50000,0,0,50000,30000,0,15000000,440,0,0
0,1,1,0,50000,300,50000,0,0,50000,0,0,0,0,0,200000011,0,0,0,0,0,妖狐_式神3,215905,0,0,30000,0,610201503,0,300,50,0,0,50000,50000,0,0,50000,30000,0,7500000,440,0,0
3,35,6,0,331,1477,331,0,0,331,0,331,30,0,0,200000011,0,1,0,0,0,克莉丝提娜的暗影,607101,0,1947,117096,0,610201551,37,1745,44,0,0,331,331,0,0,0,0,0,132587056,331,0,0
7,35,1,0,331,1786,331,0,0,331,0,331,40,0,0,200000011,0,0,0,0,0,霸瞳皇帝的暗影,606901,0,1565,101488,0,610201552,34,1886,41,0,0,331,331,0,0,0,0,0,116402190,331,0,0
0,35,1,0,331,1543,331,17,0,331,0,331,45,0,0,200000011,2455,1,0,0,0,似似花的暗影,607001,0,0,0,0,610201553,33,1421,41,0,0,331,331,0,0,0,115888,0,78805071,331,0,0
0,1,1,0,10000,300,0,0,0,10000,0,10000,0,0,0,300000022,0,0,0,0,0,歪音精灵,322900,0,0,2000,0,610202101,180,300,50,0,0,0,10000,0,0,0,2000,0,50000000,200,0,0
0,1,1,0,50,9999,200,0,0,200,0,0,0,0,0,300000001,0,0,0,0,0,士气敌人,216903,0,0,0,0,610202102,0,9999,300,0,0,0,0,0,0,0,0,0,99999999,200,0,0
0,1,1,0,0,99999,25000,0,0,0,0,0,0,0,0,300000031,0,0,0,0,0,歪音精灵,322901,0,0,10000,0,610202201,0,99999,50,0,0,0,25000,0,0,0,10000,0,300000000,300,0,0
0,1,1,0,0,750,0,0,0,25000,0,0,0,0,0,300000022,0,0,0,0,0,歪音精灵,322902,0,0,5000,0,610202202,0,750,50,0,0,25000,0,0,0,0,5000,0,300000000,300,0,0
0,1,1,0,25000,300,0,0,0,25000,0,25000,0,0,0,300000022,0,0,0,0,0,歪音精灵,322903,0,0,10000,0,610202203,180,300,50,0,0,0,25000,0,0,0,10000,0,300000000,300,0,0
0,1,1,0,0,9999,200,0,0,200,0,0,0,0,0,300000001,0,0,0,0,0,士气敌人,216903,0,0,0,0,610202204,0,9999,300,0,0,0,0,0,0,0,0,0,99999999,300,0,0
0,1,1,0,0,9999,200,0,0,200,0,0,0,0,0,300000001,0,0,0,0,0,士气敌人,216903,0,0,0,0,610202205,0,9999,300,0,0,0,0,0,0,0,0,0,99999999,300,0,0
0,1,1,0,50,9999,200,0,0,200,0,0,0,0,0,300000001,0,0,0,0,0,士气敌人,216903,0,0,0,0,610202206,0,9999,300,0,0,0,0,0,0,0,0,0,99999999,300,0,0
0,1,1,0,0,99999,50000,0,0,0,0,0,0,0,0,300000031,0,0,0,0,0,歪音精灵,322904,0,0,20000,0,610202301,0,99999,50,0,0,0,50000,0,0,0,20000,0,800000000,440,0,0
0,1,1,0,0,1100,0,0,0,50000,0,0,0,0,0,300000022,0,0,0,0,0,歪音精灵,322905,0,0,10000,0,610202302,0,1100,50,0,0,50000,0,0,0,0,10000,0,800000000,440,0,0
0,1,1,0,50000,600,0,0,0,50000,0,50000,0,0,0,300000022,0,0,0,0,0,歪音精灵,322906,0,0,20000,0,610202303,180,600,50,0,0,0,50000,0,0,0,20000,0,800000000,440,0,0
0,1,1,0,0,9999,200,0,0,200,0,0,0,0,0,300000001,0,0,0,0,0,士气敌人,216903,0,0,0,0,610202304,0,9999,300,0,0,400,400,0,0,400,0,0,99999999,440,400,0
0,1,1,0,0,9999,200,0,0,200,0,0,0,0,0,300000001,0,0,0,0,0,士气敌人,216903,0,0,0,0,610202305,0,9999,300,0,0,400,400,0,0,400,0,0,99999999,440,400,0
0,1,1,0,50,9999,200,0,0,200,0,0,0,0,0,300000001,0,0,0,0,0,士气敌人,216903,0,0,0,0,610202306,0,9999,300,0,0,400,400,0,0,400,0,0,99999999,440,400,0
0,1,0,0,2550,1536,2550,0,0,2550,0,2550,0,0,0,200000011,0,0,0,0,0,野性角鹿,251600,0,0,9424,0,610202401,0,1024,41,0,0,2550,2550,0,0,0,0,0,36898780,255,0,0
0,1,0,0,2550,960,2550,0,0,2550,0,2550,0,0,0,200000011,0,0,0,0,0,剧毒蟾蜍,254800,0,0,34315,0,610202402,0,640,41,0,0,2550,2550,0,0,0,0,0,46091856,255,0,0
0,1,0,0,2550,576,2550,0,0,2550,0,2550,0,0,0,200000011,0,0,0,0,0,流浪乌鸦,256100,0,0,41941,0,610202403,0,384,41,0,0,2550,2550,0,0,0,0,0,47784473,255,0,0
0,1,0,0,2550,384,2550,0,0,2550,0,2550,0,0,0,200000011,0,0,0,0,0,巨蜥幼崽,258200,0,0,0,0,610202404,0,256,41,0,0,2550,2550,0,0,0,37461,0,46732046,255,0,0
0,1,0,0,3340,2010,3340,0,0,3340,0,3340,0,0,0,200000011,0,0,0,0,0,野性角鹿,251600,0,0,28983,0,610202501,0,1340,41,0,0,3340,3340,0,0,0,0,0,122105523,334,0,0
0,1,0,0,3340,1257,3340,0,0,3340,0,3340,0,0,0,200000011,0,0,0,0,0,剧毒蟾蜍,254800,0,0,105715,0,610202502,0,838,41,0,0,3340,3340,0,0,0,0,0,153796447,334,0,0
0,1,0,0,3340,754,3340,0,0,3340,0,3340,0,0,0,200000011,0,0,0,0,0,流浪乌鸦,256100,0,0,129223,0,610202503,0,503,41,0,0,3340,3340,0,0,0,0,0,159726218,334,0,0
0,1,0,0,3340,503,3340,0,0,3340,0,3340,0,0,0,200000011,0,0,0,0,0,巨蜥幼崽,258200,0,0,0,0,610202504,0,335,41,0,0,3340,3340,0,0,0,136737,0,156898666,334,0,0
0,1,1,0,10000,500,10000,0,0,10000,0,10000,0,0,0,300000022,0,0,0,0,0,巨钢机兽・改造盖顿,323000,0,0,10000,0,610203101,130,500,50,0,0,10000,10000,0,0,0,10000,0,50000000,200,0,0
0,1,1,0,100,9999,200,0,0,200,0,0,0,0,0,300000001,0,0,0,0,0,士气敌人,216904,0,0,0,0,610203102,0,9999,300,0,0,0,0,0,0,0,0,0,99999999,200,0,0
0,1,1,0,25000,99999,0,0,0,0,0,0,0,0,0,300000031,0,0,0,0,0,巨钢机兽・改造盖顿,323001,0,0,50000,0,610203201,0,99999,50,0,0,0,0,0,0,0,50000,0,300000000,300,0,0
0,1,1,0,25000,300,25000,0,0,0,0,50000,0,0,0,300000022,0,0,0,0,0,巨钢机兽・改造盖顿,323002,0,0,12500,0,610203202,130,300,50,0,0,0,0,0,0,5000,12500,0,300000000,300,0,0
0,1,1,0,25000,800,25000,0,0,25000,0,25000,0,0,0,300000022,0,0,0,0,0,巨钢机兽・改造盖顿,323003,0,0,25000,0,610203203,130,800,50,0,0,25000,25000,0,0,0,25000,0,300000000,300,0,0
0,1,1,0,0,9999,200,0,0,200,0,0,0,0,0,300000001,0,0,0,0,0,士气敌人,216904,0,0,0,0,610203204,0,9999,300,0,0,0,0,0,0,0,0,0,99999999,300,0,0
0,1,1,0,100,9999,200,0,0,200,0,0,0,0,0,300000001,0,0,0,0,0,士气敌人,216904,0,0,0,0,610203205,0,9999,300,0,0,0,0,0,0,0,0,0,99999999,300,0,0
0,1,1,0,100,9999,200,0,0,200,0,0,0,0,0,300000001,0,0,0,0,0,士气敌人,216904,0,0,0,0,610203206,0,9999,300,0,0,0,0,0,0,0,0,0,99999999,300,0,0
0,1,1,0,50000,99999,0,0,0,0,0,0,0,0,0,300000031,0,0,0,0,0,巨钢机兽・改造盖顿,323004,0,0,100000,0,610203301,0,99999,50,0,0,0,0,0,0,0,100000,0,900000000,440,0,0
0,1,1,0,50000,1000,50000,0,0,0,0,100000,0,0,0,300000022,0,0,0,0,0,巨钢机兽・改造盖顿,323005,0,0,25000,0,610203302,130,1000,50,0,0,0,0,0,0,100000,25000,0,900000000,440,0,0
0,1,1,0,50000,1000,50000,0,0,50000,0,50000,0,0,0,300000022,0,0,0,0,0,巨钢机兽・改造盖顿,323006,0,0,50000,0,610203303,130,1000,50,0,0,50000,50000,0,0,0,50000,0,900000000,440,0,0
0,1,1,0,0,9999,200,0,0,200,0,0,0,0,0,300000001,0,0,0,0,0,士气敌人,216904,0,0,0,0,610203304,0,9999,300,0,0,400,400,0,0,400,0,0,99999999,440,0,0
0,1,1,0,100,9999,200,0,0,200,0,0,0,0,0,300000001,0,0,0,0,0,士气敌人,216904,0,0,0,0,610203305,0,9999,300,0,0,400,400,0,0,400,0,0,99999999,440,0,0
0,1,1,0,100,9999,200,0,0,200,0,0,0,0,0,300000001,0,0,0,0,0,士气敌人,216904,0,0,0,0,610203306,0,9999,300,0,0,400,400,0,0,400,0,0,99999999,440,0,0
18,1,1,0,255,510,255,0,0,255,0,0,30,0,0,200000011,0,0,0,0,0,克萝茜的暗影,259900,0,1669,57528,0,610203401,47,543,55,0,0,255,255,0,0,0,0,0,88496058,255,0,0
18,1,1,0,255,510,255,0,0,255,0,0,30,0,0,200000011,0,0,0,0,0,克萝茜的暗影,259901,0,1669,57528,0,610203402,47,543,55,0,0,255,255,0,0,0,0,0,70796847,255,0,0
18,1,1,0,255,510,255,0,0,255,0,0,30,0,0,200000011,0,0,0,0,0,克萝茜的暗影,259902,0,1669,57528,0,610203403,47,543,55,0,0,255,255,0,0,0,0,0,53097635,255,0,0
18,1,1,0,255,510,255,0,0,255,0,0,30,0,0,200000011,0,0,0,0,0,克萝茜的暗影,259903,0,1669,57528,0,610203404,47,543,55,0,0,255,255,0,0,0,0,0,35398424,255,0,0
18,1,1,0,337,689,337,0,0,337,0,0,30,0,0,200000011,0,0,0,0,0,克萝茜的暗影,259900,0,2065,194070,0,610203501,47,713,55,0,0,337,337,0,0,0,0,0,268169872,337,0,0
18,1,1,0,337,689,337,0,0,337,0,0,30,0,0,200000011,0,0,0,0,0,克萝茜的暗影,259901,0,2065,194070,0,610203502,47,713,55,0,0,337,337,0,0,0,0,0,214535898,337,0,0
18,1,1,0,337,689,337,0,0,337,0,0,30,0,0,200000011,0,0,0,0,0,克萝茜的暗影,259902,0,2065,194070,0,610203503,47,713,55,0,0,337,337,0,0,0,0,0,160901924,337,0,0
18,1,1,0,337,689,337,0,0,337,0,0,30,0,0,200000011,0,0,0,0,0,克萝茜的暗影,259903,0,2065,194070,0,610203504,47,713,55,0,0,337,337,0,0,0,0,0,107267949,337,0,0
0,1,1,0,10000,300,10000,0,0,0,0,10000,0,0,0,300000022,0,0,0,0,0,坠入爱河的炼成仆从・霍姆恩,323100,0,0,10000,0,610204101,0,300,50,0,0,0,0,0,0,0,0,0,67000000,200,0,0
0,1,1,0,50,9999,200,0,0,200,0,0,0,0,0,300000001,0,0,0,0,0,士气敌人,216905,0,0,0,0,610204102,0,9999,300,0,0,0,0,0,0,0,0,0,99999999,200,0,0
0,1,1,0,25000,99999,0,0,0,0,0,0,0,0,0,300000031,0,0,0,0,0,坠入爱河的炼成仆从・霍姆恩,323101,0,0,50000,0,610204201,0,99999,50,0,0,0,0,0,0,0,0,0,380000000,300,0,0
0,1,1,0,25000,300,0,0,0,5000,0,25000,0,0,0,300000022,0,0,0,0,0,坠入爱河的炼成仆从・霍姆恩,323102,0,0,50000,0,610204202,0,300,50,0,0,0,0,0,0,0,0,0,380000000,300,0,0
0,1,1,0,25000,300,25000,0,0,0,0,25000,0,0,0,300000022,0,0,0,0,0,坠入爱河的炼成仆从・霍姆恩,323103,0,0,50000,0,610204203,0,300,50,0,0,0,0,0,0,0,0,0,380000000,300,0,0
0,1,1,0,0,9999,200,0,0,200,0,0,0,0,0,300000001,0,0,0,0,0,士气敌人,216905,0,0,0,0,610204204,0,9999,300,0,0,0,0,0,0,0,0,0,99999999,300,0,0
0,1,1,0,100,9999,200,0,0,200,0,0,0,0,0,300000001,0,0,0,0,0,士气敌人,216905,0,0,0,0,610204205,0,9999,300,0,0,0,0,0,0,0,0,0,99999999,300,0,0
0,1,1,0,50,9999,100,0,0,100,0,0,0,0,0,300000001,0,0,0,0,0,士气敌人,216905,0,0,0,0,610204206,0,9999,300,0,0,0,0,0,0,0,0,0,99999999,300,0,0
0,1,1,0,50000,99999,0,0,0,0,0,0,0,0,0,300000031,0,0,0,0,0,坠入爱河的炼成仆从・霍姆恩,323104,0,0,80000,0,610204301,0,99999,50,0,0,0,0,0,0,0,0,0,750000000,450,0,0
0,1,1,0,50000,600,0,0,0,50000,0,50000,0,0,0,300000022,0,0,0,0,0,坠入爱河的炼成仆从・霍姆恩,323105,0,0,80000,0,610204302,0,600,50,0,0,0,0,0,0,0,0,0,750000000,450,0,0
0,1,1,0,50000,600,50000,0,0,0,0,50000,0,0,0,300000022,0,0,0,0,0,坠入爱河的炼成仆从・霍姆恩,323106,0,0,80000,0,610204303,0,600,50,0,0,0,0,0,0,0,0,0,750000000,450,0,0
0,1,1,0,0,9999,200,0,0,200,0,0,0,0,0,300000001,0,0,0,0,0,士气敌人,216905,0,0,0,0,610204304,0,9999,300,0,0,400,400,0,0,400,0,0,99999999,450,400,0
0,1,1,0,100,9999,200,0,0,200,0,0,0,0,0,300000001,0,0,0,0,0,士气敌人,216905,0,0,0,0,610204305,0,9999,300,0,0,400,400,0,0,400,0,0,99999999,450,400,0
0,1,1,0,50,9999,200,0,0,200,0,0,0,0,0,300000001,0,0,0,0,0,士气敌人,216905,0,0,0,0,610204306,0,9999,300,0,0,400,400,0,0,400,0,0,99999999,450,400,0
0,1,0,0,2550,768,2550,0,0,2550,0,2550,0,0,0,200000011,0,0,0,0,0,魔像,250700,0,0,8394,0,610204401,0,2048,40,0,0,2550,2550,0,0,0,0,0,39606942,255,0,0
0,1,0,0,2550,3072,2550,0,0,2550,0,2550,0,0,0,200000011,0,0,0,0,0,蓝色魔像,250800,0,0,8504,0,610204402,0,512,40,0,0,2550,2550,0,0,0,0,0,46113653,255,0,0
0,1,0,0,2550,1152,2550,0,0,2550,0,2550,0,0,0,200000011,0,0,0,0,0,啫喱怪,252600,0,0,0,0,610204403,0,768,40,0,0,2550,2550,0,0,0,24293,0,28184137,255,0,0
0,1,0,0,2550,384,2550,0,0,2550,0,2550,0,0,0,200000011,0,0,0,0,0,雷云长老,259000,0,0,0,0,610204404,0,256,40,0,0,2550,2550,0,0,0,16371,0,21487317,255,0,0
0,1,0,0,3400,1023,3400,0,0,3400,0,3400,0,0,0,200000011,0,0,0,0,0,魔像,250700,0,0,31874,0,610204501,0,2728,40,0,0,3400,3400,0,0,0,0,0,129333929,340,0,0
0,1,0,0,3400,4092,3400,0,0,3400,0,3400,0,0,0,200000011,0,0,0,0,0,蓝色魔像,250800,0,0,32343,0,610204502,0,682,40,0,0,3400,3400,0,0,0,0,0,150171444,340,0,0
0,1,0,0,3400,1535,3400,0,0,3400,0,3400,0,0,0,200000011,0,0,0,0,0,啫喱怪,252600,0,0,0,0,610204503,0,1023,40,0,0,3400,3400,0,0,0,106869,0,92889031,340,0,0
0,1,0,0,3400,512,3400,0,0,3400,0,3400,0,0,0,200000011,0,0,0,0,0,雷云长老,259000,0,0,0,0,610204504,0,341,40,0,0,3400,3400,0,0,0,75330,0,71825783,340,0,0
0,1,1,0,10000,300,10000,0,0,10000,0,10000,0,0,0,300000022,0,0,0,0,0,灼丽的剑奴 哥布林淑女,323300,0,0,10000,0,610205101,0,300,50,0,0,10000,0,0,0,0,10000,0,67000000,200,0,0
0,1,1,0,0,9999,200,0,0,200,0,0,0,0,0,300000001,0,0,0,0,0,士气敌人,216906,0,0,0,0,610205102,0,9999,300,0,0,0,0,0,0,0,0,0,99999999,200,0,0
0,1,1,0,25000,99999,0,0,0,0,0,0,0,0,0,300000031,0,0,0,0,0,灼丽的剑奴 哥布林淑女,323301,0,0,50000,0,610205201,0,99999,50,0,0,0,0,0,0,0,50000,0,380000000,300,0,0
0,1,1,0,25000,0,15000,0,0,1000,0,25000,0,0,0,300000018,0,0,0,0,0,灼丽的剑奴 哥布林淑女,323302,0,0,400,0,610205202,0,0,50,0,0,25000,0,0,0,0,400,0,380000000,300,0,0
0,1,1,0,25000,300,15000,0,0,10000,0,25000,0,0,0,300000022,0,0,0,0,0,灼丽的剑奴 哥布林淑女,323303,0,0,40000,0,610205203,70,300,50,0,0,25000,0,0,0,0,40000,0,380000000,300,0,0
0,1,1,0,0,9999,200,0,0,200,0,0,0,0,0,300000001,0,0,0,0,0,士气敌人,216906,0,0,0,0,610205204,0,9999,300,0,0,0,0,0,0,0,0,0,99999999,300,0,0
0,1,1,0,100,9999,200,0,0,200,0,0,0,0,0,300000001,0,0,0,0,0,士气敌人,216906,0,0,0,0,610205205,0,9999,300,0,0,0,0,0,0,0,0,0,99999999,300,0,0
0,1,1,0,0,9999,100,0,0,100,0,0,0,0,0,300000001,0,0,0,0,0,士气敌人,216906,0,0,0,0,610205206,0,9999,300,0,0,0,0,0,0,0,0,0,99999999,300,0,0
0,1,1,0,50000,99999,0,0,0,0,0,0,0,0,0,300000031,0,0,0,0,0,灼丽的剑奴 哥布林淑女,323304,0,0,80000,0,610205301,0,99999,50,0,0,0,0,0,0,0,80000,0,900000000,450,0,0
0,1,1,0,50000,600,50000,0,0,1000,0,50000,0,0,0,300000018,0,0,0,0,0,灼丽的剑奴 哥布林淑女,323305,0,0,12000,0,610205302,0,600,50,0,0,50000,0,0,0,0,12000,0,900000000,450,0,0
0,1,1,0,50000,600,50000,0,0,25000,0,50000,0,0,0,300000022,0,0,0,0,0,灼丽的剑奴 哥布林淑女,323306,0,0,80000,0,610205303,70,600,50,0,0,50000,0,0,0,0,80000,0,900000000,450,0,0
0,1,1,0,0,9999,200,0,0,200,0,0,0,0,0,300000001,0,0,0,0,0,士气敌人,216906,0,0,0,0,610205304,0,9999,300,0,0,400,400,0,0,400,0,0,99999999,450,400,0
0,1,1,0,100,9999,200,0,0,200,0,0,0,0,0,300000001,0,0,0,0,0,士气敌人,216906,0,0,0,0,610205305,0,9999,300,0,0,400,400,0,0,400,0,0,99999999,450,400,0
0,1,1,0,0,9999,100,0,0,100,0,0,0,0,0,300000001,0,0,0,0,0,士气敌人,216906,0,0,0,0,610205306,0,9999,300,0,0,400,400,0,0,400,0,0,99999999,450,400,0
0,1,0,0,2550,1152,2550,0,0,2550,0,2550,0,0,0,200000011,0,0,0,0,0,火焰啫喱怪,252700,0,0,0,0,610205401,0,768,40,0,0,2550,2550,0,0,0,24388,0,56068388,255,0,0
0,1,0,0,2550,1152,2550,0,0,2550,0,2550,0,0,0,200000011,0,0,0,0,0,火蜥蜴,252500,0,0,29939,0,610205402,0,768,40,0,0,2550,2550,0,0,0,0,0,54444241,255,0,0
0,1,0,0,2550,960,2550,0,0,2550,0,2550,0,0,0,200000011,0,0,0,0,0,熔岩魔鱼,255300,0,0,35390,0,610205403,0,640,40,0,0,2550,2550,0,0,0,0,0,35363037,255,0,0
0,1,0,0,2550,384,2550,0,0,2550,0,2550,0,0,0,200000011,0,0,0,0,0,熔岩蝾螈,259200,0,0,28390,0,610205404,0,256,40,0,0,2550,2550,0,0,0,0,0,32092808,255,0,0
0,1,0,0,3430,1535,3430,0,0,3430,0,3430,0,0,0,200000011,0,0,0,0,0,火焰啫喱怪,252700,0,0,0,0,610205501,0,1023,40,0,0,3430,3430,0,0,0,107305,0,101780648,343,0,0
0,1,0,0,3430,1535,3430,0,0,3430,0,3430,0,0,0,200000011,0,0,0,0,0,火蜥蜴,252500,0,0,123105,0,610205502,0,1023,40,0,0,3430,3430,0,0,0,0,0,99073736,343,0,0
0,1,0,0,3430,1279,3430,0,0,3430,0,3430,0,0,0,200000011,0,0,0,0,0,熔岩魔鱼,255300,0,0,146187,0,610205503,0,853,40,0,0,3430,3430,0,0,0,0,0,90605062,343,0,0
0,1,0,0,3430,512,3430,0,0,3430,0,3430,0,0,0,200000011,0,0,0,0,0,熔岩蝾螈,259200,0,0,123937,0,610205504,0,341,40,0,0,3430,3430,0,0,0,0,0,75154681,343,0,0
0,1,1,0,20000,300,4000,0,0,20000,0,76000,0,0,0,300000022,0,0,0,0,0,厄里斯的暗影,323400,0,0,10000,0,610206101,130,300,50,0,0,0,0,0,0,0,10000,0,67000000,200,0,0
0,1,1,0,0,9999,200,0,0,200,0,0,0,0,0,300000001,0,0,0,0,0,士气敌人,216907,0,0,0,0,610206102,0,9999,300,0,0,0,0,0,0,0,0,0,99999999,200,0,0
0,1,1,0,0,99999,25000,0,0,25000,0,0,0,0,0,300000031,0,0,0,0,0,厄里斯的暗影,323401,0,0,50000,0,610206201,0,99999,50,0,0,0,0,0,0,0,50000,0,300000000,300,0,0
0,1,1,0,25000,99999,15000,0,0,0,0,0,0,0,0,300000031,0,0,0,0,0,厄里斯的暗影,323402,0,0,50000,0,610206202,0,99999,50,0,0,750,0,0,0,0,50000,0,300000000,300,0,0
0,1,1,0,25000,300,20000,0,0,25000,0,76000,0,0,0,300000022,0,0,0,0,0,厄里斯的暗影,323403,0,0,50000,0,610206203,90,300,50,0,0,0,0,0,0,0,50000,0,300000000,300,0,0
0,1,1,0,0,9999,200,0,0,200,0,0,0,0,0,300000001,0,0,0,0,0,士气敌人,216907,0,0,0,0,610206204,0,9999,300,0,0,0,0,0,0,0,0,0,99999999,300,0,0
0,1,1,0,0,9999,200,0,0,200,0,0,0,0,0,300000001,0,0,0,0,0,士气敌人,216907,0,0,0,0,610206205,0,9999,300,0,0,0,0,0,0,0,0,0,99999999,300,0,0
0,1,1,0,50,9999,100,0,0,100,0,0,0,0,0,300000001,0,0,0,0,0,士气敌人,216907,0,0,0,0,610206206,0,9999,300,0,0,0,0,0,0,0,0,0,99999999,300,0,0
0,1,1,0,0,99999,100000,0,0,50000,0,0,0,0,0,300000031,0,0,0,0,0,厄里斯的暗影,323404,0,0,80000,0,610206301,0,99999,50,0,0,0,0,0,0,0,80000,0,900000000,450,0,0
0,1,1,0,100000,99999,100000,0,0,0,0,0,0,0,0,300000031,0,0,0,0,0,厄里斯的暗影,323405,0,0,80000,0,610206302,0,99999,50,0,0,3000,0,0,0,0,80000,0,900000000,450,0,0
0,1,1,0,100000,600,100000,0,0,50000,0,76000,0,0,0,300000022,0,0,0,0,0,厄里斯的暗影,323406,0,0,80000,0,610206303,90,600,50,0,0,0,0,0,0,0,80000,0,900000000,450,0,0
0,1,1,0,0,9999,200,0,0,200,0,0,0,0,0,300000001,0,0,0,0,0,士气敌人,216907,0,0,0,0,610206304,0,9999,300,0,0,400,400,0,0,400,0,0,99999999,450,400,0
0,1,1,0,0,9999,200,0,0,200,0,0,0,0,0,300000001,0,0,0,0,0,士气敌人,216907,0,0,0,0,610206305,0,9999,300,0,0,400,400,0,0,400,0,0,99999999,450,400,0
0,1,1,0,50,9999,200,0,0,200,0,0,0,0,0,300000001,0,0,0,0,0,士气敌人,216907,0,0,0,0,610206306,0,9999,300,0,0,400,400,0,0,400,0,0,99999999,450,400,0
0,1,0,0,2550,768,2550,0,0,2550,0,2550,0,0,0,200000011,0,0,0,0,0,魔像,250700,0,0,3148,0,610206401,0,2048,40,0,0,2550,2550,0,0,0,0,0,23619550,255,0,0
0,1,0,0,2550,1070,2550,0,0,2550,0,2550,0,0,0,200000011,0,0,0,0,0,丛林守护者,251300,0,0,3927,0,610206402,0,768,40,0,0,2550,2550,0,0,0,0,0,16263599,255,0,0
0,1,0,0,2550,576,2550,0,0,2550,0,2550,0,0,0,200000011,0,0,0,0,0,狗头人暗杀者,255900,0,0,9047,0,610206403,0,384,40,0,0,2550,2550,0,0,0,0,0,17950869,255,0,0
0,1,0,0,2550,384,2550,0,0,2550,0,2550,0,0,0,200000011,0,0,0,0,0,火焰法师,259300,0,0,0,0,610206404,0,256,40,0,0,2550,2550,0,0,0,7294,0,10805964,255,0,0
0,1,6,0,255,389,255,0,0,255,0,255,0,0,0,200000011,0,1,0,0,0,雪菲的暗影,606401,0,0,20550,0,610206405,0,479,40,0,0,255,255,0,0,0,0,0,15000000,255,0,0
0,1,1,0,255,725,255,0,0,255,0,255,0,0,0,200000011,0,1,0,0,0,可璃亚（堕天使）的暗影,218001,0,0,15578,0,610206406,0,616,40,0,0,255,255,0,0,0,0,0,15000000,255,0,0
0,1,1,0,255,335,255,0,0,255,0,255,0,0,0,200000011,0,1,0,0,0,莉莉（堕天使）的暗影,625801,0,0,18982,0,610206407,0,373,40,0,0,255,255,0,0,0,0,0,15000000,255,0,0
0,7,1,0,255,563,255,0,0,255,0,255,0,0,0,200000011,0,1,0,0,0,普雷西娅（堕天使）的暗影,626101,0,0,0,0,610206408,0,440,40,0,0,255,255,0,0,0,17382,0,15000000,255,0,0
0,1,0,0,3460,1041,3460,0,0,3460,0,3460,0,0,0,200000011,0,0,0,0,0,魔像,250700,0,0,12995,0,610206501,39,2776,40,0,0,3460,3460,0,0,0,0,0,77115543,346,0,0
0,1,0,0,3460,2603,3460,0,0,3460,0,3460,0,0,0,200000011,0,0,0,0,0,丛林守护者,251300,0,0,15724,0,610206502,31,1041,40,0,0,3460,3460,0,0,0,0,0,75971276,346,0,0
0,1,0,0,3460,781,3460,0,0,3460,0,3460,0,0,0,200000011,0,0,0,0,0,狗头人暗杀者,255900,0,0,32677,0,610206503,32,521,40,0,0,3460,3460,0,0,0,0,0,59133392,346,0,0
0,1,0,0,3460,521,3460,0,0,3460,0,3460,0,0,0,200000011,0,0,0,0,0,火焰法师,259300,0,0,0,0,610206504,32,347,40,0,0,3460,3460,0,0,0,29797,0,36019176,346,0,0
0,1,6,0,346,524,346,0,0,346,0,346,0,0,0,200000011,0,1,0,0,0,雪菲的暗影,606401,0,0,121509,0,610206505,0,626,40,0,0,346,346,0,0,0,0,0,60000000,346,0,0
0,1,1,0,346,948,346,0,0,346,0,346,0,0,0,200000011,0,1,0,0,0,可璃亚（堕天使）的暗影,218001,0,0,99414,0,610206506,0,817,40,0,0,346,346,0,0,0,0,0,60000000,346,0,0
0,7,1,0,346,468,346,0,0,346,0,346,0,0,0,200000011,0,1,0,0,0,莉莉（堕天使）的暗影,625801,0,0,115157,0,610206507,0,509,40,0,0,346,346,0,0,0,0,0,60000000,346,0,0
0,1,1,0,346,727,346,0,0,346,0,346,0,0,0,200000011,0,1,0,0,0,普雷西娅（堕天使）的暗影,626101,0,0,0,0,610206508,0,602,40,0,0,346,346,0,0,0,108905,0,60000000,346,0,0
0,1,1,0,10000,300,10000,0,0,10000,0,10000,0,0,0,300000022,0,0,0,0,0,寒冰企鹅,323500,0,0,20000,0,610207101,0,300,50,0,0,0,0,0,0,0,20000,0,67000000,200,0,0
0,1,1,0,100,9999,200,0,0,200,0,0,0,0,0,300000001,0,0,0,0,0,士气敌人,216908,0,0,0,0,610207102,0,9999,300,0,0,0,0,0,0,0,0,0,99999999,200,0,0
0,1,1,0,0,99999,0,0,0,25000,0,0,0,0,0,300000031,0,0,0,0,0,寒冰企鹅,323501,0,0,20000,0,610207201,0,99999,50,0,0,0,0,0,0,0,20000,0,380000000,300,0,0
0,1,1,0,0,750,0,0,0,1000,0,25000,0,0,0,300000020,0,0,0,0,0,寒冰企鹅,323502,0,0,40000,0,610207202,0,750,50,0,0,25000,0,0,0,0,40000,0,380000000,300,0,0
0,1,1,0,25000,300,15000,0,0,10000,0,25000,0,0,0,300000022,0,0,0,0,0,寒冰企鹅,323503,0,0,20000,0,610207203,70,300,50,0,0,0,0,0,0,0,20000,0,380000000,300,0,0
0,1,1,0,0,9999,200,0,0,200,0,0,0,0,0,300000001,0,0,0,0,0,士气敌人,216908,0,0,0,0,610207204,0,9999,300,0,0,0,0,0,0,0,0,0,99999999,300,0,0
0,1,1,0,100,9999,200,0,0,200,0,0,0,0,0,300000001,0,0,0,0,0,士气敌人,216908,0,0,0,0,610207205,0,9999,300,0,0,0,0,0,0,0,0,0,99999999,300,0,0
0,1,1,0,100,9999,200,0,0,200,0,0,0,0,0,300000001,0,0,0,0,0,士气敌人,216908,0,0,0,0,610207206,0,9999,300,0,0,0,0,0,0,0,0,0,99999999,300,0,0
0,1,1,0,0,99999,0,0,0,50000,0,0,0,0,0,300000031,0,0,0,0,0,寒冰企鹅,323504,0,0,30000,0,610207301,0,99999,50,0,0,0,0,0,0,0,30000,0,900000000,450,0,0
0,1,1,0,0,2000,0,0,0,50000,0,50000,0,0,0,300000020,0,0,0,0,0,寒冰企鹅,323505,0,0,45000,0,610207302,180,2000,50,0,0,50000,0,0,0,0,45000,0,900000000,450,0,0
0,1,1,0,50000,600,50000,0,0,50000,0,50000,0,0,0,300000022,0,0,0,0,0,寒冰企鹅,323506,0,0,30000,0,610207303,130,600,50,0,0,0,0,0,0,0,30000,0,900000000,450,0,0
0,1,1,0,0,9999,200,0,0,200,0,0,0,0,0,300000001,0,0,0,0,0,士气敌人,216908,0,0,0,0,610207304,0,9999,300,0,0,400,400,0,0,400,0,0,99999999,450,400,0
0,1,1,0,100,9999,200,0,0,200,0,0,0,0,0,300000001,0,0,0,0,0,士气敌人,216908,0,0,0,0,610207305,0,9999,300,0,0,400,400,0,0,400,0,0,99999999,450,400,0
0,1,1,0,100,9999,400,0,0,400,0,0,0,0,0,300000001,0,0,0,0,0,士气敌人,216908,0,0,0,0,610207306,0,9999,300,0,0,400,400,0,0,400,0,0,99999999,450,400,0
0,1,0,0,2550,2560,2550,0,0,2550,0,2550,0,0,0,200000011,0,0,0,0,0,雪原山羊,251700,0,0,11714,0,610207401,0,1920,40,0,0,2550,2550,0,0,0,0,0,40931577,255,0,0
0,1,0,0,2550,2048,2550,0,0,2550,0,2550,0,0,0,200000011,0,0,0,0,0,北海狮首领,250400,0,0,11990,0,610207402,0,1536,40,0,0,2550,2550,0,0,0,0,0,34964077,255,0,0
0,1,0,0,2550,768,2550,0,0,2550,0,2550,0,0,0,200000011,0,0,0,0,0,冰地鼠,257100,0,0,15164,0,610207403,0,576,40,0,0,2550,2550,0,0,0,0,0,31593934,255,0,0
0,1,0,0,2550,512,2550,0,0,2550,0,2550,0,0,0,200000011,0,0,0,0,0,食冰精灵,258800,0,0,19139,0,610207404,0,384,40,0,0,2550,2550,0,0,0,0,0,24926727,255,0,0
0,1,0,0,3490,3500,3490,0,0,3490,0,3490,0,0,0,200000011,0,0,0,0,0,雪原山羊,251700,0,0,98992,0,610207501,0,2625,41,0,0,3490,3490,0,0,0,0,0,131222751,349,0,0
0,1,0,0,3490,2800,3490,0,0,3490,0,3490,0,0,0,200000011,0,0,0,0,0,北海狮首领,250400,0,0,101592,0,610207502,0,2100,41,0,0,3490,3490,0,0,0,0,0,112411448,349,0,0
0,1,0,0,3490,1050,3490,0,0,3490,0,3490,0,0,0,200000011,0,0,0,0,0,冰地鼠,257100,0,0,201121,0,610207503,0,788,41,0,0,3490,3490,0,0,0,0,0,102444532,349,0,0
0,1,0,0,3490,700,3490,0,0,3490,0,3490,0,0,0,200000011,0,0,0,0,0,食冰精灵,258800,0,0,176315,0,610207504,0,525,41,0,0,3490,3490,0,0,0,0,0,81634362,349,0,0
0,1,1,0,0,0,10000,0,0,10000,0,10000,0,0,0,300000022,0,0,0,0,0,霸瞳皇帝',323800,0,0,20000,0,610208101,130,0,50,0,0,0,0,0,0,0,20000,0,67000000,200,0,0
0,1,1,0,100,9999,400,0,0,400,0,0,0,0,0,300000001,0,0,0,0,0,士气敌人,216909,0,0,0,0,610208102,0,9999,300,0,0,200,0,0,0,0,0,0,99999999,200,0,0
0,1,1,0,100,9999,200,0,0,200,0,0,0,0,0,300000001,0,0,0,0,0,环境效果_玛那,217900,0,0,0,0,610208103,0,9999,300,0,0,0,0,0,0,0,0,0,99999999,200,0,0
0,1,1,0,0,99999,0,0,0,25000,0,0,0,0,0,300000031,0,0,0,0,0,霸瞳皇帝',323801,0,0,60000,0,610208201,0,99999,50,0,0,0,0,0,0,0,60000,0,400000000,300,0,0
0,1,1,0,0,800,25000,0,0,25000,0,25000,0,0,0,300000022,0,0,0,0,0,霸瞳皇帝',323802,0,0,20000,0,610208202,130,800,50,0,0,0,0,0,0,0,20000,0,400000000,300,0,0
0,1,1,0,0,0,25000,0,0,25000,0,25000,0,0,0,300000022,0,0,0,0,0,霸瞳皇帝',323803,0,0,20000,0,610208203,130,0,50,0,0,0,0,0,0,0,20000,0,400000000,300,0,0
0,1,1,0,0,9999,200,0,0,200,0,0,0,0,0,300000001,0,0,0,0,0,士气敌人,216909,0,0,0,0,610208204,0,9999,300,0,0,0,0,0,0,0,0,0,99999999,300,0,0
0,1,1,0,50,9999,100,0,0,100,0,0,0,0,0,300000001,0,0,0,0,0,士气敌人,216909,0,0,0,0,610208205,0,9999,300,0,0,0,0,0,0,0,0,0,99999999,300,0,0
0,1,1,0,100,9999,600,0,0,600,0,0,0,0,0,300000001,0,0,0,0,0,士气敌人,216909,0,0,0,0,610208206,0,9999,300,0,0,200,0,0,0,0,0,0,99999999,300,0,0
0,1,1,0,0,99999,0,0,0,50000,0,0,0,0,0,300000031,0,0,0,0,0,霸瞳皇帝',323804,0,0,60000,0,610208301,0,99999,50,0,0,0,0,0,0,0,60000,0,900000000,460,0,0
0,1,1,0,0,2000,50000,0,0,50000,0,50000,0,0,0,300000022,0,0,0,0,0,霸瞳皇帝',323805,0,0,60000,0,610208302,130,2000,50,0,0,0,0,0,0,0,60000,0,900000000,460,0,0
0,1,1,0,0,0,50000,0,0,50000,0,50000,0,0,0,300000022,0,0,0,0,0,霸瞳皇帝',323806,0,0,60000,0,610208303,130,0,50,0,0,0,0,0,0,0,60000,0,900000000,460,0,0
0,1,1,0,0,9999,200,0,0,200,0,0,0,0,0,300000001,0,0,0,0,0,士气敌人,216909,0,0,0,0,610208304,0,9999,300,0,0,0,400,0,0,400,0,0,99999999,460,400,0
0,1,1,0,50,9999,200,0,0,200,0,0,0,0,0,300000001,0,0,0,0,0,士气敌人,216909,0,0,0,0,610208305,0,9999,300,0,0,0,400,0,0,400,0,0,99999999,460,400,0
0,1,1,0,100,9999,800,0,0,800,0,0,0,0,0,300000001,0,0,0,0,0,士气敌人,216909,0,0,0,0,610208306,0,9999,300,0,0,200,400,0,0,400,0,0,99999999,460,400,0
0,1,6,0,2550,1152,2550,0,0,2550,0,2550,0,0,0,200000011,0,1,0,0,0,日和莉的暗影,600101,0,0,24388,0,610208401,0,1168,40,0,0,2550,2550,0,0,0,0,0,106068388,255,0,0
0,1,6,0,2550,1152,638,0,0,2550,0,2550,0,0,0,200000011,0,2,0,0,0,怜的暗影,600301,0,0,29939,0,610208402,0,1168,40,0,0,2550,2550,0,0,0,0,0,104444241,255,0,0
0,1,6,0,3520,3070,3520,0,0,3520,0,3520,0,0,0,200000011,0,1,0,0,0,日和莉的暗影,600101,0,0,107305,0,610208501,0,3046,40,0,0,3520,3520,0,0,0,0,0,202670972,352,0,0
0,1,6,0,3520,3070,880,0,0,3520,0,3520,0,0,0,200000011,0,2,0,0,0,怜的暗影,600301,0,0,123105,0,610208502,0,3046,40,0,0,3520,3520,0,0,0,0,0,198610604,352,0,0
