position_x,icon_id,reward_image_5,start_time,drop_gold,unit_exp,love,daily_bonus_reward_group,quest_id,area_id,reward_image_2,wave_group_id_2,reward_image_1,reward_image_3,wave_group_id_3,reward_image_4,quest_name,position_y,limit_time,end_time,wave_group_id_1,stamina,recommended_knight_rank,drop_reward_group,clear_reward_group,team_exp
0,100160,0,2024/2/15 5:00:00,182100,215,10,381001001,81001001,81001,25011,0,25021,0,0,0,红焰深域1-1,25,90,2099/12/17 14:59:59,810010011,10,10,181001001,281001001,10
200,100160,0,2024/2/15 5:00:00,182100,215,10,381001002,81001002,81001,25011,0,25021,0,0,0,红焰深域1-2,100,90,2099/12/17 14:59:59,810010021,10,10,181001002,281001002,10
400,100160,0,2024/2/15 5:00:00,182100,215,10,381001003,81001003,81001,25011,0,25021,0,0,0,红焰深域1-3,175,90,2099/12/17 14:59:59,810010031,10,10,181001003,281001003,10
550,100160,0,2024/2/15 5:00:00,182100,215,10,381001004,81001004,81001,25011,0,25021,0,0,0,红焰深域1-4,50,90,2099/12/17 14:59:59,810010041,10,10,181001004,281001004,10
750,100160,0,2024/2/15 5:00:00,182100,215,10,381001005,81001005,81001,25011,0,25021,0,0,0,红焰深域1-5,125,90,2099/12/17 14:59:59,810010051,10,10,181001005,281001005,10
950,100170,0,2024/2/15 5:00:00,182100,215,10,381001006,81001006,81001,25011,0,25021,0,0,0,红焰深域1-6,200,90,2099/12/17 14:59:59,810010061,10,10,181001006,281001006,10
1100,100160,0,2024/2/15 5:00:00,182100,215,10,381001007,81001007,81001,25011,0,25021,0,0,0,红焰深域1-7,25,90,2099/12/17 14:59:59,810010071,10,10,181001007,281001007,10
1300,100160,0,2024/2/15 5:00:00,182100,215,10,381001008,81001008,81001,25011,0,25021,0,0,0,红焰深域1-8,100,90,2099/12/17 14:59:59,810010081,10,10,181001008,281001008,10
1500,100160,0,2024/2/15 5:00:00,182100,215,10,381001009,81001009,81001,25011,0,25021,0,0,0,红焰深域1-9,175,90,2099/12/17 14:59:59,810010091,10,10,181001009,281001009,10
1750,81001,0,2024/2/15 5:00:00,182100,215,10,381001010,81001010,81001,25011,0,25021,0,0,0,红焰深域1-10,50,90,2099/12/17 14:59:59,810010101,10,10,181001010,281001010,10
2000,100160,0,2024/2/15 5:00:00,182100,215,10,381001011,81001011,81001,25011,0,25021,0,0,0,红焰深域2-1,25,90,2099/12/17 14:59:59,810010111,10,20,181001011,281001011,10
2200,100160,0,2024/2/15 5:00:00,182100,215,10,381001012,81001012,81001,25011,0,25021,0,0,0,红焰深域2-2,100,90,2099/12/17 14:59:59,810010121,10,20,181001012,281001012,10
2400,100160,0,2024/2/15 5:00:00,182100,215,10,381001013,81001013,81001,25011,0,25021,0,0,0,红焰深域2-3,175,90,2099/12/17 14:59:59,810010131,10,20,181001013,281001013,10
2550,100160,0,2024/2/15 5:00:00,182100,215,10,381001014,81001014,81001,25011,0,25021,0,0,0,红焰深域2-4,50,90,2099/12/17 14:59:59,810010141,10,20,181001014,281001014,10
2750,100160,0,2024/2/15 5:00:00,182100,215,10,381001015,81001015,81001,25011,0,25021,0,0,0,红焰深域2-5,125,90,2099/12/17 14:59:59,810010151,10,20,181001015,281001015,10
2950,100170,0,2024/2/15 5:00:00,182100,215,10,381001016,81001016,81001,25011,0,25021,0,0,0,红焰深域2-6,200,90,2099/12/17 14:59:59,810010161,10,20,181001016,281001016,10
3100,100160,0,2024/2/15 5:00:00,182100,215,10,381001017,81001017,81001,25011,0,25021,0,0,0,红焰深域2-7,25,90,2099/12/17 14:59:59,810010171,10,20,181001017,281001017,10
3300,100160,0,2024/2/15 5:00:00,182100,215,10,381001018,81001018,81001,25011,0,25021,0,0,0,红焰深域2-8,100,90,2099/12/17 14:59:59,810010181,10,20,181001018,281001018,10
3500,100160,0,2024/2/15 5:00:00,182100,215,10,381001019,81001019,81001,25011,0,25021,0,0,0,红焰深域2-9,175,90,2099/12/17 14:59:59,810010191,10,20,181001019,281001019,10
3750,81001,0,2024/2/15 5:00:00,182100,215,10,381001020,81001020,81001,25011,0,25021,0,0,0,红焰深域2-10,50,90,2099/12/17 14:59:59,810010201,10,20,181001020,281001020,10
4000,100160,0,2024/2/15 5:00:00,182100,215,10,381001021,81001021,81001,25011,0,25021,0,0,0,红焰深域3-1,25,90,2099/12/17 14:59:59,810010211,10,30,181001021,281001021,10
4200,100160,0,2024/2/15 5:00:00,182100,215,10,381001022,81001022,81001,25011,0,25021,0,0,0,红焰深域3-2,100,90,2099/12/17 14:59:59,810010221,10,30,181001022,281001022,10
4400,100160,0,2024/2/15 5:00:00,182100,215,10,381001023,81001023,81001,25011,0,25021,0,0,0,红焰深域3-3,175,90,2099/12/17 14:59:59,810010231,10,30,181001023,281001023,10
4550,100160,0,2024/2/15 5:00:00,182100,215,10,381001024,81001024,81001,25011,0,25021,0,0,0,红焰深域3-4,50,90,2099/12/17 14:59:59,810010241,10,30,181001024,281001024,10
4750,100160,0,2024/2/15 5:00:00,182100,215,10,381001025,81001025,81001,25011,0,25021,0,0,0,红焰深域3-5,125,90,2099/12/17 14:59:59,810010251,10,30,181001025,281001025,10
4950,100170,0,2024/2/15 5:00:00,182100,215,10,381001026,81001026,81001,25011,0,25021,0,0,0,红焰深域3-6,200,90,2099/12/17 14:59:59,810010261,10,30,181001026,281001026,10
5100,100160,0,2024/2/15 5:00:00,182100,215,10,381001027,81001027,81001,25011,0,25021,0,0,0,红焰深域3-7,25,90,2099/12/17 14:59:59,810010271,10,30,181001027,281001027,10
5300,100160,0,2024/2/15 5:00:00,182100,215,10,381001028,81001028,81001,25011,0,25021,0,0,0,红焰深域3-8,100,90,2099/12/17 14:59:59,810010281,10,30,181001028,281001028,10
5500,100160,0,2024/2/15 5:00:00,182100,215,10,381001029,81001029,81001,25011,0,25021,0,0,0,红焰深域3-9,175,90,2099/12/17 14:59:59,810010291,10,30,181001029,281001029,10
5750,81001,0,2024/2/15 5:00:00,182100,215,10,381001030,81001030,81001,25011,0,25021,0,0,0,红焰深域3-10,50,90,2099/12/17 14:59:59,810010301,10,30,181001030,281001030,10
6000,100160,0,2024/2/15 5:00:00,182100,215,10,381001031,81001031,81001,25011,0,25021,0,0,0,红焰深域4-1,25,90,2099/12/17 14:59:59,810010311,10,60,181001031,281001031,10
6200,100160,0,2024/2/15 5:00:00,182100,215,10,381001032,81001032,81001,25011,0,25021,0,0,0,红焰深域4-2,100,90,2099/12/17 14:59:59,810010321,10,60,181001032,281001032,10
6400,100160,0,2024/2/15 5:00:00,182100,215,10,381001033,81001033,81001,25011,0,25021,0,0,0,红焰深域4-3,175,90,2099/12/17 14:59:59,810010331,10,60,181001033,281001033,10
6550,100160,0,2024/2/15 5:00:00,182100,215,10,381001034,81001034,81001,25011,0,25021,0,0,0,红焰深域4-4,50,90,2099/12/17 14:59:59,810010341,10,60,181001034,281001034,10
6750,100160,0,2024/2/15 5:00:00,182100,215,10,381001035,81001035,81001,25011,0,25021,0,0,0,红焰深域4-5,125,90,2099/12/17 14:59:59,810010351,10,60,181001035,281001035,10
6950,100170,0,2024/2/15 5:00:00,182100,215,10,381001036,81001036,81001,25011,0,25021,0,0,0,红焰深域4-6,200,90,2099/12/17 14:59:59,810010361,10,60,181001036,281001036,10
7100,100160,0,2024/2/15 5:00:00,182100,215,10,381001037,81001037,81001,25011,0,25021,0,0,0,红焰深域4-7,25,90,2099/12/17 14:59:59,810010371,10,60,181001037,281001037,10
7300,100160,0,2024/2/15 5:00:00,182100,215,10,381001038,81001038,81001,25011,0,25021,0,0,0,红焰深域4-8,100,90,2099/12/17 14:59:59,810010381,10,60,181001038,281001038,10
7500,100160,0,2024/2/15 5:00:00,182100,215,10,381001039,81001039,81001,25011,0,25021,0,0,0,红焰深域4-9,175,90,2099/12/17 14:59:59,810010391,10,60,181001039,281001039,10
7750,81001,0,2024/2/15 5:00:00,182100,215,10,381001040,81001040,81001,25011,0,25021,0,0,0,红焰深域4-10,50,90,2099/12/17 14:59:59,810010401,10,60,181001040,281001040,10
8000,100160,0,2024/2/15 5:00:00,182100,215,10,381001041,81001041,81001,25011,0,25021,0,0,0,红焰深域5-1,25,90,2099/12/17 14:59:59,810010411,10,90,181001041,281001041,10
8200,100160,0,2024/2/15 5:00:00,182100,215,10,381001042,81001042,81001,25011,0,25021,0,0,0,红焰深域5-2,100,90,2099/12/17 14:59:59,810010421,10,90,181001042,281001042,10
8400,100160,0,2024/2/15 5:00:00,182100,215,10,381001043,81001043,81001,25011,0,25021,0,0,0,红焰深域5-3,175,90,2099/12/17 14:59:59,810010431,10,90,181001043,281001043,10
8550,100160,0,2024/2/15 5:00:00,182100,215,10,381001044,81001044,81001,25011,0,25021,0,0,0,红焰深域5-4,50,90,2099/12/17 14:59:59,810010441,10,90,181001044,281001044,10
8750,100160,0,2024/2/15 5:00:00,182100,215,10,381001045,81001045,81001,25011,0,25021,0,0,0,红焰深域5-5,125,90,2099/12/17 14:59:59,810010451,10,90,181001045,281001045,10
8950,100170,0,2024/2/15 5:00:00,182100,215,10,381001046,81001046,81001,25011,0,25021,0,0,0,红焰深域5-6,200,90,2099/12/17 14:59:59,810010461,10,90,181001046,281001046,10
9100,100160,0,2024/2/15 5:00:00,182100,215,10,381001047,81001047,81001,25011,0,25021,0,0,0,红焰深域5-7,25,90,2099/12/17 14:59:59,810010471,10,90,181001047,281001047,10
9300,100160,0,2024/2/15 5:00:00,182100,215,10,381001048,81001048,81001,25011,0,25021,0,0,0,红焰深域5-8,100,90,2099/12/17 14:59:59,810010481,10,90,181001048,281001048,10
9500,100160,0,2024/2/15 5:00:00,182100,215,10,381001049,81001049,81001,25011,0,25021,0,0,0,红焰深域5-9,175,90,2099/12/17 14:59:59,810010491,10,90,181001049,281001049,10
9750,81001,0,2024/2/15 5:00:00,182100,215,10,381001050,81001050,81001,25011,0,25021,0,0,0,红焰深域5-10,50,90,2099/12/17 14:59:59,810010501,10,90,181001050,281001050,10
10000,100160,0,2024/2/15 5:00:00,182100,215,10,381001051,81001051,81001,25011,0,25021,0,0,0,红焰深域6-1,25,90,2099/12/17 14:59:59,810010511,10,230,181001051,281001051,10
10200,100160,0,2024/2/15 5:00:00,182100,215,10,381001052,81001052,81001,25011,0,25021,0,0,0,红焰深域6-2,100,90,2099/12/17 14:59:59,810010521,10,230,181001052,281001052,10
10400,100160,0,2024/2/15 5:00:00,182100,215,10,381001053,81001053,81001,25011,0,25021,0,0,0,红焰深域6-3,175,90,2099/12/17 14:59:59,810010531,10,230,181001053,281001053,10
10550,100160,0,2024/2/15 5:00:00,182100,215,10,381001054,81001054,81001,25011,0,25021,0,0,0,红焰深域6-4,50,90,2099/12/17 14:59:59,810010541,10,230,181001054,281001054,10
10750,100160,0,2024/2/15 5:00:00,182100,215,10,381001055,81001055,81001,25011,0,25021,0,0,0,红焰深域6-5,125,90,2099/12/17 14:59:59,810010551,10,230,181001055,281001055,10
10950,100170,0,2024/2/15 5:00:00,182100,215,10,381001056,81001056,81001,25011,0,25021,0,0,0,红焰深域6-6,200,90,2099/12/17 14:59:59,810010561,10,230,181001056,281001056,10
11100,100160,0,2024/2/15 5:00:00,182100,215,10,381001057,81001057,81001,25011,0,25021,0,0,0,红焰深域6-7,25,90,2099/12/17 14:59:59,810010571,10,230,181001057,281001057,10
11300,100160,0,2024/2/15 5:00:00,182100,215,10,381001058,81001058,81001,25011,0,25021,0,0,0,红焰深域6-8,100,90,2099/12/17 14:59:59,810010581,10,230,181001058,281001058,10
11500,100160,0,2024/2/15 5:00:00,182100,215,10,381001059,81001059,81001,25011,0,25021,0,0,0,红焰深域6-9,175,90,2099/12/17 14:59:59,810010591,10,230,181001059,281001059,10
11750,81001,0,2024/2/15 5:00:00,182100,215,10,381001060,81001060,81001,25011,0,25021,0,0,0,红焰深域6-10,50,90,2099/12/17 14:59:59,810010601,10,230,181001060,281001060,10
12000,100160,0,2024/2/15 5:00:00,182100,215,10,381001061,81001061,81001,25011,0,25021,0,0,0,红焰深域7-1,25,90,2099/12/17 14:59:59,810010611,10,260,181001061,281001061,10
12200,100160,0,2024/2/15 5:00:00,182100,215,10,381001062,81001062,81001,25011,0,25021,0,0,0,红焰深域7-2,100,90,2099/12/17 14:59:59,810010621,10,260,181001062,281001062,10
12400,100160,0,2024/2/15 5:00:00,182100,215,10,381001063,81001063,81001,25011,0,25021,0,0,0,红焰深域7-3,175,90,2099/12/17 14:59:59,810010631,10,260,181001063,281001063,10
12550,100160,0,2024/2/15 5:00:00,182100,215,10,381001064,81001064,81001,25011,0,25021,0,0,0,红焰深域7-4,50,90,2099/12/17 14:59:59,810010641,10,260,181001064,281001064,10
12750,100160,0,2024/2/15 5:00:00,182100,215,10,381001065,81001065,81001,25011,0,25021,0,0,0,红焰深域7-5,125,90,2099/12/17 14:59:59,810010651,10,260,181001065,281001065,10
12950,100170,0,2024/2/15 5:00:00,182100,215,10,381001066,81001066,81001,25011,0,25021,0,0,0,红焰深域7-6,200,90,2099/12/17 14:59:59,810010661,10,260,181001066,281001066,10
13100,100160,0,2024/2/15 5:00:00,182100,215,10,381001067,81001067,81001,25011,0,25021,0,0,0,红焰深域7-7,25,90,2099/12/17 14:59:59,810010671,10,260,181001067,281001067,10
13300,100160,0,2024/2/15 5:00:00,182100,215,10,381001068,81001068,81001,25011,0,25021,0,0,0,红焰深域7-8,100,90,2099/12/17 14:59:59,810010681,10,260,181001068,281001068,10
13500,100160,0,2024/2/15 5:00:00,182100,215,10,381001069,81001069,81001,25011,0,25021,0,0,0,红焰深域7-9,175,90,2099/12/17 14:59:59,810010691,10,260,181001069,281001069,10
13750,81001,0,2024/2/15 5:00:00,182100,215,10,381001070,81001070,81001,25011,0,25021,0,0,0,红焰深域7-10,50,90,2099/12/17 14:59:59,810010701,10,260,181001070,281001070,10
0,100501,0,2024/2/15 5:00:00,182100,215,10,382001001,82001001,82001,25012,0,25021,0,0,0,苍波深域1-1,25,90,2099/12/17 14:59:59,820010011,10,10,182001001,282001001,10
200,100501,0,2024/2/15 5:00:00,182100,215,10,382001002,82001002,82001,25012,0,25021,0,0,0,苍波深域1-2,100,90,2099/12/17 14:59:59,820010021,10,10,182001002,282001002,10
400,100501,0,2024/2/15 5:00:00,182100,215,10,382001003,82001003,82001,25012,0,25021,0,0,0,苍波深域1-3,175,90,2099/12/17 14:59:59,820010031,10,10,182001003,282001003,10
550,100501,0,2024/2/15 5:00:00,182100,215,10,382001004,82001004,82001,25012,0,25021,0,0,0,苍波深域1-4,50,90,2099/12/17 14:59:59,820010041,10,10,182001004,282001004,10
750,100501,0,2024/2/15 5:00:00,182100,215,10,382001005,82001005,82001,25012,0,25021,0,0,0,苍波深域1-5,125,90,2099/12/17 14:59:59,820010051,10,10,182001005,282001005,10
950,100461,0,2024/2/15 5:00:00,182100,215,10,382001006,82001006,82001,25012,0,25021,0,0,0,苍波深域1-6,200,90,2099/12/17 14:59:59,820010061,10,10,182001006,282001006,10
1100,100501,0,2024/2/15 5:00:00,182100,215,10,382001007,82001007,82001,25012,0,25021,0,0,0,苍波深域1-7,25,90,2099/12/17 14:59:59,820010071,10,10,182001007,282001007,10
1300,100501,0,2024/2/15 5:00:00,182100,215,10,382001008,82001008,82001,25012,0,25021,0,0,0,苍波深域1-8,100,90,2099/12/17 14:59:59,820010081,10,10,182001008,282001008,10
1500,100501,0,2024/2/15 5:00:00,182100,215,10,382001009,82001009,82001,25012,0,25021,0,0,0,苍波深域1-9,175,90,2099/12/17 14:59:59,820010091,10,10,182001009,282001009,10
1750,82001,0,2024/2/15 5:00:00,182100,215,10,382001010,82001010,82001,25012,0,25021,0,0,0,苍波深域1-10,50,90,2099/12/17 14:59:59,820010101,10,10,182001010,282001010,10
2000,100501,0,2024/2/15 5:00:00,182100,215,10,382001011,82001011,82001,25012,0,25021,0,0,0,苍波深域2-1,25,90,2099/12/17 14:59:59,820010111,10,20,182001011,282001011,10
2200,100501,0,2024/2/15 5:00:00,182100,215,10,382001012,82001012,82001,25012,0,25021,0,0,0,苍波深域2-2,100,90,2099/12/17 14:59:59,820010121,10,20,182001012,282001012,10
2400,100501,0,2024/2/15 5:00:00,182100,215,10,382001013,82001013,82001,25012,0,25021,0,0,0,苍波深域2-3,175,90,2099/12/17 14:59:59,820010131,10,20,182001013,282001013,10
2550,100501,0,2024/2/15 5:00:00,182100,215,10,382001014,82001014,82001,25012,0,25021,0,0,0,苍波深域2-4,50,90,2099/12/17 14:59:59,820010141,10,20,182001014,282001014,10
2750,100501,0,2024/2/15 5:00:00,182100,215,10,382001015,82001015,82001,25012,0,25021,0,0,0,苍波深域2-5,125,90,2099/12/17 14:59:59,820010151,10,20,182001015,282001015,10
2950,100461,0,2024/2/15 5:00:00,182100,215,10,382001016,82001016,82001,25012,0,25021,0,0,0,苍波深域2-6,200,90,2099/12/17 14:59:59,820010161,10,20,182001016,282001016,10
3100,100501,0,2024/2/15 5:00:00,182100,215,10,382001017,82001017,82001,25012,0,25021,0,0,0,苍波深域2-7,25,90,2099/12/17 14:59:59,820010171,10,20,182001017,282001017,10
3300,100501,0,2024/2/15 5:00:00,182100,215,10,382001018,82001018,82001,25012,0,25021,0,0,0,苍波深域2-8,100,90,2099/12/17 14:59:59,820010181,10,20,182001018,282001018,10
3500,100501,0,2024/2/15 5:00:00,182100,215,10,382001019,82001019,82001,25012,0,25021,0,0,0,苍波深域2-9,175,90,2099/12/17 14:59:59,820010191,10,20,182001019,282001019,10
3750,82001,0,2024/2/15 5:00:00,182100,215,10,382001020,82001020,82001,25012,0,25021,0,0,0,苍波深域2-10,50,90,2099/12/17 14:59:59,820010201,10,20,182001020,282001020,10
4000,100501,0,2024/2/15 5:00:00,182100,215,10,382001021,82001021,82001,25012,0,25021,0,0,0,苍波深域3-1,25,90,2099/12/17 14:59:59,820010211,10,30,182001021,282001021,10
4200,100501,0,2024/2/15 5:00:00,182100,215,10,382001022,82001022,82001,25012,0,25021,0,0,0,苍波深域3-2,100,90,2099/12/17 14:59:59,820010221,10,30,182001022,282001022,10
4400,100501,0,2024/2/15 5:00:00,182100,215,10,382001023,82001023,82001,25012,0,25021,0,0,0,苍波深域3-3,175,90,2099/12/17 14:59:59,820010231,10,30,182001023,282001023,10
4550,100501,0,2024/2/15 5:00:00,182100,215,10,382001024,82001024,82001,25012,0,25021,0,0,0,苍波深域3-4,50,90,2099/12/17 14:59:59,820010241,10,30,182001024,282001024,10
4750,100501,0,2024/2/15 5:00:00,182100,215,10,382001025,82001025,82001,25012,0,25021,0,0,0,苍波深域3-5,125,90,2099/12/17 14:59:59,820010251,10,30,182001025,282001025,10
4950,100461,0,2024/2/15 5:00:00,182100,215,10,382001026,82001026,82001,25012,0,25021,0,0,0,苍波深域3-6,200,90,2099/12/17 14:59:59,820010261,10,30,182001026,282001026,10
5100,100501,0,2024/2/15 5:00:00,182100,215,10,382001027,82001027,82001,25012,0,25021,0,0,0,苍波深域3-7,25,90,2099/12/17 14:59:59,820010271,10,30,182001027,282001027,10
5300,100501,0,2024/2/15 5:00:00,182100,215,10,382001028,82001028,82001,25012,0,25021,0,0,0,苍波深域3-8,100,90,2099/12/17 14:59:59,820010281,10,30,182001028,282001028,10
5500,100501,0,2024/2/15 5:00:00,182100,215,10,382001029,82001029,82001,25012,0,25021,0,0,0,苍波深域3-9,175,90,2099/12/17 14:59:59,820010291,10,30,182001029,282001029,10
5750,82001,0,2024/2/15 5:00:00,182100,215,10,382001030,82001030,82001,25012,0,25021,0,0,0,苍波深域3-10,50,90,2099/12/17 14:59:59,820010301,10,30,182001030,282001030,10
6000,100501,0,2024/2/15 5:00:00,182100,215,10,382001031,82001031,82001,25012,0,25021,0,0,0,苍波深域4-1,25,90,2099/12/17 14:59:59,820010311,10,60,182001031,282001031,10
6200,100501,0,2024/2/15 5:00:00,182100,215,10,382001032,82001032,82001,25012,0,25021,0,0,0,苍波深域4-2,100,90,2099/12/17 14:59:59,820010321,10,60,182001032,282001032,10
6400,100501,0,2024/2/15 5:00:00,182100,215,10,382001033,82001033,82001,25012,0,25021,0,0,0,苍波深域4-3,175,90,2099/12/17 14:59:59,820010331,10,60,182001033,282001033,10
6550,100501,0,2024/2/15 5:00:00,182100,215,10,382001034,82001034,82001,25012,0,25021,0,0,0,苍波深域4-4,50,90,2099/12/17 14:59:59,820010341,10,60,182001034,282001034,10
6750,100501,0,2024/2/15 5:00:00,182100,215,10,382001035,82001035,82001,25012,0,25021,0,0,0,苍波深域4-5,125,90,2099/12/17 14:59:59,820010351,10,60,182001035,282001035,10
6950,100461,0,2024/2/15 5:00:00,182100,215,10,382001036,82001036,82001,25012,0,25021,0,0,0,苍波深域4-6,200,90,2099/12/17 14:59:59,820010361,10,60,182001036,282001036,10
7100,100501,0,2024/2/15 5:00:00,182100,215,10,382001037,82001037,82001,25012,0,25021,0,0,0,苍波深域4-7,25,90,2099/12/17 14:59:59,820010371,10,60,182001037,282001037,10
7300,100501,0,2024/2/15 5:00:00,182100,215,10,382001038,82001038,82001,25012,0,25021,0,0,0,苍波深域4-8,100,90,2099/12/17 14:59:59,820010381,10,60,182001038,282001038,10
7500,100501,0,2024/2/15 5:00:00,182100,215,10,382001039,82001039,82001,25012,0,25021,0,0,0,苍波深域4-9,175,90,2099/12/17 14:59:59,820010391,10,60,182001039,282001039,10
7750,82001,0,2024/2/15 5:00:00,182100,215,10,382001040,82001040,82001,25012,0,25021,0,0,0,苍波深域4-10,50,90,2099/12/17 14:59:59,820010401,10,60,182001040,282001040,10
8000,100501,0,2024/2/15 5:00:00,182100,215,10,382001041,82001041,82001,25012,0,25021,0,0,0,苍波深域5-1,25,90,2099/12/17 14:59:59,820010411,10,90,182001041,282001041,10
8200,100501,0,2024/2/15 5:00:00,182100,215,10,382001042,82001042,82001,25012,0,25021,0,0,0,苍波深域5-2,100,90,2099/12/17 14:59:59,820010421,10,90,182001042,282001042,10
8400,100501,0,2024/2/15 5:00:00,182100,215,10,382001043,82001043,82001,25012,0,25021,0,0,0,苍波深域5-3,175,90,2099/12/17 14:59:59,820010431,10,90,182001043,282001043,10
8550,100501,0,2024/2/15 5:00:00,182100,215,10,382001044,82001044,82001,25012,0,25021,0,0,0,苍波深域5-4,50,90,2099/12/17 14:59:59,820010441,10,90,182001044,282001044,10
8750,100501,0,2024/2/15 5:00:00,182100,215,10,382001045,82001045,82001,25012,0,25021,0,0,0,苍波深域5-5,125,90,2099/12/17 14:59:59,820010451,10,90,182001045,282001045,10
8950,100461,0,2024/2/15 5:00:00,182100,215,10,382001046,82001046,82001,25012,0,25021,0,0,0,苍波深域5-6,200,90,2099/12/17 14:59:59,820010461,10,90,182001046,282001046,10
9100,100501,0,2024/2/15 5:00:00,182100,215,10,382001047,82001047,82001,25012,0,25021,0,0,0,苍波深域5-7,25,90,2099/12/17 14:59:59,820010471,10,90,182001047,282001047,10
9300,100501,0,2024/2/15 5:00:00,182100,215,10,382001048,82001048,82001,25012,0,25021,0,0,0,苍波深域5-8,100,90,2099/12/17 14:59:59,820010481,10,90,182001048,282001048,10
9500,100501,0,2024/2/15 5:00:00,182100,215,10,382001049,82001049,82001,25012,0,25021,0,0,0,苍波深域5-9,175,90,2099/12/17 14:59:59,820010491,10,90,182001049,282001049,10
9750,82001,0,2024/2/15 5:00:00,182100,215,10,382001050,82001050,82001,25012,0,25021,0,0,0,苍波深域5-10,50,90,2099/12/17 14:59:59,820010501,10,90,182001050,282001050,10
10000,100501,0,2024/2/15 5:00:00,182100,215,10,382001051,82001051,82001,25012,0,25021,0,0,0,苍波深域6-1,25,90,2099/12/17 14:59:59,820010511,10,230,182001051,282001051,10
10200,100501,0,2024/2/15 5:00:00,182100,215,10,382001052,82001052,82001,25012,0,25021,0,0,0,苍波深域6-2,100,90,2099/12/17 14:59:59,820010521,10,230,182001052,282001052,10
10400,100501,0,2024/2/15 5:00:00,182100,215,10,382001053,82001053,82001,25012,0,25021,0,0,0,苍波深域6-3,175,90,2099/12/17 14:59:59,820010531,10,230,182001053,282001053,10
10550,100501,0,2024/2/15 5:00:00,182100,215,10,382001054,82001054,82001,25012,0,25021,0,0,0,苍波深域6-4,50,90,2099/12/17 14:59:59,820010541,10,230,182001054,282001054,10
10750,100501,0,2024/2/15 5:00:00,182100,215,10,382001055,82001055,82001,25012,0,25021,0,0,0,苍波深域6-5,125,90,2099/12/17 14:59:59,820010551,10,230,182001055,282001055,10
10950,100461,0,2024/2/15 5:00:00,182100,215,10,382001056,82001056,82001,25012,0,25021,0,0,0,苍波深域6-6,200,90,2099/12/17 14:59:59,820010561,10,230,182001056,282001056,10
11100,100501,0,2024/2/15 5:00:00,182100,215,10,382001057,82001057,82001,25012,0,25021,0,0,0,苍波深域6-7,25,90,2099/12/17 14:59:59,820010571,10,230,182001057,282001057,10
11300,100501,0,2024/2/15 5:00:00,182100,215,10,382001058,82001058,82001,25012,0,25021,0,0,0,苍波深域6-8,100,90,2099/12/17 14:59:59,820010581,10,230,182001058,282001058,10
11500,100501,0,2024/2/15 5:00:00,182100,215,10,382001059,82001059,82001,25012,0,25021,0,0,0,苍波深域6-9,175,90,2099/12/17 14:59:59,820010591,10,230,182001059,282001059,10
11750,82001,0,2024/2/15 5:00:00,182100,215,10,382001060,82001060,82001,25012,0,25021,0,0,0,苍波深域6-10,50,90,2099/12/17 14:59:59,820010601,10,230,182001060,282001060,10
12000,100501,0,2024/2/15 5:00:00,182100,215,10,382001061,82001061,82001,25012,0,25021,0,0,0,苍波深域7-1,25,90,2099/12/17 14:59:59,820010611,10,260,182001061,282001061,10
12200,100501,0,2024/2/15 5:00:00,182100,215,10,382001062,82001062,82001,25012,0,25021,0,0,0,苍波深域7-2,100,90,2099/12/17 14:59:59,820010621,10,260,182001062,282001062,10
12400,100501,0,2024/2/15 5:00:00,182100,215,10,382001063,82001063,82001,25012,0,25021,0,0,0,苍波深域7-3,175,90,2099/12/17 14:59:59,820010631,10,260,182001063,282001063,10
12550,100501,0,2024/2/15 5:00:00,182100,215,10,382001064,82001064,82001,25012,0,25021,0,0,0,苍波深域7-4,50,90,2099/12/17 14:59:59,820010641,10,260,182001064,282001064,10
12750,100501,0,2024/2/15 5:00:00,182100,215,10,382001065,82001065,82001,25012,0,25021,0,0,0,苍波深域7-5,125,90,2099/12/17 14:59:59,820010651,10,260,182001065,282001065,10
12950,100461,0,2024/2/15 5:00:00,182100,215,10,382001066,82001066,82001,25012,0,25021,0,0,0,苍波深域7-6,200,90,2099/12/17 14:59:59,820010661,10,260,182001066,282001066,10
13100,100501,0,2024/2/15 5:00:00,182100,215,10,382001067,82001067,82001,25012,0,25021,0,0,0,苍波深域7-7,25,90,2099/12/17 14:59:59,820010671,10,260,182001067,282001067,10
13300,100501,0,2024/2/15 5:00:00,182100,215,10,382001068,82001068,82001,25012,0,25021,0,0,0,苍波深域7-8,100,90,2099/12/17 14:59:59,820010681,10,260,182001068,282001068,10
13500,100501,0,2024/2/15 5:00:00,182100,215,10,382001069,82001069,82001,25012,0,25021,0,0,0,苍波深域7-9,175,90,2099/12/17 14:59:59,820010691,10,260,182001069,282001069,10
13750,82001,0,2024/2/15 5:00:00,182100,215,10,382001070,82001070,82001,25012,0,25021,0,0,0,苍波深域7-10,50,90,2099/12/17 14:59:59,820010701,10,260,182001070,282001070,10
0,100450,0,2024/2/15 5:00:00,182100,215,10,383001001,83001001,83001,25013,0,25021,0,0,0,翠岚深域1-1,25,90,2099/12/17 14:59:59,830010011,10,10,183001001,283001001,10
200,100450,0,2024/2/15 5:00:00,182100,215,10,383001002,83001002,83001,25013,0,25021,0,0,0,翠岚深域1-2,100,90,2099/12/17 14:59:59,830010021,10,10,183001002,283001002,10
400,100450,0,2024/2/15 5:00:00,182100,215,10,383001003,83001003,83001,25013,0,25021,0,0,0,翠岚深域1-3,175,90,2099/12/17 14:59:59,830010031,10,10,183001003,283001003,10
550,100450,0,2024/2/15 5:00:00,182100,215,10,383001004,83001004,83001,25013,0,25021,0,0,0,翠岚深域1-4,50,90,2099/12/17 14:59:59,830010041,10,10,183001004,283001004,10
750,100450,0,2024/2/15 5:00:00,182100,215,10,383001005,83001005,83001,25013,0,25021,0,0,0,翠岚深域1-5,125,90,2099/12/17 14:59:59,830010051,10,10,183001005,283001005,10
950,100830,0,2024/2/15 5:00:00,182100,215,10,383001006,83001006,83001,25013,0,25021,0,0,0,翠岚深域1-6,200,90,2099/12/17 14:59:59,830010061,10,10,183001006,283001006,10
1100,100450,0,2024/2/15 5:00:00,182100,215,10,383001007,83001007,83001,25013,0,25021,0,0,0,翠岚深域1-7,25,90,2099/12/17 14:59:59,830010071,10,10,183001007,283001007,10
1300,100450,0,2024/2/15 5:00:00,182100,215,10,383001008,83001008,83001,25013,0,25021,0,0,0,翠岚深域1-8,100,90,2099/12/17 14:59:59,830010081,10,10,183001008,283001008,10
1500,100450,0,2024/2/15 5:00:00,182100,215,10,383001009,83001009,83001,25013,0,25021,0,0,0,翠岚深域1-9,175,90,2099/12/17 14:59:59,830010091,10,10,183001009,283001009,10
1750,83001,0,2024/2/15 5:00:00,182100,215,10,383001010,83001010,83001,25013,0,25021,0,0,0,翠岚深域1-10,50,90,2099/12/17 14:59:59,830010101,10,10,183001010,283001010,10
2000,100450,0,2024/2/15 5:00:00,182100,215,10,383001011,83001011,83001,25013,0,25021,0,0,0,翠岚深域2-1,25,90,2099/12/17 14:59:59,830010111,10,20,183001011,283001011,10
2200,100450,0,2024/2/15 5:00:00,182100,215,10,383001012,83001012,83001,25013,0,25021,0,0,0,翠岚深域2-2,100,90,2099/12/17 14:59:59,830010121,10,20,183001012,283001012,10
2400,100450,0,2024/2/15 5:00:00,182100,215,10,383001013,83001013,83001,25013,0,25021,0,0,0,翠岚深域2-3,175,90,2099/12/17 14:59:59,830010131,10,20,183001013,283001013,10
2550,100450,0,2024/2/15 5:00:00,182100,215,10,383001014,83001014,83001,25013,0,25021,0,0,0,翠岚深域2-4,50,90,2099/12/17 14:59:59,830010141,10,20,183001014,283001014,10
2750,100450,0,2024/2/15 5:00:00,182100,215,10,383001015,83001015,83001,25013,0,25021,0,0,0,翠岚深域2-5,125,90,2099/12/17 14:59:59,830010151,10,20,183001015,283001015,10
2950,100830,0,2024/2/15 5:00:00,182100,215,10,383001016,83001016,83001,25013,0,25021,0,0,0,翠岚深域2-6,200,90,2099/12/17 14:59:59,830010161,10,20,183001016,283001016,10
3100,100450,0,2024/2/15 5:00:00,182100,215,10,383001017,83001017,83001,25013,0,25021,0,0,0,翠岚深域2-7,25,90,2099/12/17 14:59:59,830010171,10,20,183001017,283001017,10
3300,100450,0,2024/2/15 5:00:00,182100,215,10,383001018,83001018,83001,25013,0,25021,0,0,0,翠岚深域2-8,100,90,2099/12/17 14:59:59,830010181,10,20,183001018,283001018,10
3500,100450,0,2024/2/15 5:00:00,182100,215,10,383001019,83001019,83001,25013,0,25021,0,0,0,翠岚深域2-9,175,90,2099/12/17 14:59:59,830010191,10,20,183001019,283001019,10
3750,83001,0,2024/2/15 5:00:00,182100,215,10,383001020,83001020,83001,25013,0,25021,0,0,0,翠岚深域2-10,50,90,2099/12/17 14:59:59,830010201,10,20,183001020,283001020,10
4000,100450,0,2024/2/15 5:00:00,182100,215,10,383001021,83001021,83001,25013,0,25021,0,0,0,翠岚深域3-1,25,90,2099/12/17 14:59:59,830010211,10,30,183001021,283001021,10
4200,100450,0,2024/2/15 5:00:00,182100,215,10,383001022,83001022,83001,25013,0,25021,0,0,0,翠岚深域3-2,100,90,2099/12/17 14:59:59,830010221,10,30,183001022,283001022,10
4400,100450,0,2024/2/15 5:00:00,182100,215,10,383001023,83001023,83001,25013,0,25021,0,0,0,翠岚深域3-3,175,90,2099/12/17 14:59:59,830010231,10,30,183001023,283001023,10
4550,100450,0,2024/2/15 5:00:00,182100,215,10,383001024,83001024,83001,25013,0,25021,0,0,0,翠岚深域3-4,50,90,2099/12/17 14:59:59,830010241,10,30,183001024,283001024,10
4750,100450,0,2024/2/15 5:00:00,182100,215,10,383001025,83001025,83001,25013,0,25021,0,0,0,翠岚深域3-5,125,90,2099/12/17 14:59:59,830010251,10,30,183001025,283001025,10
4950,100830,0,2024/2/15 5:00:00,182100,215,10,383001026,83001026,83001,25013,0,25021,0,0,0,翠岚深域3-6,200,90,2099/12/17 14:59:59,830010261,10,30,183001026,283001026,10
5100,100450,0,2024/2/15 5:00:00,182100,215,10,383001027,83001027,83001,25013,0,25021,0,0,0,翠岚深域3-7,25,90,2099/12/17 14:59:59,830010271,10,30,183001027,283001027,10
5300,100450,0,2024/2/15 5:00:00,182100,215,10,383001028,83001028,83001,25013,0,25021,0,0,0,翠岚深域3-8,100,90,2099/12/17 14:59:59,830010281,10,30,183001028,283001028,10
5500,100450,0,2024/2/15 5:00:00,182100,215,10,383001029,83001029,83001,25013,0,25021,0,0,0,翠岚深域3-9,175,90,2099/12/17 14:59:59,830010291,10,30,183001029,283001029,10
5750,83001,0,2024/2/15 5:00:00,182100,215,10,383001030,83001030,83001,25013,0,25021,0,0,0,翠岚深域3-10,50,90,2099/12/17 14:59:59,830010301,10,30,183001030,283001030,10
6000,100450,0,2024/2/15 5:00:00,182100,215,10,383001031,83001031,83001,25013,0,25021,0,0,0,翠岚深域4-1,25,90,2099/12/17 14:59:59,830010311,10,60,183001031,283001031,10
6200,100450,0,2024/2/15 5:00:00,182100,215,10,383001032,83001032,83001,25013,0,25021,0,0,0,翠岚深域4-2,100,90,2099/12/17 14:59:59,830010321,10,60,183001032,283001032,10
6400,100450,0,2024/2/15 5:00:00,182100,215,10,383001033,83001033,83001,25013,0,25021,0,0,0,翠岚深域4-3,175,90,2099/12/17 14:59:59,830010331,10,60,183001033,283001033,10
6550,100450,0,2024/2/15 5:00:00,182100,215,10,383001034,83001034,83001,25013,0,25021,0,0,0,翠岚深域4-4,50,90,2099/12/17 14:59:59,830010341,10,60,183001034,283001034,10
6750,100450,0,2024/2/15 5:00:00,182100,215,10,383001035,83001035,83001,25013,0,25021,0,0,0,翠岚深域4-5,125,90,2099/12/17 14:59:59,830010351,10,60,183001035,283001035,10
6950,100830,0,2024/2/15 5:00:00,182100,215,10,383001036,83001036,83001,25013,0,25021,0,0,0,翠岚深域4-6,200,90,2099/12/17 14:59:59,830010361,10,60,183001036,283001036,10
7100,100450,0,2024/2/15 5:00:00,182100,215,10,383001037,83001037,83001,25013,0,25021,0,0,0,翠岚深域4-7,25,90,2099/12/17 14:59:59,830010371,10,60,183001037,283001037,10
7300,100450,0,2024/2/15 5:00:00,182100,215,10,383001038,83001038,83001,25013,0,25021,0,0,0,翠岚深域4-8,100,90,2099/12/17 14:59:59,830010381,10,60,183001038,283001038,10
7500,100450,0,2024/2/15 5:00:00,182100,215,10,383001039,83001039,83001,25013,0,25021,0,0,0,翠岚深域4-9,175,90,2099/12/17 14:59:59,830010391,10,60,183001039,283001039,10
7750,83001,0,2024/2/15 5:00:00,182100,215,10,383001040,83001040,83001,25013,0,25021,0,0,0,翠岚深域4-10,50,90,2099/12/17 14:59:59,830010401,10,60,183001040,283001040,10
8000,100450,0,2024/2/15 5:00:00,182100,215,10,383001041,83001041,83001,25013,0,25021,0,0,0,翠岚深域5-1,25,90,2099/12/17 14:59:59,830010411,10,90,183001041,283001041,10
8200,100450,0,2024/2/15 5:00:00,182100,215,10,383001042,83001042,83001,25013,0,25021,0,0,0,翠岚深域5-2,100,90,2099/12/17 14:59:59,830010421,10,90,183001042,283001042,10
8400,100450,0,2024/2/15 5:00:00,182100,215,10,383001043,83001043,83001,25013,0,25021,0,0,0,翠岚深域5-3,175,90,2099/12/17 14:59:59,830010431,10,90,183001043,283001043,10
8550,100450,0,2024/2/15 5:00:00,182100,215,10,383001044,83001044,83001,25013,0,25021,0,0,0,翠岚深域5-4,50,90,2099/12/17 14:59:59,830010441,10,90,183001044,283001044,10
8750,100450,0,2024/2/15 5:00:00,182100,215,10,383001045,83001045,83001,25013,0,25021,0,0,0,翠岚深域5-5,125,90,2099/12/17 14:59:59,830010451,10,90,183001045,283001045,10
8950,100830,0,2024/2/15 5:00:00,182100,215,10,383001046,83001046,83001,25013,0,25021,0,0,0,翠岚深域5-6,200,90,2099/12/17 14:59:59,830010461,10,90,183001046,283001046,10
9100,100450,0,2024/2/15 5:00:00,182100,215,10,383001047,83001047,83001,25013,0,25021,0,0,0,翠岚深域5-7,25,90,2099/12/17 14:59:59,830010471,10,90,183001047,283001047,10
9300,100450,0,2024/2/15 5:00:00,182100,215,10,383001048,83001048,83001,25013,0,25021,0,0,0,翠岚深域5-8,100,90,2099/12/17 14:59:59,830010481,10,90,183001048,283001048,10
9500,100450,0,2024/2/15 5:00:00,182100,215,10,383001049,83001049,83001,25013,0,25021,0,0,0,翠岚深域5-9,175,90,2099/12/17 14:59:59,830010491,10,90,183001049,283001049,10
9750,83001,0,2024/2/15 5:00:00,182100,215,10,383001050,83001050,83001,25013,0,25021,0,0,0,翠岚深域5-10,50,90,2099/12/17 14:59:59,830010501,10,90,183001050,283001050,10
10000,100450,0,2024/2/15 5:00:00,182100,215,10,383001051,83001051,83001,25013,0,25021,0,0,0,翠岚深域6-1,25,90,2099/12/17 14:59:59,830010511,10,230,183001051,283001051,10
10200,100450,0,2024/2/15 5:00:00,182100,215,10,383001052,83001052,83001,25013,0,25021,0,0,0,翠岚深域6-2,100,90,2099/12/17 14:59:59,830010521,10,230,183001052,283001052,10
10400,100450,0,2024/2/15 5:00:00,182100,215,10,383001053,83001053,83001,25013,0,25021,0,0,0,翠岚深域6-3,175,90,2099/12/17 14:59:59,830010531,10,230,183001053,283001053,10
10550,100450,0,2024/2/15 5:00:00,182100,215,10,383001054,83001054,83001,25013,0,25021,0,0,0,翠岚深域6-4,50,90,2099/12/17 14:59:59,830010541,10,230,183001054,283001054,10
10750,100450,0,2024/2/15 5:00:00,182100,215,10,383001055,83001055,83001,25013,0,25021,0,0,0,翠岚深域6-5,125,90,2099/12/17 14:59:59,830010551,10,230,183001055,283001055,10
10950,100830,0,2024/2/15 5:00:00,182100,215,10,383001056,83001056,83001,25013,0,25021,0,0,0,翠岚深域6-6,200,90,2099/12/17 14:59:59,830010561,10,230,183001056,283001056,10
11100,100450,0,2024/2/15 5:00:00,182100,215,10,383001057,83001057,83001,25013,0,25021,0,0,0,翠岚深域6-7,25,90,2099/12/17 14:59:59,830010571,10,230,183001057,283001057,10
11300,100450,0,2024/2/15 5:00:00,182100,215,10,383001058,83001058,83001,25013,0,25021,0,0,0,翠岚深域6-8,100,90,2099/12/17 14:59:59,830010581,10,230,183001058,283001058,10
11500,100450,0,2024/2/15 5:00:00,182100,215,10,383001059,83001059,83001,25013,0,25021,0,0,0,翠岚深域6-9,175,90,2099/12/17 14:59:59,830010591,10,230,183001059,283001059,10
11750,83001,0,2024/2/15 5:00:00,182100,215,10,383001060,83001060,83001,25013,0,25021,0,0,0,翠岚深域6-10,50,90,2099/12/17 14:59:59,830010601,10,230,183001060,283001060,10
12000,100450,0,2024/2/15 5:00:00,182100,215,10,383001061,83001061,83001,25013,0,25021,0,0,0,翠岚深域7-1,25,90,2099/12/17 14:59:59,830010611,10,260,183001061,283001061,10
12200,100450,0,2024/2/15 5:00:00,182100,215,10,383001062,83001062,83001,25013,0,25021,0,0,0,翠岚深域7-2,100,90,2099/12/17 14:59:59,830010621,10,260,183001062,283001062,10
12400,100450,0,2024/2/15 5:00:00,182100,215,10,383001063,83001063,83001,25013,0,25021,0,0,0,翠岚深域7-3,175,90,2099/12/17 14:59:59,830010631,10,260,183001063,283001063,10
12550,100450,0,2024/2/15 5:00:00,182100,215,10,383001064,83001064,83001,25013,0,25021,0,0,0,翠岚深域7-4,50,90,2099/12/17 14:59:59,830010641,10,260,183001064,283001064,10
12750,100450,0,2024/2/15 5:00:00,182100,215,10,383001065,83001065,83001,25013,0,25021,0,0,0,翠岚深域7-5,125,90,2099/12/17 14:59:59,830010651,10,260,183001065,283001065,10
12950,100830,0,2024/2/15 5:00:00,182100,215,10,383001066,83001066,83001,25013,0,25021,0,0,0,翠岚深域7-6,200,90,2099/12/17 14:59:59,830010661,10,260,183001066,283001066,10
13100,100450,0,2024/2/15 5:00:00,182100,215,10,383001067,83001067,83001,25013,0,25021,0,0,0,翠岚深域7-7,25,90,2099/12/17 14:59:59,830010671,10,260,183001067,283001067,10
13300,100450,0,2024/2/15 5:00:00,182100,215,10,383001068,83001068,83001,25013,0,25021,0,0,0,翠岚深域7-8,100,90,2099/12/17 14:59:59,830010681,10,260,183001068,283001068,10
13500,100450,0,2024/2/15 5:00:00,182100,215,10,383001069,83001069,83001,25013,0,25021,0,0,0,翠岚深域7-9,175,90,2099/12/17 14:59:59,830010691,10,260,183001069,283001069,10
13750,83001,0,2024/2/15 5:00:00,182100,215,10,383001070,83001070,83001,25013,0,25021,0,0,0,翠岚深域7-10,50,90,2099/12/17 14:59:59,830010701,10,260,183001070,283001070,10
0,100370,0,2024/2/15 5:00:00,182100,215,10,384001001,84001001,84001,25014,0,25021,0,0,0,珀天深域1-1,25,90,2099/12/17 14:59:59,840010011,10,10,184001001,284001001,10
200,100370,0,2024/2/15 5:00:00,182100,215,10,384001002,84001002,84001,25014,0,25021,0,0,0,珀天深域1-2,100,90,2099/12/17 14:59:59,840010021,10,10,184001002,284001002,10
400,100370,0,2024/2/15 5:00:00,182100,215,10,384001003,84001003,84001,25014,0,25021,0,0,0,珀天深域1-3,175,90,2099/12/17 14:59:59,840010031,10,10,184001003,284001003,10
550,100370,0,2024/2/15 5:00:00,182100,215,10,384001004,84001004,84001,25014,0,25021,0,0,0,珀天深域1-4,50,90,2099/12/17 14:59:59,840010041,10,10,184001004,284001004,10
750,100370,0,2024/2/15 5:00:00,182100,215,10,384001005,84001005,84001,25014,0,25021,0,0,0,珀天深域1-5,125,90,2099/12/17 14:59:59,840010051,10,10,184001005,284001005,10
950,100380,0,2024/2/15 5:00:00,182100,215,10,384001006,84001006,84001,25014,0,25021,0,0,0,珀天深域1-6,200,90,2099/12/17 14:59:59,840010061,10,10,184001006,284001006,10
1100,100370,0,2024/2/15 5:00:00,182100,215,10,384001007,84001007,84001,25014,0,25021,0,0,0,珀天深域1-7,25,90,2099/12/17 14:59:59,840010071,10,10,184001007,284001007,10
1300,100370,0,2024/2/15 5:00:00,182100,215,10,384001008,84001008,84001,25014,0,25021,0,0,0,珀天深域1-8,100,90,2099/12/17 14:59:59,840010081,10,10,184001008,284001008,10
1500,100370,0,2024/2/15 5:00:00,182100,215,10,384001009,84001009,84001,25014,0,25021,0,0,0,珀天深域1-9,175,90,2099/12/17 14:59:59,840010091,10,10,184001009,284001009,10
1750,84001,0,2024/2/15 5:00:00,182100,215,10,384001010,84001010,84001,25014,0,25021,0,0,0,珀天深域1-10,50,90,2099/12/17 14:59:59,840010101,10,10,184001010,284001010,10
2000,100370,0,2024/2/15 5:00:00,182100,215,10,384001011,84001011,84001,25014,0,25021,0,0,0,珀天深域2-1,25,90,2099/12/17 14:59:59,840010111,10,20,184001011,284001011,10
2200,100370,0,2024/2/15 5:00:00,182100,215,10,384001012,84001012,84001,25014,0,25021,0,0,0,珀天深域2-2,100,90,2099/12/17 14:59:59,840010121,10,20,184001012,284001012,10
2400,100370,0,2024/2/15 5:00:00,182100,215,10,384001013,84001013,84001,25014,0,25021,0,0,0,珀天深域2-3,175,90,2099/12/17 14:59:59,840010131,10,20,184001013,284001013,10
2550,100370,0,2024/2/15 5:00:00,182100,215,10,384001014,84001014,84001,25014,0,25021,0,0,0,珀天深域2-4,50,90,2099/12/17 14:59:59,840010141,10,20,184001014,284001014,10
2750,100370,0,2024/2/15 5:00:00,182100,215,10,384001015,84001015,84001,25014,0,25021,0,0,0,珀天深域2-5,125,90,2099/12/17 14:59:59,840010151,10,20,184001015,284001015,10
2950,100380,0,2024/2/15 5:00:00,182100,215,10,384001016,84001016,84001,25014,0,25021,0,0,0,珀天深域2-6,200,90,2099/12/17 14:59:59,840010161,10,20,184001016,284001016,10
3100,100370,0,2024/2/15 5:00:00,182100,215,10,384001017,84001017,84001,25014,0,25021,0,0,0,珀天深域2-7,25,90,2099/12/17 14:59:59,840010171,10,20,184001017,284001017,10
3300,100370,0,2024/2/15 5:00:00,182100,215,10,384001018,84001018,84001,25014,0,25021,0,0,0,珀天深域2-8,100,90,2099/12/17 14:59:59,840010181,10,20,184001018,284001018,10
3500,100370,0,2024/2/15 5:00:00,182100,215,10,384001019,84001019,84001,25014,0,25021,0,0,0,珀天深域2-9,175,90,2099/12/17 14:59:59,840010191,10,20,184001019,284001019,10
3750,84001,0,2024/2/15 5:00:00,182100,215,10,384001020,84001020,84001,25014,0,25021,0,0,0,珀天深域2-10,50,90,2099/12/17 14:59:59,840010201,10,20,184001020,284001020,10
4000,100370,0,2024/2/15 5:00:00,182100,215,10,384001021,84001021,84001,25014,0,25021,0,0,0,珀天深域3-1,25,90,2099/12/17 14:59:59,840010211,10,30,184001021,284001021,10
4200,100370,0,2024/2/15 5:00:00,182100,215,10,384001022,84001022,84001,25014,0,25021,0,0,0,珀天深域3-2,100,90,2099/12/17 14:59:59,840010221,10,30,184001022,284001022,10
4400,100370,0,2024/2/15 5:00:00,182100,215,10,384001023,84001023,84001,25014,0,25021,0,0,0,珀天深域3-3,175,90,2099/12/17 14:59:59,840010231,10,30,184001023,284001023,10
4550,100370,0,2024/2/15 5:00:00,182100,215,10,384001024,84001024,84001,25014,0,25021,0,0,0,珀天深域3-4,50,90,2099/12/17 14:59:59,840010241,10,30,184001024,284001024,10
4750,100370,0,2024/2/15 5:00:00,182100,215,10,384001025,84001025,84001,25014,0,25021,0,0,0,珀天深域3-5,125,90,2099/12/17 14:59:59,840010251,10,30,184001025,284001025,10
4950,100380,0,2024/2/15 5:00:00,182100,215,10,384001026,84001026,84001,25014,0,25021,0,0,0,珀天深域3-6,200,90,2099/12/17 14:59:59,840010261,10,30,184001026,284001026,10
5100,100370,0,2024/2/15 5:00:00,182100,215,10,384001027,84001027,84001,25014,0,25021,0,0,0,珀天深域3-7,25,90,2099/12/17 14:59:59,840010271,10,30,184001027,284001027,10
5300,100370,0,2024/2/15 5:00:00,182100,215,10,384001028,84001028,84001,25014,0,25021,0,0,0,珀天深域3-8,100,90,2099/12/17 14:59:59,840010281,10,30,184001028,284001028,10
5500,100370,0,2024/2/15 5:00:00,182100,215,10,384001029,84001029,84001,25014,0,25021,0,0,0,珀天深域3-9,175,90,2099/12/17 14:59:59,840010291,10,30,184001029,284001029,10
5750,84001,0,2024/2/15 5:00:00,182100,215,10,384001030,84001030,84001,25014,0,25021,0,0,0,珀天深域3-10,50,90,2099/12/17 14:59:59,840010301,10,30,184001030,284001030,10
6000,100370,0,2024/2/15 5:00:00,182100,215,10,384001031,84001031,84001,25014,0,25021,0,0,0,珀天深域4-1,25,90,2099/12/17 14:59:59,840010311,10,60,184001031,284001031,10
6200,100370,0,2024/2/15 5:00:00,182100,215,10,384001032,84001032,84001,25014,0,25021,0,0,0,珀天深域4-2,100,90,2099/12/17 14:59:59,840010321,10,60,184001032,284001032,10
6400,100370,0,2024/2/15 5:00:00,182100,215,10,384001033,84001033,84001,25014,0,25021,0,0,0,珀天深域4-3,175,90,2099/12/17 14:59:59,840010331,10,60,184001033,284001033,10
6550,100370,0,2024/2/15 5:00:00,182100,215,10,384001034,84001034,84001,25014,0,25021,0,0,0,珀天深域4-4,50,90,2099/12/17 14:59:59,840010341,10,60,184001034,284001034,10
6750,100370,0,2024/2/15 5:00:00,182100,215,10,384001035,84001035,84001,25014,0,25021,0,0,0,珀天深域4-5,125,90,2099/12/17 14:59:59,840010351,10,60,184001035,284001035,10
6950,100380,0,2024/2/15 5:00:00,182100,215,10,384001036,84001036,84001,25014,0,25021,0,0,0,珀天深域4-6,200,90,2099/12/17 14:59:59,840010361,10,60,184001036,284001036,10
7100,100370,0,2024/2/15 5:00:00,182100,215,10,384001037,84001037,84001,25014,0,25021,0,0,0,珀天深域4-7,25,90,2099/12/17 14:59:59,840010371,10,60,184001037,284001037,10
7300,100370,0,2024/2/15 5:00:00,182100,215,10,384001038,84001038,84001,25014,0,25021,0,0,0,珀天深域4-8,100,90,2099/12/17 14:59:59,840010381,10,60,184001038,284001038,10
7500,100370,0,2024/2/15 5:00:00,182100,215,10,384001039,84001039,84001,25014,0,25021,0,0,0,珀天深域4-9,175,90,2099/12/17 14:59:59,840010391,10,60,184001039,284001039,10
7750,84001,0,2024/2/15 5:00:00,182100,215,10,384001040,84001040,84001,25014,0,25021,0,0,0,珀天深域4-10,50,90,2099/12/17 14:59:59,840010401,10,60,184001040,284001040,10
8000,100370,0,2024/2/15 5:00:00,182100,215,10,384001041,84001041,84001,25014,0,25021,0,0,0,珀天深域5-1,25,90,2099/12/17 14:59:59,840010411,10,90,184001041,284001041,10
8200,100370,0,2024/2/15 5:00:00,182100,215,10,384001042,84001042,84001,25014,0,25021,0,0,0,珀天深域5-2,100,90,2099/12/17 14:59:59,840010421,10,90,184001042,284001042,10
8400,100370,0,2024/2/15 5:00:00,182100,215,10,384001043,84001043,84001,25014,0,25021,0,0,0,珀天深域5-3,175,90,2099/12/17 14:59:59,840010431,10,90,184001043,284001043,10
8550,100370,0,2024/2/15 5:00:00,182100,215,10,384001044,84001044,84001,25014,0,25021,0,0,0,珀天深域5-4,50,90,2099/12/17 14:59:59,840010441,10,90,184001044,284001044,10
8750,100370,0,2024/2/15 5:00:00,182100,215,10,384001045,84001045,84001,25014,0,25021,0,0,0,珀天深域5-5,125,90,2099/12/17 14:59:59,840010451,10,90,184001045,284001045,10
8950,100380,0,2024/2/15 5:00:00,182100,215,10,384001046,84001046,84001,25014,0,25021,0,0,0,珀天深域5-6,200,90,2099/12/17 14:59:59,840010461,10,90,184001046,284001046,10
9100,100370,0,2024/2/15 5:00:00,182100,215,10,384001047,84001047,84001,25014,0,25021,0,0,0,珀天深域5-7,25,90,2099/12/17 14:59:59,840010471,10,90,184001047,284001047,10
9300,100370,0,2024/2/15 5:00:00,182100,215,10,384001048,84001048,84001,25014,0,25021,0,0,0,珀天深域5-8,100,90,2099/12/17 14:59:59,840010481,10,90,184001048,284001048,10
9500,100370,0,2024/2/15 5:00:00,182100,215,10,384001049,84001049,84001,25014,0,25021,0,0,0,珀天深域5-9,175,90,2099/12/17 14:59:59,840010491,10,90,184001049,284001049,10
9750,84001,0,2024/2/15 5:00:00,182100,215,10,384001050,84001050,84001,25014,0,25021,0,0,0,珀天深域5-10,50,90,2099/12/17 14:59:59,840010501,10,90,184001050,284001050,10
10000,100370,0,2024/2/15 5:00:00,182100,215,10,384001051,84001051,84001,25014,0,25021,0,0,0,珀天深域6-1,25,90,2099/12/17 14:59:59,840010511,10,230,184001051,284001051,10
10200,100370,0,2024/2/15 5:00:00,182100,215,10,384001052,84001052,84001,25014,0,25021,0,0,0,珀天深域6-2,100,90,2099/12/17 14:59:59,840010521,10,230,184001052,284001052,10
10400,100370,0,2024/2/15 5:00:00,182100,215,10,384001053,84001053,84001,25014,0,25021,0,0,0,珀天深域6-3,175,90,2099/12/17 14:59:59,840010531,10,230,184001053,284001053,10
10550,100370,0,2024/2/15 5:00:00,182100,215,10,384001054,84001054,84001,25014,0,25021,0,0,0,珀天深域6-4,50,90,2099/12/17 14:59:59,840010541,10,230,184001054,284001054,10
10750,100370,0,2024/2/15 5:00:00,182100,215,10,384001055,84001055,84001,25014,0,25021,0,0,0,珀天深域6-5,125,90,2099/12/17 14:59:59,840010551,10,230,184001055,284001055,10
10950,100380,0,2024/2/15 5:00:00,182100,215,10,384001056,84001056,84001,25014,0,25021,0,0,0,珀天深域6-6,200,90,2099/12/17 14:59:59,840010561,10,230,184001056,284001056,10
11100,100370,0,2024/2/15 5:00:00,182100,215,10,384001057,84001057,84001,25014,0,25021,0,0,0,珀天深域6-7,25,90,2099/12/17 14:59:59,840010571,10,230,184001057,284001057,10
11300,100370,0,2024/2/15 5:00:00,182100,215,10,384001058,84001058,84001,25014,0,25021,0,0,0,珀天深域6-8,100,90,2099/12/17 14:59:59,840010581,10,230,184001058,284001058,10
11500,100370,0,2024/2/15 5:00:00,182100,215,10,384001059,84001059,84001,25014,0,25021,0,0,0,珀天深域6-9,175,90,2099/12/17 14:59:59,840010591,10,230,184001059,284001059,10
11750,84001,0,2024/2/15 5:00:00,182100,215,10,384001060,84001060,84001,25014,0,25021,0,0,0,珀天深域6-10,50,90,2099/12/17 14:59:59,840010601,10,230,184001060,284001060,10
12000,100370,0,2024/2/15 5:00:00,182100,215,10,384001061,84001061,84001,25014,0,25021,0,0,0,珀天深域7-1,25,90,2099/12/17 14:59:59,840010611,10,260,184001061,284001061,10
12200,100370,0,2024/2/15 5:00:00,182100,215,10,384001062,84001062,84001,25014,0,25021,0,0,0,珀天深域7-2,100,90,2099/12/17 14:59:59,840010621,10,260,184001062,284001062,10
12400,100370,0,2024/2/15 5:00:00,182100,215,10,384001063,84001063,84001,25014,0,25021,0,0,0,珀天深域7-3,175,90,2099/12/17 14:59:59,840010631,10,260,184001063,284001063,10
12550,100370,0,2024/2/15 5:00:00,182100,215,10,384001064,84001064,84001,25014,0,25021,0,0,0,珀天深域7-4,50,90,2099/12/17 14:59:59,840010641,10,260,184001064,284001064,10
12750,100370,0,2024/2/15 5:00:00,182100,215,10,384001065,84001065,84001,25014,0,25021,0,0,0,珀天深域7-5,125,90,2099/12/17 14:59:59,840010651,10,260,184001065,284001065,10
12950,100380,0,2024/2/15 5:00:00,182100,215,10,384001066,84001066,84001,25014,0,25021,0,0,0,珀天深域7-6,200,90,2099/12/17 14:59:59,840010661,10,260,184001066,284001066,10
13100,100370,0,2024/2/15 5:00:00,182100,215,10,384001067,84001067,84001,25014,0,25021,0,0,0,珀天深域7-7,25,90,2099/12/17 14:59:59,840010671,10,260,184001067,284001067,10
13300,100370,0,2024/2/15 5:00:00,182100,215,10,384001068,84001068,84001,25014,0,25021,0,0,0,珀天深域7-8,100,90,2099/12/17 14:59:59,840010681,10,260,184001068,284001068,10
13500,100370,0,2024/2/15 5:00:00,182100,215,10,384001069,84001069,84001,25014,0,25021,0,0,0,珀天深域7-9,175,90,2099/12/17 14:59:59,840010691,10,260,184001069,284001069,10
13750,84001,0,2024/2/15 5:00:00,182100,215,10,384001070,84001070,84001,25014,0,25021,0,0,0,珀天深域7-10,50,90,2099/12/17 14:59:59,840010701,10,260,184001070,284001070,10
0,100840,0,2024/2/15 5:00:00,182100,215,10,385001001,85001001,85001,25015,0,25021,0,0,0,紫冥深域1-1,25,90,2099/12/17 14:59:59,850010011,10,10,185001001,285001001,10
200,100840,0,2024/2/15 5:00:00,182100,215,10,385001002,85001002,85001,25015,0,25021,0,0,0,紫冥深域1-2,100,90,2099/12/17 14:59:59,850010021,10,10,185001002,285001002,10
400,100840,0,2024/2/15 5:00:00,182100,215,10,385001003,85001003,85001,25015,0,25021,0,0,0,紫冥深域1-3,175,90,2099/12/17 14:59:59,850010031,10,10,185001003,285001003,10
550,100840,0,2024/2/15 5:00:00,182100,215,10,385001004,85001004,85001,25015,0,25021,0,0,0,紫冥深域1-4,50,90,2099/12/17 14:59:59,850010041,10,10,185001004,285001004,10
750,100840,0,2024/2/15 5:00:00,182100,215,10,385001005,85001005,85001,25015,0,25021,0,0,0,紫冥深域1-5,125,90,2099/12/17 14:59:59,850010051,10,10,185001005,285001005,10
950,100850,0,2024/2/15 5:00:00,182100,215,10,385001006,85001006,85001,25015,0,25021,0,0,0,紫冥深域1-6,200,90,2099/12/17 14:59:59,850010061,10,10,185001006,285001006,10
1100,100840,0,2024/2/15 5:00:00,182100,215,10,385001007,85001007,85001,25015,0,25021,0,0,0,紫冥深域1-7,25,90,2099/12/17 14:59:59,850010071,10,10,185001007,285001007,10
1300,100840,0,2024/2/15 5:00:00,182100,215,10,385001008,85001008,85001,25015,0,25021,0,0,0,紫冥深域1-8,100,90,2099/12/17 14:59:59,850010081,10,10,185001008,285001008,10
1500,100840,0,2024/2/15 5:00:00,182100,215,10,385001009,85001009,85001,25015,0,25021,0,0,0,紫冥深域1-9,175,90,2099/12/17 14:59:59,850010091,10,10,185001009,285001009,10
1750,85001,0,2024/2/15 5:00:00,182100,215,10,385001010,85001010,85001,25015,0,25021,0,0,0,紫冥深域1-10,50,90,2099/12/17 14:59:59,850010101,10,10,185001010,285001010,10
2000,100840,0,2024/2/15 5:00:00,182100,215,10,385001011,85001011,85001,25015,0,25021,0,0,0,紫冥深域2-1,25,90,2099/12/17 14:59:59,850010111,10,20,185001011,285001011,10
2200,100840,0,2024/2/15 5:00:00,182100,215,10,385001012,85001012,85001,25015,0,25021,0,0,0,紫冥深域2-2,100,90,2099/12/17 14:59:59,850010121,10,20,185001012,285001012,10
2400,100840,0,2024/2/15 5:00:00,182100,215,10,385001013,85001013,85001,25015,0,25021,0,0,0,紫冥深域2-3,175,90,2099/12/17 14:59:59,850010131,10,20,185001013,285001013,10
2550,100840,0,2024/2/15 5:00:00,182100,215,10,385001014,85001014,85001,25015,0,25021,0,0,0,紫冥深域2-4,50,90,2099/12/17 14:59:59,850010141,10,20,185001014,285001014,10
2750,100840,0,2024/2/15 5:00:00,182100,215,10,385001015,85001015,85001,25015,0,25021,0,0,0,紫冥深域2-5,125,90,2099/12/17 14:59:59,850010151,10,20,185001015,285001015,10
2950,100850,0,2024/2/15 5:00:00,182100,215,10,385001016,85001016,85001,25015,0,25021,0,0,0,紫冥深域2-6,200,90,2099/12/17 14:59:59,850010161,10,20,185001016,285001016,10
3100,100840,0,2024/2/15 5:00:00,182100,215,10,385001017,85001017,85001,25015,0,25021,0,0,0,紫冥深域2-7,25,90,2099/12/17 14:59:59,850010171,10,20,185001017,285001017,10
3300,100840,0,2024/2/15 5:00:00,182100,215,10,385001018,85001018,85001,25015,0,25021,0,0,0,紫冥深域2-8,100,90,2099/12/17 14:59:59,850010181,10,20,185001018,285001018,10
3500,100840,0,2024/2/15 5:00:00,182100,215,10,385001019,85001019,85001,25015,0,25021,0,0,0,紫冥深域2-9,175,90,2099/12/17 14:59:59,850010191,10,20,185001019,285001019,10
3750,85001,0,2024/2/15 5:00:00,182100,215,10,385001020,85001020,85001,25015,0,25021,0,0,0,紫冥深域2-10,50,90,2099/12/17 14:59:59,850010201,10,20,185001020,285001020,10
4000,100840,0,2024/2/15 5:00:00,182100,215,10,385001021,85001021,85001,25015,0,25021,0,0,0,紫冥深域3-1,25,90,2099/12/17 14:59:59,850010211,10,30,185001021,285001021,10
4200,100840,0,2024/2/15 5:00:00,182100,215,10,385001022,85001022,85001,25015,0,25021,0,0,0,紫冥深域3-2,100,90,2099/12/17 14:59:59,850010221,10,30,185001022,285001022,10
4400,100840,0,2024/2/15 5:00:00,182100,215,10,385001023,85001023,85001,25015,0,25021,0,0,0,紫冥深域3-3,175,90,2099/12/17 14:59:59,850010231,10,30,185001023,285001023,10
4550,100840,0,2024/2/15 5:00:00,182100,215,10,385001024,85001024,85001,25015,0,25021,0,0,0,紫冥深域3-4,50,90,2099/12/17 14:59:59,850010241,10,30,185001024,285001024,10
4750,100840,0,2024/2/15 5:00:00,182100,215,10,385001025,85001025,85001,25015,0,25021,0,0,0,紫冥深域3-5,125,90,2099/12/17 14:59:59,850010251,10,30,185001025,285001025,10
4950,100850,0,2024/2/15 5:00:00,182100,215,10,385001026,85001026,85001,25015,0,25021,0,0,0,紫冥深域3-6,200,90,2099/12/17 14:59:59,850010261,10,30,185001026,285001026,10
5100,100840,0,2024/2/15 5:00:00,182100,215,10,385001027,85001027,85001,25015,0,25021,0,0,0,紫冥深域3-7,25,90,2099/12/17 14:59:59,850010271,10,30,185001027,285001027,10
5300,100840,0,2024/2/15 5:00:00,182100,215,10,385001028,85001028,85001,25015,0,25021,0,0,0,紫冥深域3-8,100,90,2099/12/17 14:59:59,850010281,10,30,185001028,285001028,10
5500,100840,0,2024/2/15 5:00:00,182100,215,10,385001029,85001029,85001,25015,0,25021,0,0,0,紫冥深域3-9,175,90,2099/12/17 14:59:59,850010291,10,30,185001029,285001029,10
5750,85001,0,2024/2/15 5:00:00,182100,215,10,385001030,85001030,85001,25015,0,25021,0,0,0,紫冥深域3-10,50,90,2099/12/17 14:59:59,850010301,10,30,185001030,285001030,10
6000,100840,0,2024/2/15 5:00:00,182100,215,10,385001031,85001031,85001,25015,0,25021,0,0,0,紫冥深域4-1,25,90,2099/12/17 14:59:59,850010311,10,60,185001031,285001031,10
6200,100840,0,2024/2/15 5:00:00,182100,215,10,385001032,85001032,85001,25015,0,25021,0,0,0,紫冥深域4-2,100,90,2099/12/17 14:59:59,850010321,10,60,185001032,285001032,10
6400,100840,0,2024/2/15 5:00:00,182100,215,10,385001033,85001033,85001,25015,0,25021,0,0,0,紫冥深域4-3,175,90,2099/12/17 14:59:59,850010331,10,60,185001033,285001033,10
6550,100840,0,2024/2/15 5:00:00,182100,215,10,385001034,85001034,85001,25015,0,25021,0,0,0,紫冥深域4-4,50,90,2099/12/17 14:59:59,850010341,10,60,185001034,285001034,10
6750,100840,0,2024/2/15 5:00:00,182100,215,10,385001035,85001035,85001,25015,0,25021,0,0,0,紫冥深域4-5,125,90,2099/12/17 14:59:59,850010351,10,60,185001035,285001035,10
6950,100850,0,2024/2/15 5:00:00,182100,215,10,385001036,85001036,85001,25015,0,25021,0,0,0,紫冥深域4-6,200,90,2099/12/17 14:59:59,850010361,10,60,185001036,285001036,10
7100,100840,0,2024/2/15 5:00:00,182100,215,10,385001037,85001037,85001,25015,0,25021,0,0,0,紫冥深域4-7,25,90,2099/12/17 14:59:59,850010371,10,60,185001037,285001037,10
7300,100840,0,2024/2/15 5:00:00,182100,215,10,385001038,85001038,85001,25015,0,25021,0,0,0,紫冥深域4-8,100,90,2099/12/17 14:59:59,850010381,10,60,185001038,285001038,10
7500,100840,0,2024/2/15 5:00:00,182100,215,10,385001039,85001039,85001,25015,0,25021,0,0,0,紫冥深域4-9,175,90,2099/12/17 14:59:59,850010391,10,60,185001039,285001039,10
7750,85001,0,2024/2/15 5:00:00,182100,215,10,385001040,85001040,85001,25015,0,25021,0,0,0,紫冥深域4-10,50,90,2099/12/17 14:59:59,850010401,10,60,185001040,285001040,10
8000,100840,0,2024/2/15 5:00:00,182100,215,10,385001041,85001041,85001,25015,0,25021,0,0,0,紫冥深域5-1,25,90,2099/12/17 14:59:59,850010411,10,90,185001041,285001041,10
8200,100840,0,2024/2/15 5:00:00,182100,215,10,385001042,85001042,85001,25015,0,25021,0,0,0,紫冥深域5-2,100,90,2099/12/17 14:59:59,850010421,10,90,185001042,285001042,10
8400,100840,0,2024/2/15 5:00:00,182100,215,10,385001043,85001043,85001,25015,0,25021,0,0,0,紫冥深域5-3,175,90,2099/12/17 14:59:59,850010431,10,90,185001043,285001043,10
8550,100840,0,2024/2/15 5:00:00,182100,215,10,385001044,85001044,85001,25015,0,25021,0,0,0,紫冥深域5-4,50,90,2099/12/17 14:59:59,850010441,10,90,185001044,285001044,10
8750,100840,0,2024/2/15 5:00:00,182100,215,10,385001045,85001045,85001,25015,0,25021,0,0,0,紫冥深域5-5,125,90,2099/12/17 14:59:59,850010451,10,90,185001045,285001045,10
8950,100850,0,2024/2/15 5:00:00,182100,215,10,385001046,85001046,85001,25015,0,25021,0,0,0,紫冥深域5-6,200,90,2099/12/17 14:59:59,850010461,10,90,185001046,285001046,10
9100,100840,0,2024/2/15 5:00:00,182100,215,10,385001047,85001047,85001,25015,0,25021,0,0,0,紫冥深域5-7,25,90,2099/12/17 14:59:59,850010471,10,90,185001047,285001047,10
9300,100840,0,2024/2/15 5:00:00,182100,215,10,385001048,85001048,85001,25015,0,25021,0,0,0,紫冥深域5-8,100,90,2099/12/17 14:59:59,850010481,10,90,185001048,285001048,10
9500,100840,0,2024/2/15 5:00:00,182100,215,10,385001049,85001049,85001,25015,0,25021,0,0,0,紫冥深域5-9,175,90,2099/12/17 14:59:59,850010491,10,90,185001049,285001049,10
9750,85001,0,2024/2/15 5:00:00,182100,215,10,385001050,85001050,85001,25015,0,25021,0,0,0,紫冥深域5-10,50,90,2099/12/17 14:59:59,850010501,10,90,185001050,285001050,10
10000,100840,0,2024/2/15 5:00:00,182100,215,10,385001051,85001051,85001,25015,0,25021,0,0,0,紫冥深域6-1,25,90,2099/12/17 14:59:59,850010511,10,230,185001051,285001051,10
10200,100840,0,2024/2/15 5:00:00,182100,215,10,385001052,85001052,85001,25015,0,25021,0,0,0,紫冥深域6-2,100,90,2099/12/17 14:59:59,850010521,10,230,185001052,285001052,10
10400,100840,0,2024/2/15 5:00:00,182100,215,10,385001053,85001053,85001,25015,0,25021,0,0,0,紫冥深域6-3,175,90,2099/12/17 14:59:59,850010531,10,230,185001053,285001053,10
10550,100840,0,2024/2/15 5:00:00,182100,215,10,385001054,85001054,85001,25015,0,25021,0,0,0,紫冥深域6-4,50,90,2099/12/17 14:59:59,850010541,10,230,185001054,285001054,10
10750,100840,0,2024/2/15 5:00:00,182100,215,10,385001055,85001055,85001,25015,0,25021,0,0,0,紫冥深域6-5,125,90,2099/12/17 14:59:59,850010551,10,230,185001055,285001055,10
10950,100850,0,2024/2/15 5:00:00,182100,215,10,385001056,85001056,85001,25015,0,25021,0,0,0,紫冥深域6-6,200,90,2099/12/17 14:59:59,850010561,10,230,185001056,285001056,10
11100,100840,0,2024/2/15 5:00:00,182100,215,10,385001057,85001057,85001,25015,0,25021,0,0,0,紫冥深域6-7,25,90,2099/12/17 14:59:59,850010571,10,230,185001057,285001057,10
11300,100840,0,2024/2/15 5:00:00,182100,215,10,385001058,85001058,85001,25015,0,25021,0,0,0,紫冥深域6-8,100,90,2099/12/17 14:59:59,850010581,10,230,185001058,285001058,10
11500,100840,0,2024/2/15 5:00:00,182100,215,10,385001059,85001059,85001,25015,0,25021,0,0,0,紫冥深域6-9,175,90,2099/12/17 14:59:59,850010591,10,230,185001059,285001059,10
11750,85001,0,2024/2/15 5:00:00,182100,215,10,385001060,85001060,85001,25015,0,25021,0,0,0,紫冥深域6-10,50,90,2099/12/17 14:59:59,850010601,10,230,185001060,285001060,10
12000,100840,0,2024/2/15 5:00:00,182100,215,10,385001061,85001061,85001,25015,0,25021,0,0,0,紫冥深域7-1,25,90,2099/12/17 14:59:59,850010611,10,260,185001061,285001061,10
12200,100840,0,2024/2/15 5:00:00,182100,215,10,385001062,85001062,85001,25015,0,25021,0,0,0,紫冥深域7-2,100,90,2099/12/17 14:59:59,850010621,10,260,185001062,285001062,10
12400,100840,0,2024/2/15 5:00:00,182100,215,10,385001063,85001063,85001,25015,0,25021,0,0,0,紫冥深域7-3,175,90,2099/12/17 14:59:59,850010631,10,260,185001063,285001063,10
12550,100840,0,2024/2/15 5:00:00,182100,215,10,385001064,85001064,85001,25015,0,25021,0,0,0,紫冥深域7-4,50,90,2099/12/17 14:59:59,850010641,10,260,185001064,285001064,10
12750,100840,0,2024/2/15 5:00:00,182100,215,10,385001065,85001065,85001,25015,0,25021,0,0,0,紫冥深域7-5,125,90,2099/12/17 14:59:59,850010651,10,260,185001065,285001065,10
12950,100850,0,2024/2/15 5:00:00,182100,215,10,385001066,85001066,85001,25015,0,25021,0,0,0,紫冥深域7-6,200,90,2099/12/17 14:59:59,850010661,10,260,185001066,285001066,10
13100,100840,0,2024/2/15 5:00:00,182100,215,10,385001067,85001067,85001,25015,0,25021,0,0,0,紫冥深域7-7,25,90,2099/12/17 14:59:59,850010671,10,260,185001067,285001067,10
13300,100840,0,2024/2/15 5:00:00,182100,215,10,385001068,85001068,85001,25015,0,25021,0,0,0,紫冥深域7-8,100,90,2099/12/17 14:59:59,850010681,10,260,185001068,285001068,10
13500,100840,0,2024/2/15 5:00:00,182100,215,10,385001069,85001069,85001,25015,0,25021,0,0,0,紫冥深域7-9,175,90,2099/12/17 14:59:59,850010691,10,260,185001069,285001069,10
13750,85001,0,2024/2/15 5:00:00,182100,215,10,385001070,85001070,85001,25015,0,25021,0,0,0,紫冥深域7-10,50,90,2099/12/17 14:59:59,850010701,10,260,185001070,285001070,10
